series,cell_row,render_row_px,moment_kipft,status,run_first_cell,run_last_cell,run_first_render_col_px,run_last_render_col_px,n_cells,left_edge_covered,right_edge_covered,nominal_width_cells,centre_rule,centre_cell,centre_render_col_px,displacement_in,displacement_unc_in
1S2,325,2033,7.1224,hidden,,,,,,,,,,,,,
1S2,324,2027,14.8823,hidden,,,,,,,,,,,,,
1S2,323,2021,22.6422,hidden,,,,,,,,,,,,,
1S2,322,2014,31.6954,hidden,,,,,,,,,,,,,
1S2,321,2008,39.4553,hidden,,,,,,,,,,,,,
1S2,320,2002,47.2152,hidden,,,,,,,,,,,,,
1S2,319,1996,54.9751,hidden,,,,,,,,,,,,,
1S2,318,1989,64.0284,hidden,,,,,,,,,,,,,
1S2,317,1983,71.7883,hidden,,,,,,,,,,,,,
1S2,316,1977,79.5482,hidden,,,,,,,,,,,,,
1S2,315,1971,87.3081,hidden,,,,,,,,,,,,,
1S2,314,1964,96.3613,hidden,,,,,,,,,,,,,
1S2,313,1958,104.1212,hidden,,,,,,,,,,,,,
1S2,312,1952,111.8811,hidden,,,,,,,,,,,,,
1S2,311,1946,119.641,hidden,,,,,,,,,,,,,
1S2,310,1939,128.6942,hidden,,,,,,,,,,,,,
1S2,309,1933,136.4541,hidden,,,,,,,,,,,,,
1S2,308,1927,144.214,hidden,,,,,,,,,,,,,
1S2,307,1921,151.9739,hidden,,,,,,,,,,,,,
1S2,306,1914,161.0271,hidden,,,,,,,,,,,,,
1S2,305,1908,168.787,hidden,,,,,,,,,,,,,
1S2,304,1902,176.5469,hidden,,,,,,,,,,,,,
1S2,303,1896,184.3068,hidden,,,,,,,,,,,,,
1S2,302,1889,193.3601,hidden,,,,,,,,,,,,,
1S2,301,1883,201.12,hidden,,,,,,,,,,,,,
1S2,300,1877,208.8799,hidden,,,,,,,,,,,,,
1S2,299,1871,216.6398,hidden,,,,,,,,,,,,,
1S2,298,1864,225.693,hidden,,,,,,,,,,,,,
1S2,297,1858,233.4529,hidden,,,,,,,,,,,,,
1S2,296,1852,241.2128,hidden,,,,,,,,,,,,,
1S2,295,1846,248.9727,visible,86,86,537.3507,542.599,1,True,False,2.0,right edge minus half width,85.5,536.8507,0.1117,0.0252
1S2,294,1839,258.0259,hidden,,,,,,,,,,,,,
1S2,293,1833,265.7858,hidden,,,,,,,,,,,,,
1S2,292,1827,273.5457,hidden,,,,,,,,,,,,,
1S2,291,1821,281.3056,hidden,,,,,,,,,,,,,
1S2,290,1814,290.3588,hidden,,,,,,,,,,,,,
1S2,289,1808,298.1187,hidden,,,,,,,,,,,,,
1S2,288,1802,305.8786,hidden,,,,,,,,,,,,,
1S2,287,1796,313.6385,hidden,,,,,,,,,,,,,
1S2,286,1789,322.6918,hidden,,,,,,,,,,,,,
1S2,285,1783,330.4517,hidden,,,,,,,,,,,,,
1S2,284,1777,338.2116,hidden,,,,,,,,,,,,,
1S2,283,1771,345.9715,hidden,,,,,,,,,,,,,
1S2,282,1764,355.0247,hidden,,,,,,,,,,,,,
1S2,281,1758,362.7846,hidden,,,,,,,,,,,,,
1S2,280,1752,370.5445,visible,90,90,562.3438,567.592,1,True,True,2.0,"both edges covered, run centre",90.0,564.9679,0.2066,0.0305
1S2,279,1746,378.3044,hidden,,,,,,,,,,,,,
1S2,278,1739,387.3576,hidden,,,,,,,,,,,,,
1S2,277,1733,395.1175,hidden,,,,,,,,,,,,,
1S2,276,1727,402.8774,hidden,,,,,,,,,,,,,
1S2,275,1721,410.6373,hidden,,,,,,,,,,,,,
1S2,274,1714,419.6905,visible,92,92,574.8403,580.0885,1,True,False,2.0,right edge minus half width,91.5,574.3403,0.2383,0.0252
1S2,273,1708,427.4504,hidden,,,,,,,,,,,,,
1S2,272,1702,435.2103,hidden,,,,,,,,,,,,,
1S2,271,1696,442.9702,hidden,,,,,,,,,,,,,
1S2,270,1689,452.0234,hidden,,,,,,,,,,,,,
1S2,269,1683,459.7833,hidden,,,,,,,,,,,,,
1S2,268,1677,467.5433,hidden,,,,,,,,,,,,,
1S2,267,1671,475.3032,hidden,,,,,,,,,,,,,
1S2,266,1664,484.3564,hidden,,,,,,,,,,,,,
1S2,265,1658,492.1163,hidden,,,,,,,,,,,,,
1S2,264,1652,499.8762,hidden,,,,,,,,,,,,,
1S2,263,1646,507.6361,hidden,,,,,,,,,,,,,
1S2,262,1639,516.6893,hidden,,,,,,,,,,,,,
1S2,261,1633,524.4492,hidden,,,,,,,,,,,,,
1S2,260,1627,532.2091,hidden,,,,,,,,,,,,,
1S2,259,1621,539.969,hidden,,,,,,,,,,,,,
1S2,258,1614,549.0222,hidden,,,,,,,,,,,,,
1S2,257,1608,556.7821,hidden,,,,,,,,,,,,,
1S2,256,1602,564.542,hidden,,,,,,,,,,,,,
1S2,255,1596,572.3019,hidden,,,,,,,,,,,,,
1S2,254,1589,581.3551,visible,96,96,599.8333,605.0816,1,True,True,2.0,"both edges covered, run centre",96.0,602.4575,0.3332,0.0305
1S2,253,1583,589.115,hidden,,,,,,,,,,,,,
1S2,252,1577,596.8749,hidden,,,,,,,,,,,,,
1S2,251,1571,604.6348,visible,97,97,606.0816,611.3299,1,True,True,2.0,"both edges covered, run centre",97.0,608.7057,0.3543,0.0305
1S2,250,1564,613.6881,visible,97,97,606.0816,611.3299,1,True,True,2.0,"both edges covered, run centre",97.0,608.7057,0.3543,0.0305
1S2,249,1558,621.448,hidden,,,,,,,,,,,,,
1S2,248,1552,629.2079,visible,98,98,612.3299,617.5781,1,False,True,2.0,left edge plus half width,98.5,618.0781,0.386,0.0252
1S2,247,1546,636.9678,visible,98,98,612.3299,617.5781,1,True,True,2.0,"both edges covered, run centre",98.0,614.954,0.3754,0.0305
1S2,246,1539,646.021,hidden,,,,,,,,,,,,,
1S2,245,1533,653.7809,visible,99,99,618.5781,623.8264,1,True,True,2.0,"both edges covered, run centre",99.0,621.2023,0.3965,0.0305
1S2,244,1527,661.5408,visible,99,99,618.5781,623.8264,1,True,True,2.0,"both edges covered, run centre",99.0,621.2023,0.3965,0.0305
1S2,243,1521,669.3007,visible,99,99,618.5781,623.8264,1,True,False,2.0,right edge minus half width,98.5,618.0781,0.386,0.0252
1S2,242,1514,678.3539,visible,100,100,624.8264,630.0747,1,True,True,2.0,"both edges covered, run centre",100.0,627.4505,0.4176,0.0305
1S2,241,1508,686.1138,visible,100,100,624.8264,630.0747,1,True,True,2.0,"both edges covered, run centre",100.0,627.4505,0.4176,0.0305
1S2,240,1502,693.8737,visible,100,100,624.8264,630.0747,1,True,True,2.0,"both edges covered, run centre",100.0,627.4505,0.4176,0.0305
1S2,239,1496,701.6336,hidden,,,,,,,,,,,,,
1S2,238,1490,709.3935,visible,101,101,631.0747,636.3229,1,True,True,2.0,"both edges covered, run centre",101.0,633.6988,0.4387,0.0305
1S2,237,1483,718.4467,hidden,,,,,,,,,,,,,
1S2,236,1477,726.2066,hidden,,,,,,,,,,,,,
1S2,235,1471,733.9665,hidden,,,,,,,,,,,,,
1S2,234,1465,741.7264,hidden,,,,,,,,,,,,,
1S2,233,1458,750.7797,hidden,,,,,,,,,,,,,
1S2,232,1452,758.5396,hidden,,,,,,,,,,,,,
1S2,231,1446,766.2995,hidden,,,,,,,,,,,,,
1S2,230,1440,774.0594,hidden,,,,,,,,,,,,,
1S2,229,1433,783.1126,hidden,,,,,,,,,,,,,
1S2,228,1427,790.8725,hidden,,,,,,,,,,,,,
1S2,227,1421,798.6324,hidden,,,,,,,,,,,,,
1S2,226,1415,806.3923,hidden,,,,,,,,,,,,,
1S2,225,1408,815.4455,hidden,,,,,,,,,,,,,
1S2,224,1402,823.2054,hidden,,,,,,,,,,,,,
1S2,223,1396,830.9653,visible,104,104,649.8194,655.0677,1,False,True,1.0,run centre,104.0,652.4436,0.502,0.02
1S2,222,1390,838.7252,visible,105,105,656.0677,661.316,1,False,True,1.0,run centre,105.0,658.6918,0.5231,0.02
1S2,221,1383,847.7784,visible,105,105,656.0677,661.316,1,False,True,1.0,run centre,105.0,658.6918,0.5231,0.02
1S2,220,1377,855.5383,visible,105,105,656.0677,661.316,1,False,False,1.0,run centre,105.0,658.6918,0.5231,0.02
1S2,219,1371,863.2982,visible,105,106,656.0677,667.5642,2,False,True,1.0,run centre,105.5359,662.0401,0.5344,0.02
1S2,218,1365,871.0581,visible,106,106,662.316,667.5642,1,False,False,1.0,run centre,106.0,664.9401,0.5442,0.02
1S2,217,1358,880.1114,visible,106,107,662.316,673.8125,2,False,False,1.0,run centre,106.5359,668.2884,0.5555,0.02
1S2,216,1352,887.8713,visible,107,107,668.5642,673.8125,1,False,False,1.0,run centre,107.0,671.1884,0.5653,0.02
1S2,215,1346,895.6312,visible,107,107,668.5642,673.8125,1,False,False,1.0,run centre,107.0,671.1884,0.5653,0.02
1S2,214,1340,903.3911,visible,107,107,668.5642,673.8125,1,False,False,1.0,run centre,107.0,671.1884,0.5653,0.02
1S2,213,1333,912.4443,visible,107,107,668.5642,673.8125,1,False,False,1.0,run centre,107.0,671.1884,0.5653,0.02
1S2,212,1327,920.2042,visible,107,108,668.5642,680.0608,2,False,False,1.0,run centre,107.4799,674.1869,0.5754,0.02
1S2,211,1321,927.9641,visible,108,108,674.8125,680.0608,1,False,False,1.0,run centre,108.0,677.4366,0.5864,0.02
1S2,210,1315,935.724,visible,108,108,674.8125,680.0608,1,False,False,1.0,run centre,108.0,677.4366,0.5864,0.02
1S2,209,1308,944.7772,visible,108,109,674.8125,686.309,2,False,False,1.0,run centre,108.4799,680.4352,0.5965,0.02
1S2,208,1302,952.5371,visible,109,110,681.0608,692.5573,2,False,False,1.0,run centre,109.4799,686.6834,0.6176,0.02
1S2,207,1296,960.297,visible,110,110,687.309,692.5573,1,False,False,1.0,run centre,110.0,689.9332,0.6286,0.02
1S2,206,1290,968.0569,visible,110,110,687.309,692.5573,1,False,False,1.0,run centre,110.0,689.9332,0.6286,0.02
1S2,205,1283,977.1101,visible,110,110,687.309,692.5573,1,False,False,1.0,run centre,110.0,689.9332,0.6286,0.02
1S2,204,1277,984.87,visible,110,111,687.309,698.8056,2,False,False,1.0,run centre,110.4799,692.9317,0.6387,0.02
1S2,203,1271,992.6299,visible,111,111,693.5573,698.8056,1,False,False,1.0,run centre,111.0,696.1814,0.6497,0.02
1S2,202,1265,1000.3898,visible,111,111,693.5573,698.8056,1,False,False,1.0,run centre,111.0,696.1814,0.6497,0.02
1S2,201,1258,1009.443,visible,111,111,693.5573,698.8056,1,False,False,1.0,run centre,111.0,696.1814,0.6497,0.02
1S2,200,1252,1017.203,visible,111,112,693.5573,705.0538,2,False,False,1.0,run centre,111.4799,699.18,0.6598,0.02
1S2,199,1246,1024.9629,visible,112,112,699.8056,705.0538,1,False,False,1.0,run centre,112.0,702.4297,0.6708,0.02
1S2,198,1240,1032.7228,visible,112,112,699.8056,705.0538,1,False,False,1.0,run centre,112.0,702.4297,0.6708,0.02
1S2,197,1233,1041.776,visible,112,113,699.8056,711.3021,2,False,False,1.0,run centre,112.4799,705.4282,0.6809,0.02
1S2,196,1227,1049.5359,visible,113,113,706.0538,711.3021,1,False,False,1.0,run centre,113.0,708.678,0.6919,0.02
1S2,195,1221,1057.2958,visible,113,113,706.0538,711.3021,1,False,False,1.0,run centre,113.0,708.678,0.6919,0.02
1S2,194,1215,1065.0557,visible,113,114,706.0538,717.5503,2,False,False,1.0,run centre,113.4799,711.6765,0.702,0.02
1S2,193,1208,1074.1089,visible,114,114,712.3021,717.5503,1,False,False,1.0,run centre,114.0,714.9262,0.713,0.02
1S2,192,1202,1081.8688,visible,114,114,712.3021,717.5503,1,False,False,1.0,run centre,114.0,714.9262,0.713,0.02
1S2,191,1196,1089.6287,visible,114,115,712.3021,723.7986,2,False,False,1.0,run centre,114.4799,717.9248,0.7231,0.02
1S2,190,1190,1097.3886,visible,115,115,718.5503,723.7986,1,False,False,1.0,run centre,115.0,721.1745,0.7341,0.02
1S2,189,1183,1106.4418,visible,115,115,718.5503,723.7986,1,False,False,1.0,run centre,115.0,721.1745,0.7341,0.02
1S2,188,1177,1114.2017,visible,115,116,718.5503,730.0469,2,False,False,1.0,run centre,115.4799,724.173,0.7442,0.02
1S2,187,1171,1121.9616,visible,116,116,724.7986,730.0469,1,False,False,1.0,run centre,116.0,727.4227,0.7551,0.02
1S2,186,1165,1129.7215,visible,116,117,724.7986,736.2951,2,False,False,1.0,run centre,116.4799,730.4213,0.7653,0.02
1S2,185,1158,1138.7747,visible,117,117,731.0469,736.2951,1,False,False,1.0,run centre,117.0,733.671,0.7762,0.02
1S2,184,1152,1146.5346,visible,117,117,731.0469,736.2951,1,False,False,1.0,run centre,117.0,733.671,0.7762,0.02
1S2,183,1146,1154.2945,visible,117,118,731.0469,742.5434,2,False,False,1.0,run centre,117.4799,736.6695,0.7864,0.02
1S2,182,1140,1162.0544,visible,118,118,737.2951,742.5434,1,False,False,1.0,run centre,118.0,739.9193,0.7973,0.02
1S2,181,1133,1171.1077,visible,118,118,737.2951,742.5434,1,False,False,1.0,run centre,118.0,739.9193,0.7973,0.02
1S2,180,1127,1178.8676,visible,118,119,737.2951,748.7917,2,False,False,1.0,run centre,118.4799,742.9178,0.8075,0.02
1S2,179,1121,1186.6275,visible,119,119,743.5434,748.7917,1,False,False,1.0,run centre,119.0,746.1675,0.8184,0.02
1S2,178,1115,1194.3874,visible,119,120,743.5434,755.0399,2,False,False,1.0,run centre,119.4799,749.1661,0.8286,0.02
1S2,177,1108,1203.4406,visible,120,120,749.7917,755.0399,1,False,False,1.0,run centre,120.0,752.4158,0.8395,0.02
1S2,176,1102,1211.2005,visible,120,121,749.7917,761.2882,2,False,False,1.0,run centre,120.5359,755.7641,0.8508,0.02
1S2,175,1096,1218.9604,visible,121,121,756.0399,761.2882,1,False,False,1.0,run centre,121.0,758.6641,0.8606,0.02
1S2,174,1090,1226.7203,visible,121,121,756.0399,761.2882,1,False,False,1.0,run centre,121.0,758.6641,0.8606,0.02
1S2,173,1083,1235.7735,visible,122,122,762.2882,767.5365,1,False,False,1.0,run centre,122.0,764.9123,0.8817,0.02
1S1,325,2033,7.1224,hidden,,,,,,,,,,,,,
1S1,324,2027,14.8823,hidden,,,,,,,,,,,,,
1S1,323,2021,22.6422,hidden,,,,,,,,,,,,,
1S1,322,2014,31.6954,hidden,,,,,,,,,,,,,
1S1,321,2008,39.4553,hidden,,,,,,,,,,,,,
1S1,320,2002,47.2152,hidden,,,,,,,,,,,,,
1S1,319,1996,54.9751,hidden,,,,,,,,,,,,,
1S1,318,1989,64.0284,hidden,,,,,,,,,,,,,
1S1,317,1983,71.7883,hidden,,,,,,,,,,,,,
1S1,316,1977,79.5482,hidden,,,,,,,,,,,,,
1S1,315,1971,87.3081,hidden,,,,,,,,,,,,,
1S1,314,1964,96.3613,hidden,,,,,,,,,,,,,
1S1,313,1958,104.1212,hidden,,,,,,,,,,,,,
1S1,312,1952,111.8811,hidden,,,,,,,,,,,,,
1S1,311,1946,119.641,hidden,,,,,,,,,,,,,
1S1,310,1939,128.6942,hidden,,,,,,,,,,,,,
1S1,309,1933,136.4541,hidden,,,,,,,,,,,,,
1S1,308,1927,144.214,hidden,,,,,,,,,,,,,
1S1,307,1921,151.9739,hidden,,,,,,,,,,,,,
1S1,306,1914,161.0271,visible,83,83,518.6059,523.8542,1,True,False,1.0,run centre,83.0,521.23,0.059,0.02
1S1,305,1908,168.787,visible,83,83,518.6059,523.8542,1,True,True,1.0,run centre,83.0,521.23,0.059,0.02
1S1,304,1902,176.5469,hidden,,,,,,,,,,,,,
1S1,303,1896,184.3068,hidden,,,,,,,,,,,,,
1S1,302,1889,193.3601,visible,84,84,524.8542,530.1024,1,True,False,1.0,run centre,84.0,527.4783,0.0801,0.02
1S1,301,1883,201.12,visible,84,84,524.8542,530.1024,1,True,True,1.0,run centre,84.0,527.4783,0.0801,0.02
1S1,300,1877,208.8799,visible,84,84,524.8542,530.1024,1,True,False,1.0,run centre,84.0,527.4783,0.0801,0.02
1S1,299,1871,216.6398,hidden,,,,,,,,,,,,,
1S1,298,1864,225.693,visible,85,85,531.1024,536.3507,1,False,False,1.0,run centre,85.0,533.7266,0.1012,0.02
1S1,297,1858,233.4529,visible,85,85,531.1024,536.3507,1,False,True,1.0,run centre,85.0,533.7266,0.1012,0.02
1S1,296,1852,241.2128,visible,85,85,531.1024,536.3507,1,False,False,1.0,run centre,85.0,533.7266,0.1012,0.02
1S1,295,1846,248.9727,visible,85,85,531.1024,536.3507,1,True,False,1.0,run centre,85.0,533.7266,0.1012,0.02
1S1,294,1839,258.0259,visible,86,86,537.3507,542.599,1,False,False,1.0,run centre,86.0,539.9748,0.1223,0.02
1S1,293,1833,265.7858,visible,86,86,537.3507,542.599,1,False,True,1.0,run centre,86.0,539.9748,0.1223,0.02
1S1,292,1827,273.5457,visible,86,86,537.3507,542.599,1,False,False,1.0,run centre,86.0,539.9748,0.1223,0.02
1S1,291,1821,281.3056,visible,87,87,543.599,548.8472,1,False,False,1.0,run centre,87.0,546.2231,0.1433,0.02
1S1,290,1814,290.3588,visible,87,87,543.599,548.8472,1,False,True,1.0,run centre,87.0,546.2231,0.1433,0.02
1S1,289,1808,298.1187,visible,87,87,543.599,548.8472,1,False,False,1.0,run centre,87.0,546.2231,0.1433,0.02
1S1,288,1802,305.8786,visible,87,87,543.599,548.8472,1,False,False,1.0,run centre,87.0,546.2231,0.1433,0.02
1S1,287,1796,313.6385,visible,87,88,543.599,555.0955,2,False,False,1.0,run centre,87.5932,549.9293,0.1559,0.02
1S1,286,1789,322.6918,visible,88,88,549.8472,555.0955,1,False,True,1.0,run centre,88.0,552.4714,0.1644,0.02
1S1,285,1783,330.4517,visible,88,88,549.8472,555.0955,1,False,False,1.0,run centre,88.0,552.4714,0.1644,0.02
1S1,284,1777,338.2116,visible,88,89,549.8472,561.3438,2,False,True,1.0,run centre,88.4969,555.5763,0.1749,0.02
1S1,283,1771,345.9715,visible,88,89,549.8472,561.3438,2,False,False,1.0,run centre,88.5932,556.1776,0.177,0.02
1S1,282,1764,355.0247,visible,89,89,556.0955,561.3438,1,False,True,1.0,run centre,89.0,558.7196,0.1855,0.02
1S1,281,1758,362.7846,visible,89,89,556.0955,561.3438,1,False,False,1.0,run centre,89.0,558.7196,0.1855,0.02
1S1,280,1752,370.5445,visible,89,89,556.0955,561.3438,1,False,False,1.0,run centre,89.0,558.7196,0.1855,0.02
1S1,279,1746,378.3044,visible,89,90,556.0955,567.592,2,False,False,1.0,run centre,89.5802,562.345,0.1978,0.02
1S1,278,1739,387.3576,visible,90,90,562.3438,567.592,1,False,True,1.0,run centre,90.0,564.9679,0.2066,0.02
1S1,277,1733,395.1175,visible,90,90,562.3438,567.592,1,False,False,1.0,run centre,90.0,564.9679,0.2066,0.02
1S1,276,1727,402.8774,visible,90,91,562.3438,573.8403,2,False,True,1.0,run centre,90.4969,568.0729,0.2171,0.02
1S1,275,1721,410.6373,visible,90,91,562.3438,573.8403,2,False,False,1.5,run centre,90.6047,568.7463,0.2194,0.02
1S1,274,1714,419.6905,visible,91,91,568.592,573.8403,1,False,False,1.5,run centre,91.0,571.2161,0.2277,0.02
1S1,273,1708,427.4504,visible,91,92,568.592,580.0885,2,False,True,1.5,run centre,91.5802,574.8415,0.24,0.02
1S1,272,1702,435.2103,visible,92,92,574.8403,580.0885,1,False,True,2.0,left edge plus half width,92.5,580.5885,0.2594,0.0252
1S1,271,1696,442.9702,visible,92,92,574.8403,580.0885,1,False,True,2.0,left edge plus half width,92.5,580.5885,0.2594,0.0252
1S1,270,1689,452.0234,visible,92,92,574.8403,580.0885,1,False,False,2.0,run centre,92.0,577.4644,0.2488,0.02
1S1,269,1683,459.7833,visible,92,93,574.8403,586.3368,2,False,False,2.0,run centre,92.4969,580.5694,0.2593,0.02
1S1,268,1677,467.5433,visible,92,93,574.8403,586.3368,2,False,True,2.0,run centre,92.5,580.5885,0.2594,0.02
1S1,267,1671,475.3032,visible,92,93,574.8403,586.3368,2,True,False,2.0,run centre,92.5932,581.1706,0.2613,0.02
1S1,266,1664,484.3564,visible,93,94,581.0885,592.5851,2,False,True,2.0,run centre,93.4962,586.8131,0.2804,0.02
1S1,265,1658,492.1163,visible,93,94,581.0885,592.5851,2,False,False,2.0,run centre,93.5932,587.4189,0.2824,0.02
1S1,264,1652,499.8762,visible,94,94,587.3368,592.5851,1,False,False,2.0,run centre,94.0,589.9609,0.291,0.02
1S1,263,1646,507.6361,visible,94,95,587.3368,598.8333,2,False,False,2.0,run centre,94.5,593.0851,0.3016,0.02
1S1,262,1639,516.6893,visible,95,96,593.5851,605.0816,2,False,False,2.0,run centre,95.3597,598.4567,0.3197,0.02
1S1,261,1633,524.4492,visible,95,96,593.5851,605.0816,2,False,True,2.0,run centre,95.4918,599.2822,0.3225,0.02
1S1,260,1627,532.2091,visible,95,96,593.5851,605.0816,2,False,True,2.0,run centre,95.5,599.3333,0.3227,0.02
1S1,259,1621,539.969,visible,95,96,593.5851,605.0816,2,False,False,2.0,run centre,95.5,599.3333,0.3227,0.02
1S1,258,1614,549.0222,visible,95,96,593.5851,605.0816,2,False,False,2.0,run centre,95.5,599.3333,0.3227,0.02
1S1,257,1608,556.7821,visible,95,97,593.5851,611.3299,3,True,True,2.0,run centre,96.0982,603.0711,0.3353,0.02
1S1,256,1602,564.542,visible,96,97,599.8333,611.3299,2,False,True,2.0,run centre,96.5,605.5816,0.3438,0.02
1S1,255,1596,572.3019,visible,97,97,606.0816,611.3299,1,False,False,2.0,run centre,97.0,608.7057,0.3543,0.02
1S1,254,1589,581.3551,visible,97,98,606.0816,617.5781,2,False,False,2.0,run centre,97.5,611.8299,0.3649,0.02
1S1,253,1583,589.115,visible,97,98,606.0816,617.5781,2,False,True,2.0,run centre,97.5,611.8299,0.3649,0.02
1S1,252,1577,596.8749,visible,98,98,612.3299,617.5781,1,False,False,2.0,run centre,98.0,614.954,0.3754,0.02
1S1,251,1571,604.6348,visible,98,99,612.3299,623.8264,2,False,False,2.0,run centre,98.4969,618.059,0.3859,0.02
1S1,250,1564,613.6881,visible,98,99,612.3299,623.8264,2,False,True,2.0,run centre,98.5,618.0781,0.386,0.02
1S1,249,1558,621.448,visible,99,99,618.5781,623.8264,1,False,True,2.0,left edge plus half width,99.5,624.3264,0.4071,0.0252
1S1,248,1552,629.2079,visible,99,99,618.5781,623.8264,1,False,False,2.0,run centre,99.0,621.2023,0.3965,0.02
1S1,247,1546,636.9678,visible,99,100,618.5781,630.0747,2,False,True,2.0,run centre,99.5,624.3264,0.4071,0.02
1S1,246,1539,646.021,visible,100,100,624.8264,630.0747,1,False,False,2.0,run centre,100.0,627.4505,0.4176,0.02
1S1,245,1533,653.7809,visible,100,101,624.8264,636.3229,2,False,True,2.0,run centre,100.4969,630.5555,0.4281,0.02
1S1,244,1527,661.5408,visible,100,101,624.8264,636.3229,2,False,False,2.0,run centre,100.5,630.5747,0.4282,0.02
1S1,243,1521,669.3007,visible,101,101,631.0747,636.3229,1,False,True,2.0,left edge plus half width,101.5,636.8229,0.4492,0.0252
1S1,242,1514,678.3539,visible,101,101,631.0747,636.3229,1,False,False,2.0,run centre,101.0,633.6988,0.4387,0.02
1S1,241,1508,686.1138,visible,101,102,631.0747,642.5712,2,False,False,2.0,run centre,101.5,636.8229,0.4492,0.02
1S1,240,1502,693.8737,visible,101,102,631.0747,642.5712,2,False,False,2.0,run centre,101.6544,637.7879,0.4525,0.02
1S1,239,1496,701.6336,visible,102,102,637.3229,642.5712,1,False,False,2.0,run centre,102.0,639.947,0.4598,0.02
1S1,238,1490,709.3935,visible,102,103,637.3229,648.8194,2,False,False,2.0,run centre,102.5,643.0712,0.4703,0.02
1S1,237,1483,718.4467,visible,102,104,637.3229,655.0677,3,True,True,2.0,run centre,103.0949,646.7883,0.4829,0.02
1S1,236,1477,726.2066,visible,103,104,643.5712,655.0677,2,False,False,2.0,run centre,103.5,649.3194,0.4914,0.02
1S1,235,1471,733.9665,visible,103,105,643.5712,661.316,3,False,True,2.0,run centre,103.9959,652.4181,0.5019,0.02
1S1,234,1465,741.7264,visible,103,105,643.5712,661.316,3,True,False,2.0,run centre,104.1305,653.259,0.5047,0.02
1S1,233,1458,750.7797,visible,104,105,649.8194,661.316,2,False,True,2.0,run centre,104.5,655.5677,0.5125,0.02
1S1,232,1452,758.5396,visible,104,106,649.8194,667.5642,3,True,True,2.0,run centre,105.0949,659.2849,0.5251,0.02
1S1,231,1446,766.2995,visible,105,106,656.0677,667.5642,2,False,True,2.0,run centre,105.5,661.816,0.5336,0.02
1S1,230,1440,774.0594,visible,105,106,656.0677,667.5642,2,False,False,2.0,run centre,105.5,661.816,0.5336,0.02
1S1,229,1433,783.1126,visible,105,107,656.0677,673.8125,3,True,True,2.0,run centre,105.9563,664.667,0.5433,0.02
1S1,228,1427,790.8725,visible,105,107,656.0677,673.8125,3,True,False,2.0,run centre,106.1476,665.8621,0.5473,0.02
1S1,227,1421,798.6324,visible,106,107,662.316,673.8125,2,True,False,2.0,run centre,106.5,668.0642,0.5547,0.02
1S1,226,1415,806.3923,visible,106,108,662.316,680.0608,3,True,True,2.0,run centre,106.9563,670.9152,0.5644,0.02
1S1,225,1408,815.4455,visible,106,108,662.316,680.0608,3,True,True,2.0,run centre,107.1476,672.1104,0.5684,0.02
1S1,224,1402,823.2054,visible,108,108,674.8125,680.0608,1,True,False,2.0,right edge minus half width,107.5,674.3125,0.5758,0.0252
1S1,223,1396,830.9653,visible,108,109,674.8125,686.309,2,True,True,2.0,run centre,108.4751,680.4049,0.5964,0.02
1S1,222,1390,838.7252,visible,108,109,674.8125,686.309,2,True,False,2.0,run centre,108.5011,680.5676,0.5969,0.02
1S1,221,1383,847.7784,visible,109,110,681.0608,692.5573,2,True,True,2.0,run centre,109.4725,686.637,0.6174,0.02
1S1,220,1377,855.5383,hidden,,,,,,,,,,,,,
1S1,219,1371,863.2982,hidden,,,,,,,,,,,,,
1S1,218,1365,871.0581,visible,109,109,681.0608,686.309,1,False,True,2.0,left edge plus half width,109.5,686.809,0.618,0.0252
1S1,217,1358,880.1114,hidden,,,,,,,,,,,,,
1S1,216,1352,887.8713,visible,113,113,706.0538,711.3021,1,True,True,2.0,"both edges covered, run centre",113.0,708.678,0.6919,0.0305
1S1,215,1346,895.6312,visible,113,113,706.0538,711.3021,1,True,True,2.0,"both edges covered, run centre",113.0,708.678,0.6919,0.0305
1S1,214,1340,903.3911,hidden,,,,,,,,,,,,,
1S1,213,1333,912.4443,visible,114,114,712.3021,717.5503,1,True,False,2.0,right edge minus half width,113.5,711.8021,0.7024,0.0252
1S1,212,1327,920.2042,visible,115,115,718.5503,723.7986,1,True,False,2.0,right edge minus half width,114.5,718.0503,0.7235,0.0252
1S1,211,1321,927.9641,visible,115,115,718.5503,723.7986,1,True,False,2.0,right edge minus half width,114.5,718.0503,0.7235,0.0252
1S1,210,1315,935.724,visible,116,116,724.7986,730.0469,1,True,True,2.0,"both edges covered, run centre",116.0,727.4227,0.7551,0.0305
1S1,209,1308,944.7772,visible,116,116,724.7986,730.0469,1,True,False,2.0,right edge minus half width,115.5,724.2986,0.7446,0.0252
1S1,208,1302,952.5371,visible,117,117,731.0469,736.2951,1,True,True,2.0,"both edges covered, run centre",117.0,733.671,0.7762,0.0305
1S1,207,1296,960.297,visible,117,117,731.0469,736.2951,1,True,False,2.0,right edge minus half width,116.5,730.5469,0.7657,0.0252
1S1,206,1290,968.0569,visible,117,117,731.0469,736.2951,1,True,False,2.0,right edge minus half width,116.5,730.5469,0.7657,0.0252
1S1,205,1283,977.1101,visible,118,118,737.2951,742.5434,1,True,True,1.0,run centre,118.0,739.9193,0.7973,0.02
1S1,204,1277,984.87,hidden,,,,,,,,,,,,,
1S1,203,1271,992.6299,hidden,,,,,,,,,,,,,
1S1,202,1265,1000.3898,hidden,,,,,,,,,,,,,
1S1,201,1258,1009.443,hidden,,,,,,,,,,,,,
1S1,200,1252,1017.203,hidden,,,,,,,,,,,,,
1S1,199,1246,1024.9629,hidden,,,,,,,,,,,,,
1S1,198,1240,1032.7228,visible,119,119,743.5434,748.7917,1,False,True,2.0,left edge plus half width,119.5,749.2917,0.829,0.0252
1S1,197,1233,1041.776,hidden,,,,,,,,,,,,,
1S1,196,1227,1049.5359,hidden,,,,,,,,,,,,,
1S1,195,1221,1057.2958,hidden,,,,,,,,,,,,,
1S1,194,1215,1065.0557,hidden,,,,,,,,,,,,,
1S1,193,1208,1074.1089,visible,123,123,768.5365,773.7847,1,False,False,2.0,run centre,123.0,771.1606,0.9028,0.02
1S1,192,1202,1081.8688,visible,123,124,768.5365,780.033,2,False,True,2.0,run centre,123.6544,775.2497,0.9166,0.02
1S1,191,1196,1089.6287,visible,124,125,774.7847,786.2812,2,False,False,2.0,run centre,124.6542,781.4964,0.9377,0.02
1S1,190,1190,1097.3886,visible,125,126,781.033,792.5295,2,False,True,2.0,run centre,125.6047,787.4355,0.9578,0.02
1S1,189,1183,1106.4418,visible,126,126,787.2812,792.5295,1,False,True,2.0,left edge plus half width,126.5,793.0295,0.9767,0.0252
1S1,188,1177,1114.2017,visible,126,127,787.2812,798.7778,2,False,False,2.5,run centre,126.6542,793.9929,0.9799,0.02
1S1,187,1171,1121.9616,visible,127,128,793.5295,805.026,2,False,False,2.5,run centre,127.5,799.2778,0.9978,0.02
1S1,186,1165,1129.7215,visible,127,129,793.5295,811.2743,3,False,True,3.0,run centre,128.1867,803.5684,1.0122,0.02
1S1,185,1158,1138.7747,visible,128,130,799.7778,817.5226,3,False,True,3.0,run centre,129.1863,809.8145,1.0333,0.02
1S1,184,1152,1146.5346,visible,129,131,806.026,823.7708,3,False,True,3.0,run centre,130.1863,816.0628,1.0544,0.02
1S1,183,1146,1154.2945,visible,131,132,818.5226,830.0191,2,False,False,3.0,run centre,131.5,824.2708,1.0821,0.02
1S1,182,1140,1162.0544,visible,131,133,818.5226,836.2674,3,False,True,3.0,run centre,132.0,827.395,1.0927,0.02
1S1,181,1133,1171.1077,visible,131,133,818.5226,836.2674,3,False,False,3.0,run centre,132.1867,828.5615,1.0966,0.02
1S1,180,1127,1178.8676,visible,133,135,831.0191,848.7639,3,False,False,3.0,run centre,134.0982,840.5051,1.137,0.02
1S1,179,1121,1186.6275,visible,134,136,837.2674,855.0122,3,False,False,3.0,run centre,135.0,846.1398,1.156,0.02
1S1,178,1115,1194.3874,visible,134,137,837.2674,861.2604,4,False,True,3.0,run centre,135.7007,850.5177,1.1708,0.02
1S1,177,1108,1203.4406,visible,136,139,849.7639,873.7569,4,False,False,3.0,run centre,137.5938,862.3467,1.2107,0.02
1S1,176,1102,1211.2005,visible,137,139,856.0122,873.7569,3,False,False,3.0,run centre,138.1579,865.8713,1.2226,0.02
1S1,175,1096,1218.9604,visible,138,141,862.2604,886.2535,4,False,True,3.0,run centre,139.5938,874.8432,1.2529,0.02
1S1,174,1090,1226.7203,visible,139,141,868.5087,886.2535,3,False,False,3.0,run centre,140.1579,878.3678,1.2648,0.02
1S1,173,1083,1235.7735,visible,140,143,874.7569,898.75,4,False,True,3.0,run centre,141.5938,887.3397,1.2951,0.02
1S1,172,1077,1243.5334,visible,141,143,881.0052,898.75,3,False,False,3.0,run centre,142.1579,890.8643,1.307,0.02
1S1,171,1071,1251.2933,visible,142,145,887.2535,911.2465,4,False,False,3.0,run centre,143.1786,897.242,1.3285,0.02
1S1,170,1065,1259.0532,visible,142,146,887.2535,917.4948,5,False,False,3.0,run centre,144.115,903.0924,1.3483,0.02
1S1,169,1058,1268.1064,visible,144,148,899.75,929.9913,5,False,False,3.0,run centre,146.2688,916.5504,1.3937,0.02
1S1,168,1052,1275.8663,visible,145,149,905.9983,936.2396,5,False,False,3.0,run centre,147.2085,922.4215,1.4135,0.02
1S1,167,1046,1283.6262,visible,150,150,937.2396,942.4878,1,False,False,3.5,run centre,150.0,939.8637,1.4724,0.02
1S1,166,1040,1291.3861,visible,151,152,943.4878,954.9844,2,False,False,4.0,run centre,151.5826,949.7521,1.5058,0.02
1S1,165,1033,1300.4394,visible,152,154,949.7361,967.4809,3,False,False,4.0,run centre,152.9563,958.3354,1.5348,0.02
1S1,164,1027,1308.1993,visible,152,154,949.7361,967.4809,3,False,False,4.0,run centre,153.1867,959.775,1.5397,0.02
1S1,163,1021,1315.9592,visible,153,156,955.9844,979.9774,4,False,False,4.0,run centre,154.5938,968.5671,1.5693,0.02
1S1,162,1015,1323.7191,visible,154,156,962.2326,979.9774,3,False,False,3.5,run centre,155.1579,972.0917,1.5812,0.02
1S1,161,1008,1332.7723,visible,155,158,968.4809,992.474,4,False,False,4.0,run centre,156.5938,981.0637,1.6115,0.02
1S1,160,1002,1340.5322,visible,156,158,974.7292,992.474,3,False,False,4.0,run centre,157.1579,984.5883,1.6234,0.02
1S1,159,996,1348.2921,visible,157,159,980.9774,998.7222,3,False,False,4.0,run centre,157.9563,989.5767,1.6403,0.02
1S1,158,990,1356.052,visible,157,161,980.9774,1011.2188,5,False,False,4.0,run centre,159.1573,997.0811,1.6656,0.02
1S1,157,983,1365.1052,visible,158,162,987.2257,1017.467,5,False,False,4.0,run centre,160.1573,1003.3294,1.6867,0.02
1S1,156,977,1372.8651,visible,160,164,999.7222,1029.9635,5,False,False,4.0,run centre,162.1573,1015.8259,1.7289,0.02
1S1,155,971,1380.625,visible,161,165,1005.9705,1036.2118,5,False,False,4.0,run centre,163.1833,1022.2362,1.7506,0.02
1S1,154,965,1388.3849,visible,163,167,1018.467,1048.7083,5,False,False,4.0,run centre,165.2085,1034.8902,1.7933,0.02
1S1,153,958,1397.4381,visible,165,170,1030.9635,1067.4531,6,False,False,4.0,run centre,167.683,1050.3515,1.8455,0.02
1S1,152,952,1405.198,visible,171,172,1068.4531,1079.9497,2,False,False,4.0,run centre,171.6544,1075.1663,1.9293,0.02
1S1,151,946,1412.9579,visible,172,173,1074.7014,1086.1979,2,False,False,4.0,run centre,172.6544,1081.4146,1.9504,0.02
1S1,150,940,1420.7178,visible,173,174,1080.9497,1092.4462,2,False,False,4.0,run centre,173.5,1086.6979,1.9682,0.02
1S1,149,933,1429.7711,visible,173,179,1080.9497,1123.6875,7,False,False,4.0,run centre,176.1623,1103.3325,2.0244,0.02
1S1,148,927,1437.531,visible,176,179,1099.6944,1123.6875,4,False,False,4.0,run centre,177.7007,1112.9448,2.0568,0.02
1S1,147,921,1445.2909,visible,178,182,1112.191,1142.4323,5,False,False,4.0,run centre,180.0975,1127.9207,2.1074,0.02
1S1,146,915,1453.0508,visible,179,182,1118.4392,1142.4323,4,False,False,4.0,run centre,180.6709,1131.5037,2.1195,0.02
1S1,145,908,1462.104,visible,181,184,1130.9358,1154.9288,4,False,False,4.0,run centre,182.4514,1142.6283,2.157,0.02
1S1,144,902,1469.8639,visible,181,187,1130.9358,1173.6736,7,False,True,4.0,run centre,184.1899,1153.4909,2.1937,0.02
1S1,143,896,1477.6238,visible,183,189,1143.4323,1186.1701,7,False,True,4.0,run centre,186.0053,1164.8344,2.232,0.02
1S1,142,890,1485.3837,visible,187,190,1168.4253,1192.4184,4,False,False,3.0,run centre,188.5823,1180.9362,2.2864,0.02
1S1,141,884,1493.1436,visible,189,192,1180.9219,1204.9149,4,False,False,2.0,run centre,190.5,1192.9184,2.3268,0.02
1S1,140,877,1502.1968,visible,189,194,1180.9219,1217.4115,6,False,False,2.0,run centre,191.7134,1200.5003,2.3524,0.02
1S1,139,871,1509.9567,hidden,,,,,,,,,,,,,
1S1,138,865,1517.7166,visible,210,212,1312.1354,1329.8802,3,False,True,1.5,run centre,210.9959,1320.9823,2.7592,0.02
1S1,137,859,1525.4765,visible,211,212,1318.3837,1329.8802,2,False,True,1.0,run centre,211.6286,1324.9354,2.7726,0.02
1S1,136,852,1534.5297,visible,102,102,637.3229,642.5712,1,False,False,1.0,run centre,102.0,639.947,0.4598,0.02
1S1,135,846,1542.2896,visible,111,111,693.5573,698.8056,1,False,False,1.0,run centre,111.0,696.1814,0.6497,0.02
1S1,134,840,1550.0495,visible,116,116,724.7986,730.0469,1,False,False,1.0,run centre,116.0,727.4227,0.7551,0.02
1S1,133,834,1557.8094,visible,117,117,731.0469,736.2951,1,False,False,1.0,run centre,117.0,733.671,0.7762,0.02
1S1,132,827,1566.8627,visible,111,111,693.5573,698.8056,1,False,False,1.0,run centre,111.0,696.1814,0.6497,0.02
1S1,131,821,1574.6226,visible,110,110,687.309,692.5573,1,False,False,1.0,run centre,110.0,689.9332,0.6286,0.02
1S1,130,815,1582.3825,visible,108,108,674.8125,680.0608,1,False,False,1.0,run centre,108.0,677.4366,0.5864,0.02
1S1,129,809,1590.1424,visible,119,119,743.5434,748.7917,1,False,False,1.0,run centre,119.0,746.1675,0.8184,0.02
1S1,128,802,1599.1956,visible,106,106,662.316,667.5642,1,False,False,1.0,run centre,106.0,664.9401,0.5442,0.02
2S1,325,2033,7.1224,hidden,,,,,,,,,,,,,
2S1,324,2027,14.8823,hidden,,,,,,,,,,,,,
2S1,323,2021,22.6422,hidden,,,,,,,,,,,,,
2S1,322,2014,31.6954,hidden,,,,,,,,,,,,,
2S1,321,2008,39.4553,hidden,,,,,,,,,,,,,
2S1,320,2002,47.2152,hidden,,,,,,,,,,,,,
2S1,319,1996,54.9751,hidden,,,,,,,,,,,,,
2S1,318,1989,64.0284,hidden,,,,,,,,,,,,,
2S1,317,1983,71.7883,hidden,,,,,,,,,,,,,
2S1,316,1977,79.5482,visible,81,81,506.1094,511.3576,1,False,True,2.0,left edge plus half width,81.5,511.8576,0.0273,0.0252
2S1,315,1971,87.3081,visible,81,81,506.1094,511.3576,1,False,False,2.0,run centre,81.0,508.7335,0.0168,0.02
2S1,314,1964,96.3613,visible,81,81,506.1094,511.3576,1,False,True,2.0,left edge plus half width,81.5,511.8576,0.0273,0.0252
2S1,313,1958,104.1212,visible,81,81,506.1094,511.3576,1,False,True,2.0,left edge plus half width,81.5,511.8576,0.0273,0.0252
2S1,312,1952,111.8811,visible,81,81,506.1094,511.3576,1,False,False,2.0,run centre,81.0,508.7335,0.0168,0.02
2S1,311,1946,119.641,visible,81,81,506.1094,511.3576,1,False,False,2.0,run centre,81.0,508.7335,0.0168,0.02
2S1,310,1939,128.6942,visible,81,82,506.1094,517.6059,2,False,True,2.0,run centre,81.4985,511.8481,0.0273,0.02
2S1,309,1933,136.4541,visible,81,82,506.1094,517.6059,2,False,True,2.0,run centre,81.5,511.8576,0.0273,0.02
2S1,308,1927,144.214,visible,81,82,506.1094,517.6059,2,False,True,2.0,run centre,81.5,511.8576,0.0273,0.02
2S1,307,1921,151.9739,visible,81,82,506.1094,517.6059,2,False,False,2.0,run centre,81.5,511.8576,0.0273,0.02
2S1,306,1914,161.0271,visible,81,82,506.1094,517.6059,2,False,False,2.0,run centre,81.5,511.8576,0.0273,0.02
2S1,305,1908,168.787,visible,81,82,506.1094,517.6059,2,False,False,2.0,run centre,81.5,511.8576,0.0273,0.02
2S1,304,1902,176.5469,visible,81,82,506.1094,517.6059,2,False,False,2.0,run centre,81.5,511.8576,0.0273,0.02
2S1,303,1896,184.3068,visible,81,82,506.1094,517.6059,2,False,False,2.0,run centre,81.5,511.8576,0.0273,0.02
2S1,302,1889,193.3601,visible,81,83,506.1094,523.8542,3,False,False,2.0,run centre,82.0982,515.5955,0.0399,0.02
2S1,301,1883,201.12,visible,82,83,512.3576,523.8542,2,False,False,2.0,run centre,82.5,518.1059,0.0484,0.02
2S1,300,1877,208.8799,visible,82,83,512.3576,523.8542,2,False,False,2.0,run centre,82.5,518.1059,0.0484,0.02
2S1,299,1871,216.6398,visible,82,83,512.3576,523.8542,2,False,False,2.0,run centre,82.5,518.1059,0.0484,0.02
2S1,298,1864,225.693,visible,82,83,512.3576,523.8542,2,False,False,2.0,run centre,82.5,518.1059,0.0484,0.02
2S1,297,1858,233.4529,visible,82,83,512.3576,523.8542,2,False,False,2.0,run centre,82.5,518.1059,0.0484,0.02
2S1,296,1852,241.2128,visible,82,83,512.3576,523.8542,2,False,False,2.0,run centre,82.5,518.1059,0.0484,0.02
2S1,295,1846,248.9727,visible,82,84,512.3576,530.1024,3,False,False,2.0,run centre,83.0982,521.8438,0.061,0.02
2S1,294,1839,258.0259,visible,83,84,518.6059,530.1024,2,False,False,2.0,run centre,83.5,524.3542,0.0695,0.02
2S1,293,1833,265.7858,visible,83,84,518.6059,530.1024,2,False,False,2.0,run centre,83.5,524.3542,0.0695,0.02
2S1,292,1827,273.5457,visible,83,84,518.6059,530.1024,2,False,False,2.0,run centre,83.5,524.3542,0.0695,0.02
2S1,291,1821,281.3056,visible,83,84,518.6059,530.1024,2,False,False,2.0,run centre,83.5,524.3542,0.0695,0.02
2S1,290,1814,290.3588,visible,83,85,518.6059,536.3507,3,False,False,2.0,run centre,84.0982,528.0921,0.0821,0.02
2S1,289,1808,298.1187,visible,84,85,524.8542,536.3507,2,False,False,2.0,run centre,84.5,530.6024,0.0906,0.02
2S1,288,1802,305.8786,visible,84,85,524.8542,536.3507,2,False,False,2.0,run centre,84.5,530.6024,0.0906,0.02
2S1,287,1796,313.6385,visible,84,85,524.8542,536.3507,2,False,False,2.0,run centre,84.5,530.6024,0.0906,0.02
2S1,286,1789,322.6918,visible,84,85,524.8542,536.3507,2,False,False,2.0,run centre,84.5,530.6024,0.0906,0.02
2S1,285,1783,330.4517,visible,84,86,524.8542,542.599,3,False,False,2.0,run centre,84.9563,533.4535,0.1002,0.02
2S1,284,1777,338.2116,visible,84,86,524.8542,542.599,3,False,False,2.0,run centre,85.1869,534.8942,0.1051,0.02
2S1,283,1771,345.9715,visible,85,86,531.1024,542.599,2,False,False,2.0,run centre,85.5,536.8507,0.1117,0.02
2S1,282,1764,355.0247,visible,85,86,531.1024,542.599,2,False,False,2.0,run centre,85.5,536.8507,0.1117,0.02
2S1,281,1758,362.7846,visible,85,87,531.1024,548.8472,3,False,False,2.0,run centre,86.0109,540.0426,0.1225,0.02
2S1,280,1752,370.5445,visible,85,87,531.1024,548.8472,3,False,False,2.0,run centre,86.1869,541.1424,0.1262,0.02
2S1,279,1746,378.3044,visible,86,87,537.3507,548.8472,2,False,False,2.0,run centre,86.5,543.099,0.1328,0.02
2S1,278,1739,387.3576,visible,86,87,537.3507,548.8472,2,False,False,2.0,run centre,86.5,543.099,0.1328,0.02
2S1,277,1733,395.1175,visible,86,88,537.3507,555.0955,3,False,False,2.0,run centre,87.0982,546.8368,0.1454,0.02
2S1,276,1727,402.8774,visible,87,88,543.599,555.0955,2,False,False,2.0,run centre,87.5,549.3472,0.1539,0.02
2S1,275,1721,410.6373,visible,87,88,543.599,555.0955,2,False,False,2.0,run centre,87.5718,549.7961,0.1554,0.02
2S1,274,1714,419.6905,visible,87,89,543.599,561.3438,3,False,False,2.0,run centre,88.0,552.4714,0.1644,0.02
2S1,273,1708,427.4504,visible,88,89,549.8472,561.3438,2,False,False,2.0,run centre,88.4282,555.1466,0.1735,0.02
2S1,272,1702,435.2103,visible,88,89,549.8472,561.3438,2,False,False,2.0,run centre,88.5,555.5955,0.175,0.02
2S1,271,1696,442.9702,visible,88,89,549.8472,561.3438,2,False,False,2.0,run centre,88.5,555.5955,0.175,0.02
2S1,270,1689,452.0234,visible,88,89,549.8472,561.3438,2,False,False,2.0,run centre,88.5,555.5955,0.175,0.02
2S1,269,1683,459.7833,visible,88,90,549.8472,567.592,3,False,False,2.0,run centre,89.0982,559.3334,0.1876,0.02
2S1,268,1677,467.5433,visible,89,90,556.0955,567.592,2,False,False,2.0,run centre,89.5,561.8438,0.1961,0.02
2S1,267,1671,475.3032,visible,89,91,556.0955,573.8403,3,False,False,2.0,run centre,89.9563,564.6948,0.2057,0.02
2S1,266,1664,484.3564,visible,89,91,556.0955,573.8403,3,False,False,2.0,run centre,90.1869,566.1355,0.2106,0.02
2S1,265,1658,492.1163,visible,90,91,562.3438,573.8403,2,False,False,2.0,run centre,90.5,568.092,0.2172,0.02
2S1,264,1652,499.8762,visible,90,92,562.3438,580.0885,3,False,False,2.0,run centre,90.9563,570.9431,0.2268,0.02
2S1,263,1646,507.6361,visible,90,92,562.3438,580.0885,3,False,False,2.0,run centre,91.1869,572.3837,0.2317,0.02
2S1,262,1639,516.6893,visible,91,93,568.592,586.3368,3,False,False,2.0,run centre,92.0982,578.0782,0.2509,0.02
2S1,261,1633,524.4492,visible,92,93,574.8403,586.3368,2,False,False,2.0,run centre,92.5,580.5885,0.2594,0.02
2S1,260,1627,532.2091,visible,92,93,574.8403,586.3368,2,False,False,2.0,run centre,92.5,580.5885,0.2594,0.02
2S1,259,1621,539.969,visible,92,93,574.8403,586.3368,2,False,False,2.0,run centre,92.5,580.5885,0.2594,0.02
2S1,258,1614,549.0222,visible,92,93,574.8403,586.3368,2,False,False,2.0,run centre,92.5,580.5885,0.2594,0.02
2S1,257,1608,556.7821,visible,92,94,574.8403,592.5851,3,False,False,2.0,run centre,93.0982,584.3264,0.272,0.02
2S1,256,1602,564.542,visible,93,94,581.0885,592.5851,2,False,False,2.0,run centre,93.5,586.8368,0.2805,0.02
2S1,255,1596,572.3019,visible,93,94,581.0885,592.5851,2,False,False,2.0,run centre,93.5,586.8368,0.2805,0.02
2S1,254,1589,581.3551,visible,93,95,581.0885,598.8333,3,False,False,2.0,run centre,93.9563,589.6879,0.2901,0.02
2S1,253,1583,589.115,visible,93,95,581.0885,598.8333,3,False,False,2.0,run centre,94.1869,591.1285,0.295,0.02
2S1,252,1577,596.8749,visible,94,95,587.3368,598.8333,2,False,False,2.0,run centre,94.5,593.0851,0.3016,0.02
2S1,251,1571,604.6348,visible,94,96,587.3368,605.0816,3,False,False,2.0,run centre,94.9441,595.8598,0.3109,0.02
2S1,250,1564,613.6881,visible,95,96,593.5851,605.0816,2,False,False,2.0,run centre,95.4917,599.2815,0.3225,0.02
2S1,249,1558,621.448,visible,95,96,593.5851,605.0816,2,False,False,2.0,run centre,95.5,599.3333,0.3227,0.02
2S1,248,1552,629.2079,visible,95,96,593.5851,605.0816,2,False,False,2.0,run centre,95.5,599.3333,0.3227,0.02
2S1,247,1546,636.9678,visible,95,97,593.5851,611.3299,3,False,False,2.0,run centre,96.0982,603.0712,0.3353,0.02
2S1,246,1539,646.021,visible,96,97,599.8333,611.3299,2,False,False,3.0,run centre,96.5,605.5816,0.3438,0.02
2S1,245,1533,653.7809,visible,96,98,599.8333,617.5781,3,False,False,3.0,run centre,96.9563,608.4326,0.3534,0.02
2S1,244,1527,661.5408,visible,96,98,599.8333,617.5781,3,False,False,3.0,run centre,97.1869,609.8733,0.3583,0.02
2S1,243,1521,669.3007,visible,97,98,606.0816,617.5781,2,False,False,3.0,run centre,97.5,611.8299,0.3649,0.02
2S1,242,1514,678.3539,visible,97,99,606.0816,623.8264,3,False,False,3.0,run centre,98.0982,615.5677,0.3775,0.02
2S1,241,1508,686.1138,visible,98,99,612.3299,623.8264,2,False,False,3.0,run centre,98.5,618.0781,0.386,0.02
2S1,240,1502,693.8737,visible,98,99,612.3299,623.8264,2,False,False,3.0,run centre,98.5,618.0781,0.386,0.02
2S1,239,1496,701.6336,visible,98,100,612.3299,630.0747,3,False,False,3.0,run centre,99.0,621.2023,0.3965,0.02
2S1,238,1490,709.3935,visible,98,100,612.3299,630.0747,3,False,False,3.0,run centre,99.1869,622.3699,0.4004,0.02
2S1,237,1483,718.4467,visible,99,101,618.5781,636.3229,3,False,False,3.0,run centre,100.0,627.4505,0.4176,0.02
2S1,236,1477,726.2066,visible,99,101,618.5781,636.3229,3,False,False,3.0,run centre,100.1869,628.6181,0.4215,0.02
2S1,235,1471,733.9665,visible,100,101,624.8264,636.3229,2,False,False,3.0,run centre,100.5,630.5747,0.4282,0.02
2S1,234,1465,741.7264,visible,100,102,624.8264,642.5712,3,False,False,3.0,run centre,101.0,633.6988,0.4387,0.02
2S1,233,1458,750.7797,visible,100,102,624.8264,642.5712,3,False,False,3.0,run centre,101.1869,634.8664,0.4426,0.02
2S1,232,1452,758.5396,visible,101,103,631.0747,648.8194,3,False,False,3.0,run centre,101.9563,639.674,0.4589,0.02
2S1,231,1446,766.2995,visible,101,103,631.0747,648.8194,3,False,False,3.0,run centre,102.1869,641.1146,0.4637,0.02
2S1,230,1440,774.0594,visible,102,103,637.3229,648.8194,2,False,False,3.0,run centre,102.5,643.0712,0.4703,0.02
2S1,229,1433,783.1126,visible,102,104,637.3229,655.0677,3,False,False,3.0,run centre,103.0982,646.8091,0.483,0.02
2S1,228,1427,790.8725,visible,103,104,643.5712,655.0677,2,False,False,3.0,run centre,103.5,649.3194,0.4914,0.02
2S1,227,1421,798.6324,visible,104,105,649.8194,661.316,2,False,False,3.0,run centre,104.4749,655.4111,0.512,0.02
2S1,226,1415,806.3923,visible,104,105,649.8194,661.316,2,False,False,3.0,run centre,104.5,655.5677,0.5125,0.02
2S1,225,1408,815.4455,visible,104,105,649.8194,661.316,2,False,False,3.0,run centre,104.5,655.5677,0.5125,0.02
2S1,224,1402,823.2054,visible,105,107,656.0677,673.8125,3,False,False,3.0,run centre,105.994,664.9027,0.5441,0.02
2S1,223,1396,830.9653,visible,105,107,656.0677,673.8125,3,False,False,2.0,run centre,106.1151,665.6592,0.5466,0.02
2S1,222,1390,838.7252,visible,106,107,662.316,673.8125,2,False,False,3.0,run centre,106.5,668.0642,0.5547,0.02
2S1,221,1383,847.7784,visible,106,108,662.316,680.0608,3,False,False,2.0,run centre,107.1168,671.9184,0.5677,0.02
2S1,220,1377,855.5383,visible,107,110,668.5642,692.5573,4,False,False,2.0,run centre,108.5,680.5608,0.5969,0.02
2S1,219,1371,863.2982,visible,107,111,668.5642,698.8056,5,False,True,2.0,run centre,109.2086,684.9886,0.6119,0.02
2S1,218,1365,871.0581,visible,110,111,687.309,698.8056,2,False,False,2.0,run centre,110.5,693.0573,0.6391,0.02
2S1,217,1358,880.1114,visible,110,112,687.309,705.0538,3,False,True,2.0,run centre,111.0557,696.5296,0.6508,0.02
2S1,216,1352,887.8713,visible,111,112,693.5573,705.0538,2,False,False,2.0,run centre,111.5,699.3056,0.6602,0.02
2S1,215,1346,895.6312,visible,111,112,693.5573,705.0538,2,False,False,2.0,run centre,111.5,699.3056,0.6602,0.02
2S1,214,1340,903.3911,visible,111,113,693.5573,711.3021,3,False,False,2.5,run centre,112.1257,703.2153,0.6734,0.02
2S1,213,1333,912.4443,visible,112,113,699.8056,711.3021,2,False,False,3.0,run centre,112.5,705.5538,0.6813,0.02
2S1,212,1327,920.2042,visible,112,114,699.8056,717.5503,3,False,False,3.0,run centre,113.1257,709.4635,0.6945,0.02
2S1,211,1321,927.9641,visible,113,114,706.0538,717.5503,2,False,False,3.0,run centre,113.5,711.8021,0.7024,0.02
2S1,210,1315,935.724,visible,113,115,706.0538,723.7986,3,False,False,2.5,run centre,114.1257,715.7118,0.7156,0.02
2S1,209,1308,944.7772,visible,114,115,712.3021,723.7986,2,False,False,3.0,run centre,114.5,718.0503,0.7235,0.02
2S1,208,1302,952.5371,visible,114,116,712.3021,730.0469,3,False,False,3.0,run centre,114.994,721.1371,0.7339,0.02
2S1,207,1296,960.297,visible,114,116,712.3021,730.0469,3,False,False,2.5,run centre,115.1869,722.3421,0.738,0.02
2S1,206,1290,968.0569,visible,115,116,718.5503,730.0469,2,False,False,3.0,run centre,115.5,724.2986,0.7446,0.02
2S1,205,1283,977.1101,visible,115,117,718.5503,736.2951,3,False,False,3.0,run centre,116.1277,728.2209,0.7578,0.02
2S1,204,1277,984.87,visible,116,119,724.7986,748.7917,4,False,True,2.5,run centre,117.25,735.2333,0.7815,0.02
2S1,203,1271,992.6299,visible,117,119,731.0469,748.7917,3,False,True,3.0,run centre,118.0361,740.1449,0.7981,0.02
2S1,202,1265,1000.3898,visible,118,120,737.2951,755.0399,3,False,True,3.0,run centre,118.707,744.3371,0.8123,0.02
2S1,201,1258,1009.443,visible,118,120,737.2951,755.0399,3,False,False,2.5,run centre,119.0461,746.4555,0.8194,0.02
2S1,200,1252,1017.203,visible,119,120,743.5434,755.0399,2,False,False,2.5,run centre,119.5,749.2917,0.829,0.02
2S1,199,1246,1024.9629,visible,119,121,743.5434,761.2882,3,False,True,2.0,run centre,119.9902,752.3544,0.8393,0.02
2S1,198,1240,1032.7228,visible,120,122,749.7917,767.5365,3,False,True,2.0,run centre,120.9895,758.5986,0.8604,0.02
2S1,197,1233,1041.776,visible,120,122,749.7917,767.5365,3,False,False,2.0,run centre,121.0848,759.1937,0.8624,0.02
2S1,196,1227,1049.5359,visible,121,123,756.0399,773.7847,3,False,True,2.0,run centre,122.0745,765.3775,0.8833,0.02
2S1,195,1221,1057.2958,visible,122,124,762.2882,780.033,3,False,True,2.0,run centre,123.0,771.1606,0.9028,0.02
2S1,194,1215,1065.0557,visible,122,124,762.2882,780.033,3,False,False,2.0,run centre,123.0745,771.6258,0.9044,0.02
2S1,193,1208,1074.1089,visible,125,125,781.033,786.2812,1,False,False,1.5,run centre,125.0,783.6571,0.945,0.02
2S1,192,1202,1081.8688,visible,125,126,781.033,792.5295,2,False,False,1.0,run centre,125.5104,786.8463,0.9558,0.02
2S1,191,1196,1089.6287,visible,127,127,793.5295,798.7778,1,False,True,1.0,run centre,127.0,796.1536,0.9872,0.02
2S1,190,1190,1097.3886,visible,127,127,793.5295,798.7778,1,False,True,1.5,left edge plus half width,127.25,797.7157,0.9925,0.0252
2S1,189,1183,1106.4418,visible,127,127,793.5295,798.7778,1,False,False,1.5,run centre,127.0,796.1536,0.9872,0.02
2S1,188,1177,1114.2017,visible,129,129,806.026,811.2743,1,False,False,1.0,run centre,129.0,808.6502,1.0294,0.02
2S1,187,1171,1121.9616,visible,130,130,812.2743,817.5226,1,False,False,1.0,run centre,130.0,814.8984,1.0505,0.02
2S1,186,1165,1129.7215,visible,130,131,812.2743,823.7708,2,False,False,1.0,run centre,130.523,818.1664,1.0615,0.02
2S1,185,1158,1138.7747,visible,131,132,818.5226,830.0191,2,False,True,1.0,run centre,131.5122,824.3472,1.0824,0.02
2S1,184,1152,1146.5346,visible,132,132,824.7708,830.0191,1,False,False,1.0,run centre,132.0,827.395,1.0927,0.02
2S1,183,1146,1154.2945,visible,134,134,837.2674,842.5156,1,False,True,1.0,run centre,134.0,839.8915,1.1349,0.02
2S1,182,1140,1162.0544,visible,134,134,837.2674,842.5156,1,False,False,1.0,run centre,134.0,839.8915,1.1349,0.02
2S1,181,1133,1171.1077,visible,135,135,843.5156,848.7639,1,False,False,1.0,run centre,135.0,846.1398,1.156,0.02
2S1,180,1127,1178.8676,hidden,,,,,,,,,,,,,
2S1,179,1121,1186.6275,hidden,,,,,,,,,,,,,
2S1,178,1115,1194.3874,visible,138,139,862.2604,873.7569,2,False,False,1.0,run centre,138.6228,868.7761,1.2324,0.02
2S1,177,1108,1203.4406,hidden,,,,,,,,,,,,,
2S1,176,1102,1211.2005,hidden,,,,,,,,,,,,,
2S1,175,1096,1218.9604,visible,142,143,887.2535,898.75,2,False,False,1.0,run centre,142.6656,894.0362,1.3177,0.02
2S1,174,1090,1226.7203,visible,144,144,899.75,904.9983,1,False,True,1.0,run centre,144.0,902.3741,1.3459,0.02
2S1,173,1083,1235.7735,visible,144,144,899.75,904.9983,1,False,False,1.0,run centre,144.0,902.3741,1.3459,0.02
2S1,172,1077,1243.5334,hidden,,,,,,,,,,,,,
2S1,171,1071,1251.2933,hidden,,,,,,,,,,,,,
2S1,170,1065,1259.0532,hidden,,,,,,,,,,,,,
2S1,169,1058,1268.1064,hidden,,,,,,,,,,,,,
2S1,168,1052,1275.8663,hidden,,,,,,,,,,,,,
2S1,167,1046,1283.6262,visible,152,152,949.7361,954.9844,1,False,True,1.5,left edge plus half width,152.25,953.9223,1.5199,0.0252
2S1,166,1040,1291.3861,hidden,,,,,,,,,,,,,
2S1,165,1033,1300.4394,hidden,,,,,,,,,,,,,
2S1,164,1027,1308.1993,hidden,,,,,,,,,,,,,
2S1,163,1021,1315.9592,hidden,,,,,,,,,,,,,
2S1,162,1015,1323.7191,hidden,,,,,,,,,,,,,
2S1,161,1008,1332.7723,hidden,,,,,,,,,,,,,
2S1,160,1002,1340.5322,hidden,,,,,,,,,,,,,
2S1,159,996,1348.2921,hidden,,,,,,,,,,,,,
2S1,158,990,1356.052,visible,174,174,1087.1979,1092.4462,1,False,False,2.0,run centre,174.0,1089.822,1.9788,0.02
2S1,157,983,1365.1052,hidden,,,,,,,,,,,,,
2S1,156,977,1372.8651,hidden,,,,,,,,,,,,,
2S1,155,971,1380.625,visible,179,179,1118.4392,1123.6875,1,False,True,2.0,left edge plus half width,179.5,1124.1875,2.0948,0.0252
2S1,154,965,1388.3849,visible,185,191,1155.9288,1198.6667,7,False,False,2.0,run centre,187.9452,1176.9552,2.2729,0.02
2S1,153,958,1397.4381,visible,185,191,1155.9288,1198.6667,7,True,False,2.0,run centre,188.0,1177.2977,2.2741,0.02
2S1,152,952,1405.198,hidden,,,,,,,,,,,,,
2S1,151,946,1412.9579,hidden,,,,,,,,,,,,,
2S1,150,940,1420.7178,visible,192,192,1199.6667,1204.9149,1,True,False,2.0,right edge minus half width,191.5,1199.1667,2.3479,0.0252
2S1,149,933,1429.7711,visible,193,193,1205.9149,1211.1632,1,False,False,2.0,run centre,193.0,1208.5391,2.3796,0.02
2S1,148,927,1437.531,visible,194,195,1212.1632,1223.6597,2,False,False,2.0,run centre,194.4922,1217.8628,2.4111,0.02
2S1,147,921,1445.2909,visible,197,197,1230.908,1236.1562,1,True,False,2.0,right edge minus half width,196.5,1230.408,2.4534,0.0252
2S1,146,915,1453.0508,visible,198,199,1237.1562,1248.6528,2,False,False,2.0,run centre,198.3668,1242.0721,2.4928,0.02
2S1,145,908,1462.104,visible,201,205,1255.901,1286.1424,5,False,False,2.0,run centre,202.9485,1270.6996,2.5895,0.02
2S1,144,902,1469.8639,visible,203,205,1268.3976,1286.1424,3,False,False,2.0,run centre,204.0,1277.27,2.6117,0.02
2S1,143,896,1477.6238,visible,206,207,1287.1424,1298.6389,2,False,True,2.0,run centre,206.4917,1292.8388,2.6642,0.02
2S1,142,890,1485.3837,visible,210,211,1312.1354,1323.6319,2,True,True,2.0,run centre,210.4642,1317.6603,2.748,0.02
2S1,141,884,1493.1436,hidden,,,,,,,,,,,,,
2S1,140,877,1502.1968,visible,216,216,1349.625,1354.8733,1,True,False,2.0,right edge minus half width,215.5,1349.125,2.8543,0.0252
2S1,139,871,1509.9567,visible,221,221,1380.8663,1386.1146,1,False,False,2.0,run centre,221.0,1383.4905,2.9703,0.02
2S1,138,865,1517.7166,hidden,,,,,,,,,,,,,
2S1,137,859,1525.4765,visible,226,228,1412.1076,1429.8524,3,True,False,2.0,run centre,226.9786,1420.8464,3.0964,0.02
2S1,136,852,1534.5297,hidden,,,,,,,,,,,,,
2S1,135,846,1542.2896,hidden,,,,,,,,,,,,,
2S1,134,840,1550.0495,hidden,,,,,,,,,,,,,
2S1,133,834,1557.8094,hidden,,,,,,,,,,,,,
2S1,132,827,1566.8627,hidden,,,,,,,,,,,,,
2S1,131,821,1574.6226,hidden,,,,,,,,,,,,,
2S1,130,815,1582.3825,hidden,,,,,,,,,,,,,
2S1,129,809,1590.1424,hidden,,,,,,,,,,,,,
2S1,128,802,1599.1956,hidden,,,,,,,,,,,,,
3S1,325,2033,7.1224,hidden,,,,,,,,,,,,,
3S1,324,2027,14.8823,hidden,,,,,,,,,,,,,
3S1,323,2021,22.6422,hidden,,,,,,,,,,,,,
3S1,322,2014,31.6954,hidden,,,,,,,,,,,,,
3S1,321,2008,39.4553,hidden,,,,,,,,,,,,,
3S1,320,2002,47.2152,hidden,,,,,,,,,,,,,
3S1,319,1996,54.9751,hidden,,,,,,,,,,,,,
3S1,318,1989,64.0284,hidden,,,,,,,,,,,,,
3S1,317,1983,71.7883,hidden,,,,,,,,,,,,,
3S1,316,1977,79.5482,hidden,,,,,,,,,,,,,
3S1,315,1971,87.3081,hidden,,,,,,,,,,,,,
3S1,314,1964,96.3613,visible,82,82,512.3576,517.6059,1,False,True,2.0,left edge plus half width,82.5,518.1059,0.0484,0.0252
3S1,313,1958,104.1212,visible,82,82,512.3576,517.6059,1,False,True,2.0,left edge plus half width,82.5,518.1059,0.0484,0.0252
3S1,312,1952,111.8811,hidden,,,,,,,,,,,,,
3S1,311,1946,119.641,hidden,,,,,,,,,,,,,
3S1,310,1939,128.6942,visible,83,83,518.6059,523.8542,1,False,True,2.0,left edge plus half width,83.5,524.3542,0.0695,0.0252
3S1,309,1933,136.4541,visible,83,83,518.6059,523.8542,1,False,True,2.0,left edge plus half width,83.5,524.3542,0.0695,0.0252
3S1,308,1927,144.214,visible,83,83,518.6059,523.8542,1,False,True,2.0,left edge plus half width,83.5,524.3542,0.0695,0.0252
3S1,307,1921,151.9739,hidden,,,,,,,,,,,,,
3S1,306,1914,161.0271,hidden,,,,,,,,,,,,,
3S1,305,1908,168.787,visible,84,84,524.8542,530.1024,1,False,True,2.0,left edge plus half width,84.5,530.6024,0.0906,0.0252
3S1,304,1902,176.5469,visible,84,84,524.8542,530.1024,1,False,True,2.0,left edge plus half width,84.5,530.6024,0.0906,0.0252
3S1,303,1896,184.3068,hidden,,,,,,,,,,,,,
3S1,302,1889,193.3601,hidden,,,,,,,,,,,,,
3S1,301,1883,201.12,visible,85,85,531.1024,536.3507,1,False,True,2.0,left edge plus half width,85.5,536.8507,0.1117,0.0252
3S1,300,1877,208.8799,hidden,,,,,,,,,,,,,
3S1,299,1871,216.6398,hidden,,,,,,,,,,,,,
3S1,298,1864,225.693,hidden,,,,,,,,,,,,,
3S1,297,1858,233.4529,visible,86,86,537.3507,542.599,1,False,True,2.0,left edge plus half width,86.5,543.099,0.1328,0.0252
3S1,296,1852,241.2128,hidden,,,,,,,,,,,,,
3S1,295,1846,248.9727,hidden,,,,,,,,,,,,,
3S1,294,1839,258.0259,hidden,,,,,,,,,,,,,
3S1,293,1833,265.7858,visible,87,87,543.599,548.8472,1,False,True,2.0,left edge plus half width,87.5,549.3472,0.1539,0.0252
3S1,292,1827,273.5457,hidden,,,,,,,,,,,,,
3S1,291,1821,281.3056,hidden,,,,,,,,,,,,,
3S1,290,1814,290.3588,visible,88,88,549.8472,555.0955,1,False,True,1.0,run centre,88.0,552.4714,0.1644,0.02
3S1,289,1808,298.1187,hidden,,,,,,,,,,,,,
3S1,288,1802,305.8786,hidden,,,,,,,,,,,,,
3S1,287,1796,313.6385,hidden,,,,,,,,,,,,,
3S1,286,1789,322.6918,visible,89,89,556.0955,561.3438,1,False,True,1.0,run centre,89.0,558.7196,0.1855,0.02
3S1,285,1783,330.4517,hidden,,,,,,,,,,,,,
3S1,284,1777,338.2116,hidden,,,,,,,,,,,,,
3S1,283,1771,345.9715,hidden,,,,,,,,,,,,,
3S1,282,1764,355.0247,visible,90,90,562.3438,567.592,1,False,True,1.0,run centre,90.0,564.9679,0.2066,0.02
3S1,281,1758,362.7846,hidden,,,,,,,,,,,,,
3S1,280,1752,370.5445,hidden,,,,,,,,,,,,,
3S1,279,1746,378.3044,hidden,,,,,,,,,,,,,
3S1,278,1739,387.3576,visible,91,91,568.592,573.8403,1,False,False,1.0,run centre,91.0,571.2161,0.2277,0.02
3S1,277,1733,395.1175,visible,92,92,574.8403,580.0885,1,False,True,1.0,run centre,92.0,577.4644,0.2488,0.02
3S1,276,1727,402.8774,visible,92,92,574.8403,580.0885,1,False,True,1.0,run centre,92.0,577.4644,0.2488,0.02
3S1,275,1721,410.6373,hidden,,,,,,,,,,,,,
3S1,274,1714,419.6905,hidden,,,,,,,,,,,,,
3S1,273,1708,427.4504,visible,93,93,581.0885,586.3368,1,False,True,1.0,run centre,93.0,583.7127,0.2699,0.02
3S1,272,1702,435.2103,visible,93,93,581.0885,586.3368,1,False,True,1.0,run centre,93.0,583.7127,0.2699,0.02
3S1,271,1696,442.9702,visible,93,93,581.0885,586.3368,1,False,True,1.0,run centre,93.0,583.7127,0.2699,0.02
3S1,270,1689,452.0234,hidden,,,,,,,,,,,,,
3S1,269,1683,459.7833,hidden,,,,,,,,,,,,,
3S1,268,1677,467.5433,visible,94,94,587.3368,592.5851,1,False,True,1.0,run centre,94.0,589.9609,0.291,0.02
3S1,267,1671,475.3032,hidden,,,,,,,,,,,,,
3S1,266,1664,484.3564,visible,95,95,593.5851,598.8333,1,False,True,1.0,run centre,95.0,596.2092,0.3121,0.02
3S1,265,1658,492.1163,hidden,,,,,,,,,,,,,
3S1,264,1652,499.8762,hidden,,,,,,,,,,,,,
3S1,263,1646,507.6361,hidden,,,,,,,,,,,,,
3S1,262,1639,516.6893,hidden,,,,,,,,,,,,,
3S1,261,1633,524.4492,visible,97,97,606.0816,611.3299,1,False,True,2.0,left edge plus half width,97.5,611.8299,0.3649,0.0252
3S1,260,1627,532.2091,visible,97,97,606.0816,611.3299,1,False,True,2.0,left edge plus half width,97.5,611.8299,0.3649,0.0252
3S1,259,1621,539.969,hidden,,,,,,,,,,,,,
3S1,258,1614,549.0222,visible,98,98,612.3299,617.5781,1,False,True,2.0,left edge plus half width,98.5,618.0781,0.386,0.0252
3S1,257,1608,556.7821,visible,98,98,612.3299,617.5781,1,False,True,2.0,left edge plus half width,98.5,618.0781,0.386,0.0252
3S1,256,1602,564.542,visible,98,98,612.3299,617.5781,1,False,True,2.0,left edge plus half width,98.5,618.0781,0.386,0.0252
3S1,255,1596,572.3019,hidden,,,,,,,,,,,,,
3S1,254,1589,581.3551,hidden,,,,,,,,,,,,,
3S1,253,1583,589.115,visible,99,99,618.5781,623.8264,1,False,True,2.0,left edge plus half width,99.5,624.3264,0.4071,0.0252
3S1,252,1577,596.8749,hidden,,,,,,,,,,,,,
3S1,251,1571,604.6348,hidden,,,,,,,,,,,,,
3S1,250,1564,613.6881,visible,100,100,624.8264,630.0747,1,False,True,2.0,left edge plus half width,100.5,630.5747,0.4282,0.0252
3S1,249,1558,621.448,visible,100,100,624.8264,630.0747,1,False,True,2.0,left edge plus half width,100.5,630.5747,0.4282,0.0252
3S1,248,1552,629.2079,hidden,,,,,,,,,,,,,
3S1,247,1546,636.9678,visible,101,101,631.0747,636.3229,1,False,True,2.0,left edge plus half width,101.5,636.8229,0.4492,0.0252
3S1,246,1539,646.021,hidden,,,,,,,,,,,,,
3S1,245,1533,653.7809,hidden,,,,,,,,,,,,,
3S1,244,1527,661.5408,hidden,,,,,,,,,,,,,
3S1,243,1521,669.3007,visible,102,102,637.3229,642.5712,1,False,True,2.0,left edge plus half width,102.5,643.0712,0.4703,0.0252
3S1,242,1514,678.3539,hidden,,,,,,,,,,,,,
3S1,241,1508,686.1138,hidden,,,,,,,,,,,,,
3S1,240,1502,693.8737,hidden,,,,,,,,,,,,,
3S1,239,1496,701.6336,hidden,,,,,,,,,,,,,
3S1,238,1490,709.3935,hidden,,,,,,,,,,,,,
3S1,237,1483,718.4467,hidden,,,,,,,,,,,,,
3S1,236,1477,726.2066,hidden,,,,,,,,,,,,,
3S1,235,1471,733.9665,hidden,,,,,,,,,,,,,
3S1,234,1465,741.7264,hidden,,,,,,,,,,,,,
3S1,233,1458,750.7797,visible,106,106,662.316,667.5642,1,False,True,2.0,left edge plus half width,106.5,668.0642,0.5547,0.0252
3S1,232,1452,758.5396,hidden,,,,,,,,,,,,,
3S1,231,1446,766.2995,hidden,,,,,,,,,,,,,
3S1,230,1440,774.0594,hidden,,,,,,,,,,,,,
3S1,229,1433,783.1126,hidden,,,,,,,,,,,,,
3S1,228,1427,790.8725,hidden,,,,,,,,,,,,,
3S1,227,1421,798.6324,hidden,,,,,,,,,,,,,
3S1,226,1415,806.3923,hidden,,,,,,,,,,,,,
3S1,225,1408,815.4455,hidden,,,,,,,,,,,,,
3S1,224,1402,823.2054,hidden,,,,,,,,,,,,,
3S1,223,1396,830.9653,hidden,,,,,,,,,,,,,
3S1,222,1390,838.7252,hidden,,,,,,,,,,,,,
3S1,221,1383,847.7784,hidden,,,,,,,,,,,,,
3S1,220,1377,855.5383,hidden,,,,,,,,,,,,,
3S1,219,1371,863.2982,hidden,,,,,,,,,,,,,
3S1,218,1365,871.0581,hidden,,,,,,,,,,,,,
3S1,217,1358,880.1114,hidden,,,,,,,,,,,,,
3S1,216,1352,887.8713,hidden,,,,,,,,,,,,,
3S1,215,1346,895.6312,hidden,,,,,,,,,,,,,
3S1,214,1340,903.3911,hidden,,,,,,,,,,,,,
3S1,213,1333,912.4443,hidden,,,,,,,,,,,,,
3S1,212,1327,920.2042,hidden,,,,,,,,,,,,,
3S1,211,1321,927.9641,hidden,,,,,,,,,,,,,
3S1,210,1315,935.724,hidden,,,,,,,,,,,,,
3S1,209,1308,944.7772,visible,120,120,749.7917,755.0399,1,True,False,2.0,right edge minus half width,119.5,749.2917,0.829,0.0252
3S1,208,1302,952.5371,hidden,,,,,,,,,,,,,
3S1,207,1296,960.297,hidden,,,,,,,,,,,,,
3S1,206,1290,968.0569,hidden,,,,,,,,,,,,,
3S1,205,1283,977.1101,hidden,,,,,,,,,,,,,
3S1,204,1277,984.87,hidden,,,,,,,,,,,,,
3S1,203,1271,992.6299,hidden,,,,,,,,,,,,,
3S1,202,1265,1000.3898,hidden,,,,,,,,,,,,,
3S1,201,1258,1009.443,hidden,,,,,,,,,,,,,
3S1,200,1252,1017.203,hidden,,,,,,,,,,,,,
3S1,199,1246,1024.9629,hidden,,,,,,,,,,,,,
3S1,198,1240,1032.7228,hidden,,,,,,,,,,,,,
3S1,197,1233,1041.776,hidden,,,,,,,,,,,,,
3S1,196,1227,1049.5359,hidden,,,,,,,,,,,,,
3S1,195,1221,1057.2958,hidden,,,,,,,,,,,,,
3S1,194,1215,1065.0557,visible,129,129,806.026,811.2743,1,True,False,1.0,run centre,129.0,808.6502,1.0294,0.02
3S1,193,1208,1074.1089,hidden,,,,,,,,,,,,,
3S1,192,1202,1081.8688,hidden,,,,,,,,,,,,,
3S1,191,1196,1089.6287,visible,133,133,831.0191,836.2674,1,True,False,1.0,run centre,133.0,833.6432,1.1138,0.02
3S1,190,1190,1097.3886,visible,133,134,831.0191,842.5156,2,True,False,1.0,run centre,133.4665,836.5582,1.1236,0.02
3S1,189,1183,1106.4418,hidden,,,,,,,,,,,,,
3S1,188,1177,1114.2017,hidden,,,,,,,,,,,,,
3S1,187,1171,1121.9616,visible,136,137,849.7639,861.2604,2,True,False,1.0,run centre,136.3839,854.7867,1.1852,0.02
3S1,186,1165,1129.7215,visible,138,138,862.2604,867.5087,1,False,False,1.0,run centre,138.0,864.8845,1.2193,0.02
3S1,185,1158,1138.7747,visible,138,139,862.2604,873.7569,2,True,False,1.0,run centre,138.4665,867.7995,1.2291,0.02
3S1,184,1152,1146.5346,hidden,,,,,,,,,,,,,
3S1,183,1146,1154.2945,hidden,,,,,,,,,,,,,
3S1,182,1140,1162.0544,visible,143,143,893.5017,898.75,1,False,False,1.0,run centre,143.0,896.1259,1.3248,0.02
3S1,181,1133,1171.1077,hidden,,,,,,,,,,,,,
3S1,180,1127,1178.8676,hidden,,,,,,,,,,,,,
3S1,179,1121,1186.6275,hidden,,,,,,,,,,,,,
3S1,178,1115,1194.3874,hidden,,,,,,,,,,,,,
3S1,177,1108,1203.4406,hidden,,,,,,,,,,,,,
3S1,176,1102,1211.2005,hidden,,,,,,,,,,,,,
3S1,175,1096,1218.9604,hidden,,,,,,,,,,,,,
3S1,174,1090,1226.7203,hidden,,,,,,,,,,,,,
3S1,173,1083,1235.7735,hidden,,,,,,,,,,,,,
3S1,172,1077,1243.5334,visible,152,152,949.7361,954.9844,1,True,True,1.5,"both edges covered, run centre",152.0,952.3602,1.5146,0.0305
3S1,171,1071,1251.2933,hidden,,,,,,,,,,,,,
3S1,170,1065,1259.0532,visible,156,156,974.7292,979.9774,1,True,True,1.0,run centre,156.0,977.3533,1.599,0.02
3S1,169,1058,1268.1064,visible,156,156,974.7292,979.9774,1,True,True,1.5,"both edges covered, run centre",156.0,977.3533,1.599,0.0305
3S1,168,1052,1275.8663,visible,156,156,974.7292,979.9774,1,True,False,1.5,right edge minus half width,155.75,975.7912,1.5937,0.0252
3S1,167,1046,1283.6262,visible,157,164,980.9774,1029.9635,8,False,False,1.5,run centre,161.3333,1010.6774,1.7115,0.02
3S1,166,1040,1291.3861,visible,164,165,1024.7153,1036.2118,2,False,False,1.5,run centre,164.4665,1030.2544,1.7776,0.02
3S1,165,1033,1300.4394,visible,164,165,1024.7153,1036.2118,2,True,False,1.5,run centre,164.5,1030.4635,1.7783,0.02
3S1,164,1027,1308.1993,visible,165,165,1030.9635,1036.2118,1,False,False,1.5,run centre,165.0,1033.5877,1.7889,0.02
3S1,163,1021,1315.9592,visible,166,167,1037.2118,1048.7083,2,False,False,1.5,run centre,166.4665,1042.7509,1.8198,0.02
3S1,162,1015,1323.7191,hidden,,,,,,,,,,,,,
3S1,161,1008,1332.7723,hidden,,,,,,,,,,,,,
3S1,160,1002,1340.5322,visible,171,171,1068.4531,1073.7014,1,False,False,1.5,run centre,171.0,1071.0773,1.9155,0.02
3S1,159,996,1348.2921,visible,172,172,1074.7014,1079.9497,1,False,False,2.0,run centre,172.0,1077.3255,1.9366,0.02
3S1,158,990,1356.052,hidden,,,,,,,,,,,,,
3S1,157,983,1365.1052,hidden,,,,,,,,,,,,,
3S1,156,977,1372.8651,hidden,,,,,,,,,,,,,
3S1,155,971,1380.625,hidden,,,,,,,,,,,,,
3S1,154,965,1388.3849,visible,178,178,1112.191,1117.4392,1,True,False,1.5,right edge minus half width,177.75,1113.253,2.0579,0.0252
3S1,153,958,1397.4381,visible,178,179,1112.191,1123.6875,2,True,False,1.0,run centre,178.5,1117.9392,2.0737,0.02
3S1,152,952,1405.198,visible,178,180,1112.191,1129.9358,3,True,False,1.0,run centre,179.1435,1121.96,2.0873,0.02
3S1,151,946,1412.9579,visible,180,181,1124.6875,1136.184,2,False,True,1.5,run centre,180.6376,1131.2957,2.1188,0.02
3S1,150,940,1420.7178,visible,190,191,1187.1701,1198.6667,2,False,False,1.0,run centre,190.5,1192.9184,2.3268,0.02
3S1,149,933,1429.7711,visible,191,191,1193.4184,1198.6667,1,False,False,1.0,run centre,191.0,1196.0425,2.3374,0.02
3S1,148,927,1437.531,hidden,,,,,,,,,,,,,
3S1,147,921,1445.2909,visible,195,196,1218.4115,1229.908,2,False,False,1.0,run centre,195.4833,1224.0553,2.432,0.02
3S1,146,915,1453.0508,visible,195,195,1218.4115,1223.6597,1,True,False,1.5,right edge minus half width,194.75,1219.4735,2.4165,0.0252
3S1,145,908,1462.104,hidden,,,,,,,,,,,,,
3S1,144,902,1469.8639,visible,198,198,1237.1562,1242.4045,1,True,True,1.5,"both edges covered, run centre",198.0,1239.7804,2.4851,0.0305
3S1,143,896,1477.6238,visible,203,203,1268.3976,1273.6458,1,True,False,1.5,right edge minus half width,202.75,1269.4596,2.5853,0.0252
3S1,142,890,1485.3837,visible,203,206,1268.3976,1292.3906,4,True,False,1.5,run centre,204.5061,1280.4322,2.6223,0.02
3S1,141,884,1493.1436,visible,206,206,1287.1424,1292.3906,1,True,False,1.5,right edge minus half width,205.75,1288.2044,2.6486,0.0252
3S1,140,877,1502.1968,visible,210,211,1312.1354,1323.6319,2,True,False,1.0,run centre,210.5,1317.8837,2.7488,0.02
3S1,139,871,1509.9567,visible,212,212,1324.6319,1329.8802,1,False,True,1.0,run centre,212.0,1327.2561,2.7804,0.02
3S1,138,865,1517.7166,hidden,,,,,,,,,,,,,
3S1,137,859,1525.4765,hidden,,,,,,,,,,,,,
3S1,136,852,1534.5297,visible,230,230,1437.1007,1442.349,1,False,False,1.0,run centre,230.0,1439.7248,3.1602,0.02
3S1,135,846,1542.2896,hidden,,,,,,,,,,,,,
3S1,134,840,1550.0495,visible,235,235,1468.342,1473.5903,1,True,False,1.0,run centre,235.0,1470.9661,3.2656,0.02
3S1,133,834,1557.8094,hidden,,,,,,,,,,,,,
3S1,132,827,1566.8627,hidden,,,,,,,,,,,,,
3S1,131,821,1574.6226,hidden,,,,,,,,,,,,,
3S1,130,815,1582.3825,hidden,,,,,,,,,,,,,
3S1,129,809,1590.1424,hidden,,,,,,,,,,,,,
3S1,128,802,1599.1956,visible,113,113,706.0538,711.3021,1,False,False,1.0,run centre,113.0,708.678,0.6919,0.02
4S1,325,2033,7.1224,visible,81,81,506.1094,511.3576,1,False,False,2.0,run centre,81.0,508.7335,0.0168,0.02
4S1,324,2027,14.8823,visible,81,81,506.1094,511.3576,1,False,False,2.0,run centre,81.0,508.7335,0.0168,0.02
4S1,323,2021,22.6422,visible,81,81,506.1094,511.3576,1,False,False,2.0,run centre,81.0,508.7335,0.0168,0.02
4S1,322,2014,31.6954,visible,81,82,506.1094,517.6059,2,False,False,2.0,run centre,81.4892,511.7899,0.0271,0.02
4S1,321,2008,39.4553,visible,81,82,506.1094,517.6059,2,False,False,2.0,run centre,81.5,511.8576,0.0273,0.02
4S1,320,2002,47.2152,visible,81,82,506.1094,517.6059,2,False,False,2.0,run centre,81.5,511.8576,0.0273,0.02
4S1,319,1996,54.9751,visible,81,82,506.1094,517.6059,2,False,False,2.0,run centre,81.5,511.8576,0.0273,0.02
4S1,318,1989,64.0284,visible,82,83,512.3576,523.8542,2,False,False,2.0,run centre,82.4977,518.0917,0.0484,0.02
4S1,317,1983,71.7883,visible,82,83,512.3576,523.8542,2,False,False,2.0,run centre,82.5,518.1059,0.0484,0.02
4S1,316,1977,79.5482,visible,82,83,512.3576,523.8542,2,False,False,2.0,run centre,82.5,518.1059,0.0484,0.02
4S1,315,1971,87.3081,visible,83,84,518.6059,530.1024,2,False,False,2.0,run centre,83.3589,523.4725,0.0665,0.02
4S1,314,1964,96.3613,visible,83,84,518.6059,530.1024,2,False,False,2.0,run centre,83.4914,524.3004,0.0693,0.02
4S1,313,1958,104.1212,visible,83,84,518.6059,530.1024,2,False,False,2.0,run centre,83.5,524.3542,0.0695,0.02
4S1,312,1952,111.8811,visible,83,84,518.6059,530.1024,2,False,False,2.0,run centre,83.5,524.3542,0.0695,0.02
4S1,311,1946,119.641,visible,84,85,524.8542,536.3507,2,False,False,2.0,run centre,84.3589,529.7208,0.0876,0.02
4S1,310,1939,128.6942,visible,84,85,524.8542,536.3507,2,False,False,2.0,run centre,84.4914,530.5486,0.0904,0.02
4S1,309,1933,136.4541,visible,84,85,524.8542,536.3507,2,False,False,2.0,run centre,84.5,530.6024,0.0906,0.02
4S1,308,1927,144.214,visible,84,85,524.8542,536.3507,2,False,False,2.0,run centre,84.5,530.6024,0.0906,0.02
4S1,307,1921,151.9739,visible,85,86,531.1024,542.599,2,False,False,2.0,run centre,85.2739,535.4382,0.1069,0.02
4S1,306,1914,161.0271,visible,85,86,531.1024,542.599,2,False,False,2.0,run centre,85.4479,536.5253,0.1106,0.02
4S1,305,1908,168.787,visible,85,86,531.1024,542.599,2,False,False,2.0,run centre,85.5,536.8507,0.1117,0.02
4S1,304,1902,176.5469,visible,85,86,531.1024,542.599,2,False,False,2.0,run centre,85.5,536.8507,0.1117,0.02
4S1,303,1896,184.3068,visible,85,86,531.1024,542.599,2,False,False,2.0,run centre,85.5,536.8507,0.1117,0.02
4S1,302,1889,193.3601,visible,86,87,537.3507,548.8472,2,False,False,2.0,run centre,86.4746,542.9402,0.1323,0.02
4S1,301,1883,201.12,visible,86,87,537.3507,548.8472,2,False,False,2.0,run centre,86.5,543.099,0.1328,0.02
4S1,300,1877,208.8799,visible,86,87,537.3507,548.8472,2,False,False,2.0,run centre,86.5,543.099,0.1328,0.02
4S1,299,1871,216.6398,visible,86,88,537.3507,555.0955,3,False,False,2.0,run centre,86.828,545.1486,0.1397,0.02
4S1,298,1864,225.693,visible,87,88,543.599,555.0955,2,False,False,2.0,run centre,87.4914,549.2934,0.1537,0.02
4S1,297,1858,233.4529,visible,87,88,543.599,555.0955,2,False,False,2.0,run centre,87.5,549.3472,0.1539,0.02
4S1,296,1852,241.2128,visible,88,89,549.8472,561.3438,2,False,False,2.0,run centre,88.3589,554.7138,0.172,0.02
4S1,295,1846,248.9727,visible,88,90,549.8472,567.592,3,False,False,2.0,run centre,88.7381,557.083,0.18,0.02
4S1,294,1839,258.0259,visible,88,90,549.8472,567.592,3,False,False,2.0,run centre,88.7381,557.083,0.18,0.02
4S1,293,1833,265.7858,visible,88,90,549.8472,567.592,3,False,False,2.0,run centre,88.9329,558.3003,0.1841,0.02
4S1,292,1827,273.5457,visible,88,90,549.8472,567.592,3,False,False,2.0,run centre,89.0,558.7196,0.1855,0.02
4S1,291,1821,281.3056,visible,89,90,556.0955,567.592,2,False,False,2.0,run centre,89.5,561.8438,0.1961,0.02
4S1,290,1814,290.3588,visible,89,90,556.0955,567.592,2,False,False,2.0,run centre,89.5,561.8438,0.1961,0.02
4S1,289,1808,298.1187,visible,89,90,556.0955,567.592,2,False,False,2.0,run centre,89.5,561.8438,0.1961,0.02
4S1,288,1802,305.8786,visible,89,91,556.0955,573.8403,3,False,False,2.0,run centre,89.7381,563.3313,0.2011,0.02
4S1,287,1796,313.6385,visible,90,91,562.3438,573.8403,2,False,False,2.0,run centre,90.4168,567.572,0.2154,0.02
4S1,286,1789,322.6918,visible,90,91,562.3438,573.8403,2,False,False,2.0,run centre,90.4935,568.0516,0.217,0.02
4S1,285,1783,330.4517,visible,90,91,562.3438,573.8403,2,False,False,2.0,run centre,90.5,568.092,0.2172,0.02
4S1,284,1777,338.2116,visible,90,91,562.3438,573.8403,2,False,False,2.0,run centre,90.5,568.092,0.2172,0.02
4S1,283,1771,345.9715,visible,91,92,568.592,580.0885,2,False,False,2.0,run centre,91.4168,573.8203,0.2365,0.02
4S1,282,1764,355.0247,visible,91,92,568.592,580.0885,2,False,False,2.0,run centre,91.5,574.3403,0.2383,0.02
4S1,281,1758,362.7846,visible,91,93,568.592,586.3368,3,False,False,2.0,run centre,91.828,576.3899,0.2452,0.02
4S1,280,1752,370.5445,visible,91,93,568.592,586.3368,3,False,False,2.0,run centre,91.9886,577.3931,0.2486,0.02
4S1,279,1746,378.3044,visible,92,93,574.8403,586.3368,2,False,False,2.0,run centre,92.5,580.5885,0.2594,0.02
4S1,278,1739,387.3576,visible,93,94,581.0885,592.5851,2,False,False,2.0,run centre,93.3589,585.9551,0.2775,0.02
4S1,277,1733,395.1175,visible,93,94,581.0885,592.5851,2,False,False,2.0,run centre,93.4914,586.783,0.2803,0.02
4S1,276,1727,402.8774,visible,93,94,581.0885,592.5851,2,False,False,2.0,run centre,93.5,586.8368,0.2805,0.02
4S1,275,1721,410.6373,visible,93,94,581.0885,592.5851,2,False,False,2.0,run centre,93.5,586.8368,0.2805,0.02
4S1,274,1714,419.6905,visible,94,95,587.3368,598.8333,2,False,False,2.0,run centre,94.3589,592.2034,0.2986,0.02
4S1,273,1708,427.4504,visible,94,95,587.3368,598.8333,2,False,False,2.0,run centre,94.4914,593.0313,0.3014,0.02
4S1,272,1702,435.2103,visible,94,96,587.3368,605.0816,3,False,False,3.0,run centre,94.8015,594.9688,0.3079,0.02
4S1,271,1696,442.9702,visible,94,97,587.3368,611.3299,4,False,False,3.0,run centre,95.2234,597.6053,0.3168,0.02
4S1,270,1689,452.0234,visible,94,97,587.3368,611.3299,4,False,False,3.0,run centre,95.2234,597.6053,0.3168,0.02
4S1,269,1683,459.7833,visible,95,97,593.5851,611.3299,3,False,False,3.0,run centre,95.7381,600.8208,0.3277,0.02
4S1,268,1677,467.5433,visible,95,97,593.5851,611.3299,3,False,False,2.0,run centre,95.8015,601.217,0.329,0.02
4S1,267,1671,475.3032,visible,96,99,599.8333,623.8264,4,False,False,2.0,run centre,97.2234,610.1018,0.359,0.02
4S1,266,1664,484.3564,visible,96,99,599.8333,623.8264,4,False,False,2.0,run centre,97.2234,610.1018,0.359,0.02
4S1,265,1658,492.1163,visible,96,98,599.8333,617.5781,3,False,False,2.0,run centre,97.0,608.7057,0.3543,0.02
4S1,264,1652,499.8762,visible,96,98,599.8333,617.5781,3,False,False,2.0,run centre,97.0,608.7057,0.3543,0.02
4S1,263,1646,507.6361,visible,97,99,606.0816,623.8264,3,False,False,2.0,run centre,97.828,613.8795,0.3718,0.02
4S1,262,1639,516.6893,visible,98,99,612.3299,623.8264,2,False,False,2.0,run centre,98.4925,618.0311,0.3858,0.02
4S1,261,1633,524.4492,visible,98,99,612.3299,623.8264,2,False,False,2.0,run centre,98.5,618.0781,0.386,0.02
4S1,260,1627,532.2091,visible,98,100,612.3299,630.0747,3,False,False,2.0,run centre,98.8015,619.9618,0.3923,0.02
4S1,259,1621,539.969,visible,99,100,618.5781,630.0747,2,False,False,2.0,run centre,99.5,624.3264,0.4071,0.02
4S1,258,1614,549.0222,visible,99,100,618.5781,630.0747,2,False,False,2.0,run centre,99.5,624.3264,0.4071,0.02
4S1,257,1608,556.7821,visible,99,100,618.5781,630.0747,2,False,False,2.0,run centre,99.5,624.3264,0.4071,0.02
4S1,256,1602,564.542,visible,99,100,618.5781,630.0747,2,False,False,2.0,run centre,99.5,624.3264,0.4071,0.02
4S1,255,1596,572.3019,visible,99,101,618.5781,636.3229,3,False,False,2.0,run centre,99.9562,627.1771,0.4167,0.02
4S1,254,1589,581.3551,visible,100,101,624.8264,636.3229,2,False,False,2.0,run centre,100.5,630.5747,0.4282,0.02
4S1,253,1583,589.115,visible,100,101,624.8264,636.3229,2,False,False,2.0,run centre,100.5,630.5747,0.4282,0.02
4S1,252,1577,596.8749,visible,100,101,624.8264,636.3229,2,False,False,2.0,run centre,100.5,630.5747,0.4282,0.02
4S1,251,1571,604.6348,visible,101,102,631.0747,642.5712,2,False,False,2.0,run centre,101.4168,636.3029,0.4475,0.02
4S1,250,1564,613.6881,visible,101,102,631.0747,642.5712,2,False,False,2.0,run centre,101.5,636.8229,0.4492,0.02
4S1,249,1558,621.448,visible,101,102,631.0747,642.5712,2,False,False,2.0,run centre,101.5,636.8229,0.4492,0.02
4S1,248,1552,629.2079,visible,102,103,637.3229,648.8194,2,False,False,2.0,run centre,102.4746,642.9124,0.4698,0.02
4S1,247,1546,636.9678,visible,102,104,637.3229,655.0677,3,False,False,2.0,run centre,102.8015,644.9549,0.4767,0.02
4S1,246,1539,646.021,visible,102,104,637.3229,655.0677,3,False,False,2.0,run centre,103.0,646.1953,0.4809,0.02
4S1,245,1533,653.7809,visible,102,104,637.3229,655.0677,3,False,False,2.0,run centre,103.0,646.1953,0.4809,0.02
4S1,244,1527,661.5408,visible,103,104,643.5712,655.0677,2,False,False,2.0,run centre,103.5,649.3194,0.4914,0.02
4S1,243,1521,669.3007,visible,103,105,643.5712,661.316,3,False,False,3.0,run centre,103.9562,652.1702,0.5011,0.02
4S1,242,1514,678.3539,visible,103,105,643.5712,661.316,3,False,False,3.0,run centre,104.0,652.4436,0.502,0.02
4S1,241,1508,686.1138,visible,104,105,649.8194,661.316,2,False,False,3.0,run centre,104.5,655.5677,0.5125,0.02
4S1,240,1502,693.8737,visible,104,106,649.8194,667.5642,3,False,False,3.0,run centre,104.9667,658.4836,0.5224,0.02
4S1,239,1496,701.6336,visible,104,106,649.8194,667.5642,3,False,False,3.0,run centre,105.0,658.6918,0.5231,0.02
4S1,238,1490,709.3935,visible,105,106,656.0677,667.5642,2,False,False,3.0,run centre,105.5,661.816,0.5336,0.02
4S1,237,1483,718.4467,visible,105,107,656.0677,673.8125,3,False,False,3.0,run centre,105.9182,664.4288,0.5425,0.02
4S1,236,1477,726.2066,visible,106,107,662.316,673.8125,2,False,False,3.0,run centre,106.5,668.0642,0.5547,0.02
4S1,235,1471,733.9665,visible,106,108,662.316,680.0608,3,False,False,3.0,run centre,106.8015,669.9479,0.5611,0.02
4S1,234,1465,741.7264,visible,107,108,668.5642,680.0608,2,False,False,3.0,run centre,107.5,674.3125,0.5758,0.02
4S1,233,1458,750.7797,visible,107,109,668.5642,686.309,3,False,False,3.0,run centre,107.8015,676.1962,0.5822,0.02
4S1,232,1452,758.5396,visible,107,109,668.5642,686.309,3,False,False,3.0,run centre,108.0,677.4366,0.5864,0.02
4S1,231,1446,766.2995,visible,107,110,668.5642,692.5573,4,False,False,3.0,run centre,108.2872,679.2313,0.5924,0.02
4S1,230,1440,774.0594,visible,108,110,674.8125,692.5573,3,False,False,3.0,run centre,109.0,683.6849,0.6075,0.02
4S1,229,1433,783.1126,visible,108,110,674.8125,692.5573,3,False,False,3.0,run centre,109.0,683.6849,0.6075,0.02
4S1,228,1427,790.8725,visible,109,111,681.0608,698.8056,3,False,False,3.0,run centre,109.8015,688.6927,0.6244,0.02
4S1,227,1421,798.6324,visible,109,111,681.0608,698.8056,3,False,False,4.0,run centre,110.0,689.9332,0.6286,0.02
4S1,226,1415,806.3923,visible,109,112,681.0608,705.0538,4,False,False,4.0,run centre,110.3063,691.8468,0.635,0.02
4S1,225,1408,815.4455,visible,109,112,681.0608,705.0538,4,False,False,4.0,run centre,110.6936,694.2673,0.6432,0.02
4S1,224,1402,823.2054,visible,110,115,687.309,723.7986,6,False,False,4.0,run centre,112.4421,705.192,0.6801,0.02
4S1,223,1396,830.9653,visible,110,116,687.309,730.0469,7,False,False,4.0,run centre,112.9396,708.3008,0.6906,0.02
4S1,222,1390,838.7252,visible,111,116,693.5573,730.0469,6,False,False,4.0,run centre,113.5085,711.8554,0.7026,0.02
4S1,221,1383,847.7784,visible,111,116,693.5573,730.0469,6,False,False,4.0,run centre,113.5,711.8021,0.7024,0.02
4S1,220,1377,855.5383,visible,112,116,699.8056,730.0469,5,False,False,4.0,run centre,114.0,714.9262,0.713,0.02
4S1,219,1371,863.2982,visible,112,117,699.8056,736.2951,6,False,False,4.0,run centre,114.3751,717.2702,0.7209,0.02
4S1,218,1365,871.0581,visible,113,117,706.0538,736.2951,5,False,False,4.0,run centre,115.0,721.1745,0.7341,0.02
4S1,217,1358,880.1114,visible,113,117,706.0538,736.2951,5,False,False,4.0,run centre,115.0,721.1745,0.7341,0.02
4S1,216,1352,887.8713,visible,114,118,712.3021,742.5434,5,False,False,4.0,run centre,115.7793,726.0437,0.7505,0.02
4S1,215,1346,895.6312,visible,114,118,712.3021,742.5434,5,False,False,4.0,run centre,116.0,727.4227,0.7551,0.02
4S1,214,1340,903.3911,visible,115,115,718.5503,723.7986,1,False,False,4.0,run centre,115.0,721.1745,0.7341,0.02
4S1,213,1333,912.4443,visible,117,118,731.0469,742.5434,2,False,False,4.0,run centre,117.5,736.7951,0.7868,0.02
4S1,212,1327,920.2042,visible,117,118,731.0469,742.5434,2,False,False,4.0,run centre,117.5,736.7951,0.7868,0.02
4S1,211,1321,927.9641,visible,117,119,731.0469,748.7917,3,False,False,4.0,run centre,118.0,739.9193,0.7973,0.02
4S1,210,1315,935.724,visible,117,119,731.0469,748.7917,3,False,False,4.0,run centre,118.1877,741.0919,0.8013,0.02
4S1,209,1308,944.7772,visible,118,119,737.2951,748.7917,2,False,False,4.0,run centre,118.5,743.0434,0.8079,0.02
4S1,208,1302,952.5371,visible,118,121,737.2951,761.2882,4,False,False,4.0,run centre,119.3456,748.327,0.8257,0.02
4S1,207,1296,960.297,visible,119,121,743.5434,761.2882,3,False,False,4.0,run centre,120.0,752.4158,0.8395,0.02
4S1,206,1290,968.0569,visible,119,122,743.5434,767.5365,4,False,False,3.0,run centre,120.2872,754.2104,0.8456,0.02
4S1,205,1283,977.1101,visible,119,122,743.5434,767.5365,4,False,False,3.0,run centre,120.6936,756.7499,0.8542,0.02
4S1,204,1277,984.87,visible,120,122,749.7917,767.5365,3,False,False,3.0,run centre,121.0,758.6641,0.8606,0.02
4S1,203,1271,992.6299,visible,120,122,749.7917,767.5365,3,False,False,3.0,run centre,121.1644,759.6911,0.8641,0.02
4S1,202,1265,1000.3898,visible,121,123,756.0399,773.7847,3,False,False,3.0,run centre,122.126,765.6998,0.8844,0.02
4S1,201,1258,1009.443,visible,122,123,762.2882,773.7847,2,False,False,3.0,run centre,122.5,768.0365,0.8923,0.02
4S1,200,1252,1017.203,visible,122,125,762.2882,786.2812,4,False,False,3.0,run centre,123.5,774.2847,0.9134,0.02
4S1,199,1246,1024.9629,visible,122,126,762.2882,792.5295,5,False,False,4.0,run centre,124.0209,777.5394,0.9244,0.02
4S1,198,1240,1032.7228,visible,123,126,768.5365,792.5295,4,False,False,4.0,run centre,124.5,780.533,0.9345,0.02
4S1,197,1233,1041.776,visible,124,126,774.7847,792.5295,3,False,False,4.0,run centre,125.0,783.6571,0.945,0.02
4S1,196,1227,1049.5359,visible,124,128,774.7847,805.026,5,False,False,4.0,run centre,126.2095,791.2143,0.9705,0.02
4S1,195,1221,1057.2958,visible,125,128,781.033,805.026,4,False,False,4.0,run centre,126.5,793.0295,0.9767,0.02
4S1,194,1215,1065.0557,visible,126,128,787.2812,805.026,3,False,False,4.0,run centre,127.0,796.1536,0.9872,0.02
4S1,193,1208,1074.1089,visible,127,128,793.5295,805.026,2,False,False,4.0,run centre,127.5,799.2778,0.9978,0.02
4S1,192,1202,1081.8688,visible,128,130,799.7778,817.5226,3,False,False,4.0,run centre,129.0,808.6502,1.0294,0.02
4S1,191,1196,1089.6287,visible,128,132,799.7778,830.0191,5,False,False,4.0,run centre,130.0,814.8984,1.0505,0.02
4S1,190,1190,1097.3886,visible,128,132,799.7778,830.0191,5,False,False,4.0,run centre,130.0,814.8984,1.0505,0.02
4S1,189,1183,1106.4418,visible,129,132,806.026,830.0191,4,False,False,5.0,run centre,130.5,818.0226,1.061,0.02
4S1,188,1177,1114.2017,visible,131,135,818.5226,848.7639,5,False,False,5.0,run centre,132.8276,832.5663,1.1102,0.02
4S1,187,1171,1121.9616,visible,132,135,824.7708,848.7639,4,False,False,5.0,run centre,133.5,836.7674,1.1243,0.02
4S1,186,1165,1129.7215,visible,133,136,831.0191,855.0122,4,False,False,5.0,run centre,134.5,843.0156,1.1454,0.02
4S1,185,1158,1138.7747,visible,133,137,831.0191,861.2604,5,False,False,5.0,run centre,135.0,846.1398,1.156,0.02
4S1,184,1152,1146.5346,visible,135,137,843.5156,861.2604,3,False,False,5.0,run centre,136.0,852.388,1.1771,0.02
4S1,183,1146,1154.2945,visible,135,140,843.5156,880.0052,6,False,False,5.0,run centre,137.5,861.7604,1.2087,0.02
4S1,182,1140,1162.0544,visible,136,141,849.7639,886.2535,6,False,False,5.0,run centre,138.5,868.0087,1.2298,0.02
4S1,181,1133,1171.1077,visible,137,142,856.0122,892.5017,6,False,False,5.0,run centre,139.5,874.2569,1.2509,0.02
4S1,180,1127,1178.8676,visible,138,145,862.2604,911.2465,8,False,False,5.0,run centre,141.2682,885.3051,1.2882,0.02
4S1,179,1121,1186.6275,visible,140,145,874.7569,911.2465,6,False,False,5.0,run centre,142.5,893.0017,1.3142,0.02
4S1,178,1115,1194.3874,visible,141,145,881.0052,911.2465,5,False,False,5.0,run centre,143.0,896.1259,1.3248,0.02
4S1,177,1108,1203.4406,visible,142,146,887.2535,917.4948,5,False,False,5.0,run centre,144.0,902.3741,1.3459,0.02
4S1,176,1102,1211.2005,visible,143,147,893.5017,923.7431,5,False,False,5.0,run centre,145.0,908.6224,1.367,0.02
4S1,175,1096,1218.9604,visible,145,148,905.9983,929.9913,4,False,False,5.0,run centre,146.5,917.9948,1.3986,0.02
4S1,174,1090,1226.7203,visible,145,151,905.9983,948.7361,7,False,False,5.0,run centre,147.6259,925.0299,1.4223,0.02
4S1,173,1083,1235.7735,visible,146,151,912.2465,948.7361,6,False,False,5.0,run centre,148.5024,930.5063,1.4408,0.02
4S1,172,1077,1243.5334,visible,147,151,918.4948,948.7361,5,False,False,5.0,run centre,149.0,933.6155,1.4513,0.02
4S1,171,1071,1251.2933,visible,148,155,924.7431,973.7292,8,False,False,6.0,run centre,151.5,949.2361,1.5041,0.02
4S1,170,1065,1259.0532,visible,148,155,924.7431,973.7292,8,False,False,6.0,run centre,151.7139,950.5723,1.5086,0.02
4S1,169,1058,1268.1064,visible,150,155,937.2396,973.7292,6,False,False,6.0,run centre,152.5,955.4844,1.5252,0.02
4S1,168,1052,1275.8663,visible,152,155,949.7361,973.7292,4,False,False,5.0,run centre,153.504,961.7578,1.5464,0.02
4S1,167,1046,1283.6262,visible,126,126,787.2812,792.5295,1,False,False,5.0,run centre,126.0,789.9054,0.9661,0.02
4S1,166,1040,1291.3861,visible,154,155,962.2326,973.7292,2,False,False,5.0,run centre,154.3946,967.3221,1.5651,0.02
4S1,165,1033,1300.4394,visible,159,163,993.474,1023.7153,5,False,False,5.0,run centre,160.9965,1008.5726,1.7044,0.02
4S1,164,1027,1308.1993,visible,126,126,787.2812,792.5295,1,False,False,5.0,run centre,126.0,789.9054,0.9661,0.02
4S1,163,1021,1315.9592,visible,160,164,999.7222,1029.9635,5,False,False,5.0,run centre,162.2627,1016.4845,1.7311,0.02
4S1,162,1015,1323.7191,visible,162,165,1012.2188,1036.2118,4,False,False,5.0,run centre,163.5,1024.2153,1.7572,0.02
4S1,161,1008,1332.7723,visible,162,167,1012.2188,1048.7083,6,False,False,5.0,run centre,164.6979,1031.7003,1.7825,0.02
4S1,160,1002,1340.5322,visible,163,168,1018.467,1054.9566,6,False,False,5.0,run centre,165.5,1036.7118,1.7994,0.02
4S1,159,996,1348.2921,visible,163,170,1018.467,1067.4531,8,False,False,5.0,run centre,166.7969,1044.8149,1.8268,0.02
4S1,158,990,1356.052,visible,165,171,1030.9635,1073.7014,7,False,False,5.0,run centre,168.0,1052.3325,1.8522,0.02
4S1,157,983,1365.1052,visible,165,173,1030.9635,1086.1979,9,False,False,5.0,run centre,169.3656,1060.8652,1.881,0.02
4S1,156,977,1372.8651,visible,123,123,768.5365,773.7847,1,False,False,5.0,run centre,123.0,771.1606,0.9028,0.02
4S1,155,971,1380.625,visible,168,177,1049.7083,1111.191,10,False,False,5.0,run centre,172.5,1080.4497,1.9471,0.02
4S1,154,965,1388.3849,visible,116,116,724.7986,730.0469,1,False,False,5.0,run centre,116.0,727.4227,0.7551,0.02
4S1,153,958,1397.4381,visible,173,177,1080.9497,1111.191,5,False,False,6.0,run centre,175.0,1096.0703,1.9998,0.02
4S1,152,952,1405.198,visible,174,177,1087.1979,1111.191,4,False,False,6.0,run centre,175.3626,1098.3356,2.0075,0.02
4S1,151,946,1412.9579,visible,175,176,1093.4462,1104.9427,2,False,False,7.0,run centre,175.5,1099.1944,2.0104,0.02
4S1,150,940,1420.7178,visible,182,188,1137.184,1179.9219,7,False,False,7.0,run centre,185.0,1158.553,2.2108,0.02
4S1,149,933,1429.7711,visible,182,189,1137.184,1186.1701,8,False,False,7.0,run centre,185.5632,1162.0718,2.2227,0.02
4S1,148,927,1437.531,visible,125,125,781.033,786.2812,1,False,False,7.0,run centre,125.0,783.6571,0.945,0.02
4S1,147,921,1445.2909,visible,125,125,781.033,786.2812,1,False,False,7.0,run centre,125.0,783.6571,0.945,0.02
4S1,146,915,1453.0508,visible,111,111,693.5573,698.8056,1,False,False,7.0,run centre,111.0,696.1814,0.6497,0.02
4S1,145,908,1462.104,visible,188,194,1174.6736,1217.4115,7,False,False,7.0,run centre,191.0,1196.0425,2.3374,0.02
4S1,144,902,1469.8639,visible,188,197,1174.6736,1236.1562,10,False,False,7.0,run centre,192.6713,1206.485,2.3727,0.02
4S1,143,896,1477.6238,visible,190,202,1187.1701,1267.3976,13,False,False,7.0,run centre,196.2418,1228.7946,2.448,0.02
4S1,142,890,1485.3837,visible,193,202,1205.9149,1267.3976,10,False,False,7.0,run centre,197.5,1236.6562,2.4745,0.02
4S1,141,884,1493.1436,visible,194,205,1212.1632,1286.1424,12,False,False,8.0,run centre,199.4245,1248.6813,2.5151,0.02
4S1,140,877,1502.1968,visible,198,209,1237.1562,1311.1354,12,False,False,9.0,run centre,203.5002,1274.1469,2.6011,0.02
4S1,139,871,1509.9567,visible,198,209,1237.1562,1311.1354,12,False,False,9.5,run centre,203.7367,1275.6246,2.6061,0.02
4S1,138,865,1517.7166,visible,200,208,1249.6528,1304.8872,9,False,False,10.0,run centre,204.3075,1279.1913,2.6181,0.02
4S1,137,859,1525.4765,visible,203,208,1268.3976,1304.8872,6,False,False,10.0,run centre,205.8361,1288.7424,2.6504,0.02
4S1,136,852,1534.5297,visible,206,208,1287.1424,1304.8872,3,False,False,10.0,run centre,207.0,1296.0148,2.6749,0.02
4S1,135,846,1542.2896,visible,206,208,1287.1424,1304.8872,3,False,False,11.0,run centre,207.1149,1296.7329,2.6774,0.02
4S1,134,840,1550.0495,visible,216,234,1349.625,1467.342,19,False,False,12.0,run centre,225.2303,1409.9225,3.0595,0.02
4S1,133,834,1557.8094,visible,217,237,1355.8733,1486.0868,21,False,False,12.0,run centre,227.6567,1425.0833,3.1107,0.02
4S1,132,827,1566.8627,visible,221,243,1380.8663,1523.5764,23,False,False,12.0,run centre,232.3892,1454.6534,3.2106,0.02
4S1,131,821,1574.6226,visible,223,225,1393.3628,1411.1076,3,False,False,12.0,run centre,224.0,1402.2352,3.0336,0.02
4S1,130,815,1582.3825,visible,227,260,1418.3559,1629.7969,34,False,False,12.0,run centre,243.7644,1525.7286,3.4505,0.02
4S1,129,809,1590.1424,visible,229,265,1430.8524,1661.0382,37,False,False,12.0,run centre,248.0291,1552.3755,3.5405,0.02
4S1,128,802,1599.1956,visible,235,270,1468.342,1692.2795,36,False,False,12.0,run centre,252.8372,1582.4176,3.642,0.02
