beam_test,report,figure,pdf_page,px_x,px_y,ring_score,void_score,load_kip,deflection_in,branch
B3-S1,279.2,9,79,1075.7,3851.2,0.849,-0.0,4.9,0.0476,first_loading
B3-S1,279.2,9,79,1134.8,3625.9,0.928,0.021,9.87,0.0765,first_loading
B3-S1,279.2,9,79,1297.2,3166.9,0.847,-0.0,19.99,0.1563,first_loading
B3-S1,279.2,9,79,3057.7,3164.8,0.836,-0.0,20.07,1.0299,post_cycle_same_load
B3-S1,279.2,9,79,2998.7,3163.0,0.884,0.0,20.1,1.0006,post_cycle_same_load
B3-S1,279.2,9,79,1567.9,2257.6,0.885,-0.0,40.04,0.2891,first_loading
B3-S1,279.2,9,79,1687.1,2031.2,0.851,-0.0,45.03,0.3478,post_cycle_loading
B3-S1,279.2,9,79,1790.2,1801.9,0.937,-0.0,50.09,0.3986,post_cycle_loading
B3-S1,279.2,9,79,2435.7,1491.1,0.871,-0.0,56.95,0.7183,post_cycle_loading
B3-S1,279.2,9,79,2915.2,1304.2,0.954,0.0,61.08,0.9559,post_cycle_loading
B4-S1,279.2,12,82,2035.4,3739.0,1.0,0.039,4.85,0.5761,post_cycle_same_load
B4-S1,279.2,12,82,983.6,3735.1,1.0,0.045,4.93,0.0539,first_loading
B4-S1,279.2,12,82,2139.1,3505.6,1.0,0.049,9.99,0.6273,post_cycle_same_load
B4-S1,279.2,12,82,1045.3,3503.9,1.0,0.042,10.02,0.0842,first_loading
B4-S1,279.2,12,82,2219.1,3282.9,1.0,0.028,14.89,0.6667,post_cycle_same_load
B4-S1,279.2,12,82,3160.0,3282.9,0.997,0.08,14.89,1.1338,post_cycle_same_load
B4-S1,279.2,12,82,1105.2,3279.8,1.0,0.03,14.96,0.1136,first_loading
B4-S1,279.2,12,82,1203.7,3048.2,1.0,0.028,20.06,0.1621,first_loading
B4-S1,279.2,12,82,2377.7,2830.9,0.981,0.066,24.84,0.7447,post_cycle_same_load
B4-S1,279.2,12,82,1263.7,2825.0,0.99,0.035,24.97,0.1916,first_loading
B4-S1,279.2,12,82,1349.8,2601.8,1.0,0.02,29.89,0.234,first_loading
B4-S1,279.2,12,82,2220.4,2600.1,1.0,0.006,29.93,0.6662,post_cycle_same_load
B4-S1,279.2,12,82,2576.0,2371.0,0.991,0.087,34.97,0.8425,post_cycle_loading
B4-S1,279.2,12,82,1406.1,2368.0,1.0,0.041,35.03,0.2616,post_cycle_loading
B4-S1,279.2,12,82,2657.9,2147.2,0.985,0.01,39.9,0.8828,post_cycle_loading
B4-S1,279.2,12,82,1512.6,2144.1,1.0,0.031,39.96,0.3141,post_cycle_loading
B4-S1,279.2,12,82,1594.0,1923.8,1.0,0.032,44.82,0.3542,post_cycle_loading
B4-S1,279.2,12,82,1653.3,1809.9,0.997,0.066,47.32,0.3835,post_cycle_loading
B4-S1,279.2,12,82,1737.7,1764.8,1.0,-0.0,48.32,0.4253,post_cycle_loading
B4-S1,279.2,12,82,3447.9,1139.7,0.999,0.056,62.08,1.2735,post_cycle_loading
B5-S1,279.2,15,85,1022.1,3613.9,0.961,0.0,9.98,0.0722,first_loading
B5-S1,279.2,15,85,1187.0,3157.9,0.973,0.0,20.0,0.1532,first_loading
B5-S1,279.2,15,85,1342.2,2707.1,0.991,-0.0,29.9,0.2294,first_loading
B5-S1,279.2,15,85,1521.8,2244.8,0.954,-0.0,40.06,0.3177,first_loading
B5-S1,279.2,15,85,1587.8,2068.4,0.995,0.0,43.94,0.3502,post_cycle_loading
B5-S1,279.2,15,85,1661.2,1931.1,0.999,-0.0,46.95,0.3864,post_cycle_loading
B5-S1,279.2,15,85,1831.0,1792.1,0.995,0.038,50.01,0.4705,post_cycle_loading
B5-S1,279.2,15,85,2032.3,1662.8,1.0,-0.0,52.85,0.5702,post_cycle_loading
B5-S1,279.2,15,85,2232.8,1572.3,0.992,0.0,54.84,0.6697,post_cycle_loading
B5-S1,279.2,15,85,2434.3,1509.8,0.991,0.0,56.21,0.7697,post_cycle_loading
B5-S1,279.2,15,85,2613.7,1449.8,0.998,0.0,57.53,0.8587,post_cycle_loading
B5-S1,279.2,15,85,2818.0,1419.0,0.992,-0.0,58.21,0.9601,post_cycle_loading
B5-S1,279.2,15,85,3236.1,1341.2,0.998,0.023,59.92,1.1678,post_cycle_loading
B6-S1,279.2,18,88,1038.1,3642.3,0.892,0.0,9.96,0.072,first_loading
B6-S1,279.2,18,88,1334.8,3190.3,0.99,0.032,19.95,0.2195,post_cycle_same_load
B6-S1,279.2,18,88,1216.0,3188.8,0.915,0.0,19.98,0.1604,first_loading
B6-S1,279.2,18,88,1656.0,3188.6,0.974,0.0,19.98,0.3792,post_cycle_same_load
B6-S1,279.2,18,88,1721.0,3188.4,0.999,0.016,19.99,0.4115,post_cycle_same_load
B6-S1,279.2,18,88,1363.3,2739.0,0.975,0.02,29.92,0.2335,first_loading
B6-S1,279.2,18,88,1636.1,2284.3,0.909,-0.0,39.97,0.369,first_loading
B6-S1,279.2,18,88,1701.0,2280.2,0.949,0.016,40.06,0.4013,post_cycle_same_load
B6-S1,279.2,18,88,1798.8,2067.0,0.96,0.034,44.77,0.4499,post_cycle_loading
B6-S1,279.2,18,88,1919.3,1978.1,0.969,0.0,46.74,0.5098,post_cycle_loading
B6-S1,279.2,18,88,2021.1,1893.3,0.928,0.0,48.61,0.5604,post_cycle_loading
B6-S1,279.2,18,88,2243.9,1830.0,0.924,0.034,50.01,0.6712,post_cycle_loading
B6-S1,279.2,18,88,2181.8,1790.0,0.878,0.03,50.89,0.6403,post_cycle_loading
B6-S1,279.2,18,88,2465.3,1729.1,0.961,0.0,52.24,0.7813,post_cycle_loading
B6-S1,279.2,18,88,2588.1,1712.6,0.987,0.008,52.6,0.8423,post_cycle_loading
B6-S1,279.2,18,88,2991.3,1620.0,1.0,0.0,54.65,1.0429,post_cycle_loading
B6-S1,279.2,18,88,2750.8,1617.7,0.999,0.025,54.7,0.9232,post_cycle_loading
B6-S1,279.2,18,88,3400.9,1598.7,0.972,-0.0,55.12,1.2466,post_cycle_loading
B6-S1,279.2,18,88,3194.1,1595.8,0.985,0.001,55.18,1.1437,post_cycle_loading
B7-S1,279.6,10,73,2041.8,4235.1,0.82,0.0,-0.15,0.6794,residual_after_unloading
B7-S1,279.6,10,73,719.4,4233.9,0.846,0.0,-0.1,0.0269,residual_after_unloading
B7-S1,279.6,10,73,759.7,4233.2,0.752,0.0,-0.08,0.0468,residual_after_unloading
B7-S1,279.6,10,73,808.9,3773.2,0.902,0.0,10.01,0.07,first_loading
B7-S1,279.6,10,73,1111.2,3318.8,0.88,0.0,19.97,0.2181,post_cycle_same_load
B7-S1,279.6,10,73,2513.1,3315.2,0.751,0.0,20.02,0.9097,post_cycle_same_load
B7-S1,279.6,10,73,992.9,3316.2,0.905,0.0,20.03,0.1597,first_loading
B7-S1,279.6,10,73,1172.1,2860.2,0.93,0.0,30.03,0.2471,first_loading
B7-S1,279.6,10,73,1477.3,2408.2,0.915,0.0,39.94,0.3966,post_cycle_same_load
B7-S1,279.6,10,73,1400.0,2406.0,0.892,0.0,39.99,0.3584,first_loading
B7-S1,279.6,10,73,1655.9,2213.1,0.944,0.0,44.21,0.4842,post_cycle_loading
B7-S1,279.6,10,73,1857.8,2030.2,0.949,0.0,48.22,0.5834,post_cycle_loading
B7-S1,279.6,10,73,2076.3,1902.0,0.869,-0.0,51.03,0.6909,post_cycle_loading
B7-S1,279.6,10,73,2262.0,1843.2,0.903,0.0,52.31,0.7824,post_cycle_loading
B7-S1,279.6,10,73,2689.1,1753.8,0.917,0.0,54.27,0.9929,post_cycle_loading
B7-S1,279.6,10,73,3200.7,1692.2,0.835,0.0,55.61,1.2452,post_cycle_loading
B7-S1,279.6,10,73,3117.4,1681.0,0.882,0.0,55.85,1.204,post_cycle_loading
B7-S1,279.6,10,73,2444.7,1589.2,0.761,-0.0,57.88,0.8719,post_cycle_loading
B8-S1,279.6,12,75,1596.0,4273.7,0.999,0.047,-0.2,0.4421,residual_after_unloading
B8-S1,279.6,12,75,744.4,4268.0,0.843,-0.0,-0.1,0.0226,residual_after_unloading
B8-S1,279.6,12,75,2022.4,3358.1,0.977,-0.0,19.83,0.6513,post_cycle_same_load
B8-S1,279.6,12,75,1116.8,3357.2,0.987,0.0,19.83,0.2051,post_cycle_same_load
B8-S1,279.6,12,75,1036.9,3355.0,0.964,0.009,19.88,0.1657,first_loading
B8-S1,279.6,12,75,1413.9,2473.0,0.778,0.0,39.18,0.3506,post_cycle_same_load
B8-S1,279.6,12,75,1442.1,2439.8,0.997,0.0,39.9,0.3644,post_cycle_same_load
B8-S1,279.6,12,75,1395.8,2438.7,0.993,0.0,39.93,0.3416,first_loading
B8-S1,279.6,12,75,1558.8,2217.0,0.98,0.0,44.78,0.4217,post_cycle_loading
B8-S1,279.6,12,75,2432.2,2215.4,1.0,0.0,44.83,0.852,post_cycle_loading
B8-S1,279.6,12,75,1806.9,2003.9,0.977,-0.0,49.44,0.5437,post_cycle_loading
B8-S1,279.6,12,75,2027.9,1902.9,0.997,0.0,51.66,0.6525,post_cycle_loading
B8-S1,279.6,12,75,2213.2,1815.2,0.998,0.0,53.58,0.7437,post_cycle_loading
B8-S1,279.6,12,75,1936.2,1746.2,0.79,0.0,55.08,0.6072,post_cycle_loading
B8-S1,279.6,12,75,2636.0,1732.0,0.987,0.0,55.41,0.9519,post_cycle_loading
B8-S1,279.6,12,75,2866.8,1701.8,0.993,0.073,56.07,1.0656,post_cycle_loading
B8-S1,279.6,12,75,3265.9,1640.3,0.928,0.0,57.43,1.2622,post_cycle_loading
B9-S1,279.6,15,78,1747.8,4255.8,0.936,-0.0,0.01,0.5805,residual_after_unloading
B9-S1,279.6,15,78,631.9,4253.3,0.754,-0.0,0.05,0.0307,residual_after_unloading
B9-S1,279.6,15,78,749.1,3799.1,0.896,0.05,9.98,0.088,first_loading
B9-S1,279.6,15,78,2213.0,3346.3,0.91,0.0,19.9,0.809,post_cycle_same_load
B9-S1,279.6,15,78,933.8,3345.7,0.85,0.0,19.9,0.1786,first_loading
B9-S1,279.6,15,78,2170.3,3345.8,0.982,0.0,19.91,0.7879,post_cycle_same_load
B9-S1,279.6,15,78,1035.7,3344.9,0.873,-0.0,19.92,0.2289,post_cycle_same_load
B9-S1,279.6,15,78,1143.6,2882.1,0.859,0.0,30.03,0.2816,first_loading
B9-S1,279.6,15,78,2533.1,2429.9,0.89,-0.0,39.94,0.9659,post_cycle_same_load
B9-S1,279.6,15,78,1355.2,2427.2,0.886,-0.0,39.98,0.3855,first_loading
B9-S1,279.6,15,78,1544.9,2204.0,0.929,0.0,44.86,0.4788,post_cycle_loading
B9-S1,279.6,15,78,1790.1,2030.3,0.958,0.0,48.67,0.5994,post_cycle_loading
B9-S1,279.6,15,78,2011.2,1928.8,0.908,0.0,50.89,0.7083,post_cycle_loading
B9-S1,279.6,15,78,2195.9,1875.5,0.85,-0.0,52.05,0.7992,post_cycle_loading
B9-S1,279.6,15,78,2410.0,1813.8,0.975,-0.0,53.4,0.9047,post_cycle_loading
B9-S1,279.6,15,78,1847.1,1745.1,0.768,-0.0,54.9,0.6273,post_cycle_loading
B9-S1,279.6,15,78,2815.8,1742.2,0.98,0.0,54.97,1.1046,post_cycle_loading
B9-S1,279.6,15,78,2920.1,1733.3,0.959,0.0,55.17,1.156,post_cycle_loading
B10,279.6,18,81,718.1,4193.3,0.841,0.003,0.05,0.0085,origin
B10,279.6,18,81,720.2,4044.6,0.931,-0.0,4.94,0.0104,first_loading
B10,279.6,18,81,755.7,3887.1,0.882,0.004,10.12,0.0453,first_loading
B10,279.6,18,81,805.0,3585.5,0.775,0.0,20.03,0.0938,first_loading
B10,279.6,18,81,914.2,3285.7,0.874,0.0,29.89,0.2014,post_cycle_same_load
B10,279.6,18,81,865.6,3280.1,0.823,0.0,30.07,0.1535,first_loading
B10,279.6,18,81,939.8,2978.0,0.849,0.0,40.0,0.2265,first_loading
B10,279.6,18,81,997.8,2666.0,0.842,-0.0,50.26,0.2835,first_loading
B10,279.6,18,81,1068.0,2368.8,0.786,0.02,60.03,0.3526,first_loading
B10,279.6,18,81,1204.0,2062.3,0.794,0.0,70.11,0.4867,post_cycle_loading
B10,279.6,18,81,1297.0,1967.1,0.914,0.0,73.23,0.5786,post_cycle_loading
B10,279.6,18,81,1424.0,1789.3,0.827,-0.0,79.08,0.7039,post_cycle_loading
B10,279.6,18,81,1502.2,1752.6,0.783,-0.0,80.28,0.7812,post_cycle_loading
B10,279.6,18,81,1931.1,1606.1,0.915,0.0,85.09,1.205,post_cycle_loading
B11,279.6,19,82,1388.7,4135.9,0.858,0.0,0.05,0.804,residual_after_unloading
B11,279.6,19,82,636.8,4134.9,0.966,-0.0,0.08,0.0616,residual_after_unloading
B11,279.6,19,82,642.2,3831.7,0.95,0.0,10.06,0.0671,first_loading
B11,279.6,19,82,704.6,3529.9,0.924,0.0,19.99,0.1289,first_loading
B11,279.6,19,82,831.2,3227.0,0.941,-0.0,29.95,0.2541,post_cycle_same_load
B11,279.6,19,82,1597.9,3225.8,0.879,-0.0,29.99,1.011,post_cycle_same_load
B11,279.6,19,82,1645.1,3224.1,0.833,0.0,30.05,1.0576,post_cycle_same_load
B11,279.6,19,82,755.7,3223.1,0.94,0.0,30.08,0.1795,first_loading
B11,279.6,19,82,823.2,2920.3,0.935,0.0,40.04,0.2463,first_loading
B11,279.6,19,82,911.9,2619.6,0.988,-0.0,49.93,0.334,first_loading
B11,279.6,19,82,1801.8,2315.0,0.884,0.0,59.96,1.2128,post_cycle_same_load
B11,279.6,19,82,992.1,2313.2,0.917,0.0,60.02,0.4134,first_loading
B11,279.6,19,82,1152.1,2010.9,0.921,0.0,69.96,0.5715,post_cycle_loading
B11,279.6,19,82,1252.9,1889.0,0.933,-0.0,73.97,0.6712,post_cycle_loading
B11,279.6,19,82,1362.0,1799.9,0.962,0.021,76.91,0.7789,post_cycle_loading
B11,279.6,19,82,1467.8,1729.2,0.945,0.027,79.23,0.8834,post_cycle_loading
B11,279.6,19,82,1677.1,1643.8,0.96,0.0,82.04,1.0901,post_cycle_loading
B12,279.6,20,83,579.8,4318.9,0.849,0.0,0.19,0.0204,residual_after_unloading
B12,279.6,20,83,611.2,4018.1,0.856,-0.0,10.08,0.052,first_loading
B12,279.6,20,83,685.9,3717.2,0.878,0.004,19.96,0.1264,first_loading
B12,279.6,20,83,776.1,3412.0,0.818,0.001,30.0,0.2161,post_cycle_same_load
B12,279.6,20,83,732.7,3411.8,0.858,0.0,30.0,0.1732,first_loading
B12,279.6,20,83,788.1,3106.7,0.822,0.0,40.03,0.2285,first_loading
B12,279.6,20,83,857.8,2801.1,0.841,0.0,50.08,0.298,first_loading
B12,279.6,20,83,937.9,2497.8,0.932,-0.0,60.04,0.3777,first_loading
B12,279.6,20,83,1071.8,2196.9,0.871,-0.0,69.94,0.5106,post_cycle_loading
B12,279.6,20,83,1160.1,2071.1,0.796,-0.0,74.07,0.5981,post_cycle_loading
B12,279.6,20,83,1255.8,1945.0,0.87,0.0,78.22,0.693,post_cycle_loading
B12,279.6,20,83,1363.8,1891.8,0.85,0.0,79.97,0.7999,post_cycle_loading
B12,279.6,20,83,1460.1,1829.3,0.876,0.0,82.02,0.8952,post_cycle_loading
B12,279.6,20,83,1652.9,1792.9,0.824,0.004,83.22,1.0859,post_cycle_loading
