connector_test,type,slip_in,force_kips
DBLNB-05ST,DBLNB,0.00059,2.5
DBLNB-05ST,DBLNB,0.00131,3.0
DBLNB-05ST,DBLNB,0.00145,3.5
DBLNB-05ST,DBLNB,0.00171,5.0
DBLNB-05ST,DBLNB,0.00289,6.0
DBLNB-05ST,DBLNB,0.00427,8.0
DBLNB-05ST,DBLNB,0.00453,9.0
DBLNB-05ST,DBLNB,0.00565,10.0
DBLNB-05ST,DBLNB,0.00651,11.0
DBLNB-05ST,DBLNB,0.00808,12.0
DBLNB-05ST,DBLNB,0.00979,13.0
DBLNB-05ST,DBLNB,0.01603,14.0
DBLNB-05ST,DBLNB,0.02569,15.0
DBLNB-05ST,DBLNB,0.0391,16.0
DBLNB-05ST,DBLNB,0.05336,17.0
DBLNB-05ST,DBLNB,0.06808,18.0
DBLNB-05ST,DBLNB,0.07833,19.0
DBLNB-05ST,DBLNB,0.0849,20.0
DBLNB-05ST,DBLNB,0.08977,21.0
DBLNB-05ST,DBLNB,0.09437,22.0
DBLNB-05ST,DBLNB,0.09884,23.0
DBLNB-05ST,DBLNB,0.10409,24.0
DBLNB-05ST,DBLNB,0.10948,25.0
DBLNB-05ST,DBLNB,0.11467,26.0
DBLNB-05ST,DBLNB,0.12,27.0
DBLNB-05ST,DBLNB,0.12598,28.0
DBLNB-05ST,DBLNB,0.13156,29.0
DBLNB-05ST,DBLNB,0.13761,30.0
DBLNB-05ST,DBLNB,0.14503,31.0
DBLNB-05ST,DBLNB,0.15344,32.0
DBLNB-05ST,DBLNB,0.16205,33.0
DBLNB-05ST,DBLNB,0.17263,34.0
DBLNB-05ST,DBLNB,0.18479,35.0
DBLNB-05ST,DBLNB,0.19872,36.0
DBLNB-05ST,DBLNB,0.21449,37.0
DBLNB-05ST,DBLNB,0.23138,38.0
DBLNB-05ST,DBLNB,0.25701,39.0
DBLNB-05ST,DBLNB,0.28455,40.0
DBLNB-05ST,DBLNB,0.31123,41.0
DBLNB-05ST,DBLNB,0.34257,42.0
DBLNB-05ST,DBLNB,0.42833,43.77
DBLNB-05ST,DBLNB,0.45,41.58
DBLNB-06ST,DBLNB,0.00053,2.0
DBLNB-06ST,DBLNB,0.00138,2.5
DBLNB-06ST,DBLNB,0.00204,5.0
DBLNB-06ST,DBLNB,0.00283,6.0
DBLNB-06ST,DBLNB,0.00296,7.0
DBLNB-06ST,DBLNB,0.00427,8.0
DBLNB-06ST,DBLNB,0.005,9.0
DBLNB-06ST,DBLNB,0.00605,10.0
DBLNB-06ST,DBLNB,0.00703,11.0
DBLNB-06ST,DBLNB,0.00855,12.0
DBLNB-06ST,DBLNB,0.01058,13.0
DBLNB-06ST,DBLNB,0.01288,14.0
DBLNB-06ST,DBLNB,0.0161,15.0
DBLNB-06ST,DBLNB,0.02018,16.0
DBLNB-06ST,DBLNB,0.02603,17.0
DBLNB-06ST,DBLNB,0.03404,18.0
DBLNB-06ST,DBLNB,0.04357,19.0
DBLNB-06ST,DBLNB,0.0552,20.0
DBLNB-06ST,DBLNB,0.12309,21.0
DBLNB-06ST,DBLNB,0.12775,22.0
DBLNB-06ST,DBLNB,0.13275,23.0
DBLNB-06ST,DBLNB,0.13728,24.0
DBLNB-06ST,DBLNB,0.14208,25.0
DBLNB-06ST,DBLNB,0.14799,26.0
DBLNB-06ST,DBLNB,0.15279,27.0
DBLNB-06ST,DBLNB,0.15877,28.0
DBLNB-06ST,DBLNB,0.16514,29.0
DBLNB-06ST,DBLNB,0.17198,30.0
DBLNB-06ST,DBLNB,0.17934,31.0
DBLNB-06ST,DBLNB,0.18775,32.0
DBLNB-06ST,DBLNB,0.19708,33.0
DBLNB-06ST,DBLNB,0.20878,34.0
DBLNB-06ST,DBLNB,0.22449,35.0
DBLNB-06ST,DBLNB,0.24282,36.0
DBLNB-06ST,DBLNB,0.26595,37.0
DBLNB-06ST,DBLNB,0.2927,38.0
DBLNB-06ST,DBLNB,0.378,39.57
DBLNB-06ST,DBLNB,0.4,37.59
DBLNB-07ST,DBLNB,0.00138,3.0
DBLNB-07ST,DBLNB,0.00283,7.0
DBLNB-07ST,DBLNB,0.00342,8.0
DBLNB-07ST,DBLNB,0.00427,9.0
DBLNB-07ST,DBLNB,0.00703,11.0
DBLNB-07ST,DBLNB,0.00848,12.0
DBLNB-07ST,DBLNB,0.00993,13.0
DBLNB-07ST,DBLNB,0.01413,14.0
DBLNB-07ST,DBLNB,0.01591,15.0
DBLNB-07ST,DBLNB,0.0184,16.0
DBLNB-07ST,DBLNB,0.02412,17.0
DBLNB-07ST,DBLNB,0.02622,18.0
DBLNB-07ST,DBLNB,0.02833,19.0
DBLNB-07ST,DBLNB,0.03253,20.0
DBLNB-07ST,DBLNB,0.03463,21.0
DBLNB-07ST,DBLNB,0.0368,22.0
DBLNB-07ST,DBLNB,0.04107,23.0
DBLNB-07ST,DBLNB,0.04318,24.0
DBLNB-07ST,DBLNB,0.04673,25.0
DBLNB-07ST,DBLNB,0.05139,26.0
DBLNB-07ST,DBLNB,0.05409,27.0
DBLNB-07ST,DBLNB,0.05717,28.0
DBLNB-07ST,DBLNB,0.06453,29.0
DBLNB-07ST,DBLNB,0.06868,30.0
DBLNB-07ST,DBLNB,0.07932,31.0
DBLNB-07ST,DBLNB,0.08359,32.0
DBLNB-07ST,DBLNB,0.09647,33.0
DBLNB-07ST,DBLNB,0.10429,34.0
DBLNB-07ST,DBLNB,0.12098,35.0
DBLNB-07ST,DBLNB,0.12808,36.0
DBLNB-07ST,DBLNB,0.14885,37.0
DBLNB-07ST,DBLNB,0.17139,38.0
DBLNB-07ST,DBLNB,0.19675,39.0
DBLNB-07ST,DBLNB,0.27298,40.45
DBLNB-07ST,DBLNB,0.31,38.43
HTFGB-05ST,HTFGB,0.00044,9.0
HTFGB-05ST,HTFGB,0.00088,11.0
HTFGB-05ST,HTFGB,0.00636,12.0
HTFGB-05ST,HTFGB,0.0193,13.0
HTFGB-05ST,HTFGB,0.03946,14.0
HTFGB-05ST,HTFGB,0.06994,15.0
HTFGB-05ST,HTFGB,0.10128,16.0
HTFGB-05ST,HTFGB,0.13154,17.0
HTFGB-05ST,HTFGB,0.15324,18.0
HTFGB-05ST,HTFGB,0.1585,19.0
HTFGB-05ST,HTFGB,0.17604,20.0
HTFGB-05ST,HTFGB,0.18218,21.0
HTFGB-05ST,HTFGB,0.18875,22.0
HTFGB-05ST,HTFGB,0.19511,23.0
HTFGB-05ST,HTFGB,0.20388,24.0
HTFGB-05ST,HTFGB,0.20848,25.0
HTFGB-05ST,HTFGB,0.21331,26.0
HTFGB-05ST,HTFGB,0.22076,27.0
HTFGB-05ST,HTFGB,0.22668,28.0
HTFGB-05ST,HTFGB,0.23413,29.0
HTFGB-05ST,HTFGB,0.2429,30.0
HTFGB-05ST,HTFGB,0.2497,31.0
HTFGB-05ST,HTFGB,0.26329,32.0
HTFGB-05ST,HTFGB,0.27732,33.0
HTFGB-05ST,HTFGB,0.28631,34.0
HTFGB-05ST,HTFGB,0.29771,35.0
HTFGB-05ST,HTFGB,0.31064,36.0
HTFGB-05ST,HTFGB,0.32511,37.0
HTFGB-05ST,HTFGB,0.34067,38.0
HTFGB-05ST,HTFGB,0.35624,39.0
HTFGB-05ST,HTFGB,0.37334,40.0
HTFGB-05ST,HTFGB,0.38934,41.0
HTFGB-05ST,HTFGB,0.40556,42.0
HTFGB-05ST,HTFGB,0.42376,43.0
HTFGB-05ST,HTFGB,0.43209,44.0
HTFGB-05ST,HTFGB,0.48689,46.0
HTFGB-05ST,HTFGB,0.51408,47.0
HTFGB-05ST,HTFGB,0.54367,48.0
HTFGB-05ST,HTFGB,0.59935,49.0
HTFGB-05ST,HTFGB,0.62084,50.0
HTFGB-05ST,HTFGB,0.70743,52.0
HTFGB-05ST,HTFGB,0.73878,53.0
HTFGB-05ST,HTFGB,0.77407,54.0
HTFGB-05ST,HTFGB,1.02596,55.33
HTFGB-06ST,HTFGB,0.00043,4.5
HTFGB-06ST,HTFGB,0.00087,9.0
HTFGB-06ST,HTFGB,0.00109,10.0
HTFGB-06ST,HTFGB,0.01008,11.0
HTFGB-06ST,HTFGB,0.02718,12.0
HTFGB-06ST,HTFGB,0.04033,13.0
HTFGB-06ST,HTFGB,0.0673,14.0
HTFGB-06ST,HTFGB,0.08133,15.0
HTFGB-06ST,HTFGB,0.09864,16.0
HTFGB-06ST,HTFGB,0.11158,17.0
HTFGB-06ST,HTFGB,0.12649,18.0
HTFGB-06ST,HTFGB,0.13394,19.0
HTFGB-06ST,HTFGB,0.14907,20.0
HTFGB-06ST,HTFGB,0.1517,21.0
HTFGB-06ST,HTFGB,0.1609,22.0
HTFGB-06ST,HTFGB,0.16638,23.0
HTFGB-06ST,HTFGB,0.18348,24.0
HTFGB-06ST,HTFGB,0.18852,25.0
HTFGB-06ST,HTFGB,0.1962,26.0
HTFGB-06ST,HTFGB,0.20124,27.0
HTFGB-06ST,HTFGB,0.22009,28.0
HTFGB-06ST,HTFGB,0.22404,29.0
HTFGB-06ST,HTFGB,0.23412,30.0
HTFGB-06ST,HTFGB,0.23719,31.0
HTFGB-06ST,HTFGB,0.25583,32.0
HTFGB-06ST,HTFGB,0.26218,33.0
HTFGB-06ST,HTFGB,0.27073,34.0
HTFGB-06ST,HTFGB,0.29265,35.0
HTFGB-06ST,HTFGB,0.29353,36.0
HTFGB-06ST,HTFGB,0.30383,37.0
HTFGB-06ST,HTFGB,0.31217,38.0
HTFGB-06ST,HTFGB,0.33738,39.0
HTFGB-06ST,HTFGB,0.35009,40.0
HTFGB-06ST,HTFGB,0.36544,41.0
HTFGB-06ST,HTFGB,0.39766,42.0
HTFGB-06ST,HTFGB,0.40818,43.0
HTFGB-06ST,HTFGB,0.42594,44.0
HTFGB-06ST,HTFGB,0.46847,45.0
HTFGB-06ST,HTFGB,0.48666,46.0
HTFGB-06ST,HTFGB,0.4985,47.0
HTFGB-06ST,HTFGB,0.53884,48.0
HTFGB-06ST,HTFGB,0.56295,49.0
HTFGB-06ST,HTFGB,0.75981,50.67
HTFGB-06ST,HTFGB,1.54,48.14
HASAA-05ST,HASAA,0.00072,5.0
HASAA-05ST,HASAA,0.00138,6.0
HASAA-05ST,HASAA,0.00151,7.0
HASAA-05ST,HASAA,0.0038,8.0
HASAA-05ST,HASAA,0.00643,9.0
HASAA-05ST,HASAA,0.01016,10.0
HASAA-05ST,HASAA,0.01305,11.0
HASAA-05ST,HASAA,0.01554,12.0
HASAA-05ST,HASAA,0.01763,13.0
HASAA-05ST,HASAA,0.02032,14.0
HASAA-05ST,HASAA,0.02353,15.0
HASAA-05ST,HASAA,0.02694,16.0
HASAA-05ST,HASAA,0.03022,17.0
HASAA-05ST,HASAA,0.03363,18.0
HASAA-05ST,HASAA,0.03743,19.0
HASAA-05ST,HASAA,0.04084,20.0
HASAA-05ST,HASAA,0.04477,21.0
HASAA-05ST,HASAA,0.04883,22.0
HASAA-05ST,HASAA,0.0525,23.0
HASAA-05ST,HASAA,0.05709,24.0
HASAA-05ST,HASAA,0.06155,25.0
HASAA-05ST,HASAA,0.0664,26.0
HASAA-05ST,HASAA,0.07217,27.0
HASAA-05ST,HASAA,0.07898,28.0
HASAA-05ST,HASAA,0.08633,29.0
HASAA-05ST,HASAA,0.09426,30.0
HASAA-05ST,HASAA,0.10429,31.0
HASAA-05ST,HASAA,0.11569,32.0
HASAA-05ST,HASAA,0.13063,33.0
HASAA-05ST,HASAA,0.14918,34.0
HASAA-05ST,HASAA,0.17265,35.0
HASAA-05ST,HASAA,0.21735,36.0
HASAA-05ST,HASAA,0.36162,37.07
HASAA-05ST,HASAA,0.41,35.22
HASAA-06ST,HASAA,0.00118,4.0
HASAA-06ST,HASAA,0.00216,4.5
HASAA-06ST,HASAA,0.00341,5.0
HASAA-06ST,HASAA,0.00478,6.0
HASAA-06ST,HASAA,0.00701,7.0
HASAA-06ST,HASAA,0.00917,8.0
HASAA-06ST,HASAA,0.0116,9.0
HASAA-06ST,HASAA,0.01363,10.0
HASAA-06ST,HASAA,0.01625,11.0
HASAA-06ST,HASAA,0.01861,12.0
HASAA-06ST,HASAA,0.02078,13.0
HASAA-06ST,HASAA,0.02353,14.0
HASAA-06ST,HASAA,0.02608,15.0
HASAA-06ST,HASAA,0.0289,16.0
HASAA-06ST,HASAA,0.03172,17.0
HASAA-06ST,HASAA,0.035,18.0
HASAA-06ST,HASAA,0.03782,19.0
HASAA-06ST,HASAA,0.04123,20.0
HASAA-06ST,HASAA,0.04529,21.0
HASAA-06ST,HASAA,0.04955,22.0
HASAA-06ST,HASAA,0.05453,23.0
HASAA-06ST,HASAA,0.05977,24.0
HASAA-06ST,HASAA,0.06541,25.0
HASAA-06ST,HASAA,0.07334,26.0
HASAA-06ST,HASAA,0.08055,27.0
HASAA-06ST,HASAA,0.08999,28.0
HASAA-06ST,HASAA,0.10054,29.0
HASAA-06ST,HASAA,0.11424,30.0
HASAA-06ST,HASAA,0.13214,31.0
HASAA-06ST,HASAA,0.14741,32.0
HASAA-06ST,HASAA,0.17428,33.0
HASAA-06ST,HASAA,0.33756,34.69
HASAA-06ST,HASAA,0.42,32.96
HASAA-07ST,HASAA,0.00131,3.0
HASAA-07ST,HASAA,0.00203,4.5
HASAA-07ST,HASAA,0.00328,5.0
HASAA-07ST,HASAA,0.0042,6.0
HASAA-07ST,HASAA,0.00839,7.0
HASAA-07ST,HASAA,0.00977,8.0
HASAA-07ST,HASAA,0.01193,9.0
HASAA-07ST,HASAA,0.01554,10.0
HASAA-07ST,HASAA,0.01711,11.0
HASAA-07ST,HASAA,0.01934,12.0
HASAA-07ST,HASAA,0.02543,13.0
HASAA-07ST,HASAA,0.02609,14.0
HASAA-07ST,HASAA,0.02897,15.0
HASAA-07ST,HASAA,0.03527,16.0
HASAA-07ST,HASAA,0.03651,17.0
HASAA-07ST,HASAA,0.03985,18.0
HASAA-07ST,HASAA,0.04621,19.0
HASAA-07ST,HASAA,0.04949,20.0
HASAA-07ST,HASAA,0.05244,21.0
HASAA-07ST,HASAA,0.05873,22.0
HASAA-07ST,HASAA,0.06384,23.0
HASAA-07ST,HASAA,0.07328,24.0
HASAA-07ST,HASAA,0.07728,25.0
HASAA-07ST,HASAA,0.08842,26.0
HASAA-07ST,HASAA,0.094,27.0
HASAA-07ST,HASAA,0.1071,28.0
HASAA-07ST,HASAA,0.11392,29.0
HASAA-07ST,HASAA,0.13024,30.0
HASAA-07ST,HASAA,0.13647,31.0
HASAA-07ST,HASAA,0.15476,32.0
HASAA-07ST,HASAA,0.17685,33.0
HASAA-07ST,HASAA,0.18465,34.0
HASAA-07ST,HASAA,0.20687,35.0
HASAA-07ST,HASAA,0.33455,36.79
HASAA-07ST,HASAA,0.39,34.95
MEAN_DBLNB,DBLNB,0.00032,1.0
MEAN_DBLNB,DBLNB,0.00048,1.5
MEAN_DBLNB,DBLNB,0.00064,2.0
MEAN_DBLNB,DBLNB,0.00104,2.5
MEAN_DBLNB,DBLNB,0.0014,3.0
MEAN_DBLNB,DBLNB,0.00155,3.5
MEAN_DBLNB,DBLNB,0.00169,4.0
MEAN_DBLNB,DBLNB,0.00182,4.5
MEAN_DBLNB,DBLNB,0.00195,5.0
MEAN_DBLNB,DBLNB,0.00273,6.0
MEAN_DBLNB,DBLNB,0.00312,7.0
MEAN_DBLNB,DBLNB,0.00399,8.0
MEAN_DBLNB,DBLNB,0.0046,9.0
MEAN_DBLNB,DBLNB,0.00578,10.0
MEAN_DBLNB,DBLNB,0.00686,11.0
MEAN_DBLNB,DBLNB,0.00837,12.0
MEAN_DBLNB,DBLNB,0.0101,13.0
MEAN_DBLNB,DBLNB,0.01435,14.0
MEAN_DBLNB,DBLNB,0.01923,15.0
MEAN_DBLNB,DBLNB,0.02589,16.0
MEAN_DBLNB,DBLNB,0.0345,17.0
MEAN_DBLNB,DBLNB,0.04278,18.0
MEAN_DBLNB,DBLNB,0.05008,19.0
MEAN_DBLNB,DBLNB,0.05754,20.0
MEAN_DBLNB,DBLNB,0.0825,21.0
MEAN_DBLNB,DBLNB,0.08631,22.0
MEAN_DBLNB,DBLNB,0.09089,23.0
MEAN_DBLNB,DBLNB,0.09485,24.0
MEAN_DBLNB,DBLNB,0.09943,25.0
MEAN_DBLNB,DBLNB,0.10468,26.0
MEAN_DBLNB,DBLNB,0.10896,27.0
MEAN_DBLNB,DBLNB,0.11397,28.0
MEAN_DBLNB,DBLNB,0.12041,29.0
MEAN_DBLNB,DBLNB,0.12609,30.0
MEAN_DBLNB,DBLNB,0.13456,31.0
MEAN_DBLNB,DBLNB,0.14159,32.0
MEAN_DBLNB,DBLNB,0.15187,33.0
MEAN_DBLNB,DBLNB,0.1619,34.0
MEAN_DBLNB,DBLNB,0.17675,35.0
MEAN_DBLNB,DBLNB,0.18987,36.0
MEAN_DBLNB,DBLNB,0.20976,37.0
MEAN_DBLNB,DBLNB,0.23182,38.0
MEAN_DBLNB,DBLNB,0.35977,41.26
MEAN_DBLNB,DBLNB,0.3867,39.2
MEAN_HTFGB,HTFGB,0.00025,3.5
MEAN_HTFGB,HTFGB,0.00029,4.0
MEAN_HTFGB,HTFGB,0.00032,4.5
MEAN_HTFGB,HTFGB,0.00036,5.0
MEAN_HTFGB,HTFGB,0.00043,6.0
MEAN_HTFGB,HTFGB,0.00051,7.0
MEAN_HTFGB,HTFGB,0.00058,8.0
MEAN_HTFGB,HTFGB,0.00065,9.0
MEAN_HTFGB,HTFGB,0.00088,10.0
MEAN_HTFGB,HTFGB,0.00548,11.0
MEAN_HTFGB,HTFGB,0.01677,12.0
MEAN_HTFGB,HTFGB,0.02982,13.0
MEAN_HTFGB,HTFGB,0.05338,14.0
MEAN_HTFGB,HTFGB,0.07564,15.0
MEAN_HTFGB,HTFGB,0.09996,16.0
MEAN_HTFGB,HTFGB,0.12156,17.0
MEAN_HTFGB,HTFGB,0.13986,18.0
MEAN_HTFGB,HTFGB,0.14622,19.0
MEAN_HTFGB,HTFGB,0.16256,20.0
MEAN_HTFGB,HTFGB,0.16694,21.0
MEAN_HTFGB,HTFGB,0.17483,22.0
MEAN_HTFGB,HTFGB,0.18074,23.0
MEAN_HTFGB,HTFGB,0.19368,24.0
MEAN_HTFGB,HTFGB,0.1985,25.0
MEAN_HTFGB,HTFGB,0.20476,26.0
MEAN_HTFGB,HTFGB,0.211,27.0
MEAN_HTFGB,HTFGB,0.22339,28.0
MEAN_HTFGB,HTFGB,0.22908,29.0
MEAN_HTFGB,HTFGB,0.23851,30.0
MEAN_HTFGB,HTFGB,0.24345,31.0
MEAN_HTFGB,HTFGB,0.25956,32.0
MEAN_HTFGB,HTFGB,0.26975,33.0
MEAN_HTFGB,HTFGB,0.27852,34.0
MEAN_HTFGB,HTFGB,0.29518,35.0
MEAN_HTFGB,HTFGB,0.30209,36.0
MEAN_HTFGB,HTFGB,0.31447,37.0
MEAN_HTFGB,HTFGB,0.32642,38.0
MEAN_HTFGB,HTFGB,0.34681,39.0
MEAN_HTFGB,HTFGB,0.36172,40.0
MEAN_HTFGB,HTFGB,0.37739,41.0
MEAN_HTFGB,HTFGB,0.40161,42.0
MEAN_HTFGB,HTFGB,0.41597,43.0
MEAN_HTFGB,HTFGB,0.42901,44.0
MEAN_HTFGB,HTFGB,0.46398,45.0
MEAN_HTFGB,HTFGB,0.48677,46.0
MEAN_HTFGB,HTFGB,0.50629,47.0
MEAN_HTFGB,HTFGB,0.54126,48.0
MEAN_HTFGB,HTFGB,0.58115,49.0
MEAN_HTFGB,HTFGB,0.8929,53.0
MEAN_HTFGB,HTFGB,1.54,50.35
MEAN_HASAA,HASAA,0.00029,1.0
MEAN_HASAA,HASAA,0.00044,1.5
MEAN_HASAA,HASAA,0.00058,2.0
MEAN_HASAA,HASAA,0.00073,2.5
MEAN_HASAA,HASAA,0.00088,3.0
MEAN_HASAA,HASAA,0.00103,3.5
MEAN_HASAA,HASAA,0.00118,4.0
MEAN_HASAA,HASAA,0.00161,4.5
MEAN_HASAA,HASAA,0.00247,5.0
MEAN_HASAA,HASAA,0.00345,6.0
MEAN_HASAA,HASAA,0.00564,7.0
MEAN_HASAA,HASAA,0.00758,8.0
MEAN_HASAA,HASAA,0.00999,9.0
MEAN_HASAA,HASAA,0.01311,10.0
MEAN_HASAA,HASAA,0.01547,11.0
MEAN_HASAA,HASAA,0.01783,12.0
MEAN_HASAA,HASAA,0.02128,13.0
MEAN_HASAA,HASAA,0.02331,14.0
MEAN_HASAA,HASAA,0.02619,15.0
MEAN_HASAA,HASAA,0.03037,16.0
MEAN_HASAA,HASAA,0.03282,17.0
MEAN_HASAA,HASAA,0.03616,18.0
MEAN_HASAA,HASAA,0.04049,19.0
MEAN_HASAA,HASAA,0.04385,20.0
MEAN_HASAA,HASAA,0.0475,21.0
MEAN_HASAA,HASAA,0.05237,22.0
MEAN_HASAA,HASAA,0.05696,23.0
MEAN_HASAA,HASAA,0.06338,24.0
MEAN_HASAA,HASAA,0.06808,25.0
MEAN_HASAA,HASAA,0.07605,26.0
MEAN_HASAA,HASAA,0.08224,27.0
MEAN_HASAA,HASAA,0.09202,28.0
MEAN_HASAA,HASAA,0.10026,29.0
MEAN_HASAA,HASAA,0.11291,30.0
MEAN_HASAA,HASAA,0.1243,31.0
MEAN_HASAA,HASAA,0.13929,32.0
MEAN_HASAA,HASAA,0.16059,33.0
MEAN_HASAA,HASAA,0.3446,36.18
MEAN_HASAA,HASAA,0.4067,34.37
