specimen,figure,reading,load_kips,deflection_in,plotted_load_kips,plotted_deflection_in,elastic,steel_elastic,interface_state,xcheck_report_fig5-14,xcheck_report_fig5-20,xcheck_thesis_fig4-24,xcheck_thesis_fig4-63
NON-00BS,Fig. 4.16,0,0.0,0.0,-1.111,-0.017,1,1,bond_intact,,,,
NON-00BS,Fig. 4.16,1,5.043,0.0517,3.932,0.0347,1,1,bond_intact,0.0473,0.0483,0.0522,
NON-00BS,Fig. 4.16,2,9.921,0.1179,8.81,0.1009,1,1,bond_intact,0.1249,0.1181,0.12,
NON-00BS,Fig. 4.16,3,12.496,0.1524,11.385,0.1354,1,1,bond_intact,0.1442,0.1476,0.1544,
NON-00BS,Fig. 4.16,4,15.072,0.1802,13.961,0.1632,1,1,bond_intact,0.1747,0.1692,0.1844,
NON-00BS,Fig. 4.16,5,17.429,0.2174,16.318,0.2004,1,1,bond_intact,0.2252,0.2212,0.2217,
NON-00BS,Fig. 4.16,6,20.06,0.2571,18.949,0.2401,1,1,bond_intact,0.2657,0.2623,0.2601,
NON-00BS,Fig. 4.16,7,22.471,0.2942,21.36,0.2772,1,1,bond_intact,0.2966,0.2915,0.2966,
NON-00BS,Fig. 4.16,8,25.047,0.3314,23.936,0.3144,1,1,bond_intact,0.3452,0.3442,0.3342,
NON-00BS,Fig. 4.16,9,27.513,0.3711,26.402,0.3541,1,1,bond_intact,0.363,0.3648,0.3742,
NON-00BS,Fig. 4.16,10,30.035,0.4069,28.924,0.3899,1,1,bond_intact,0.4163,0.417,0.4127,
NON-00BS,Fig. 4.16,11,32.556,0.4467,31.445,0.4297,1,1,bond_intact,0.4477,0.4359,0.4528,
NON-00BS,Fig. 4.16,12,35.022,0.4878,33.911,0.4708,1,1,bond_intact,0.4856,0.4903,0.4923,
NON-00BS,Fig. 4.16,13,37.598,0.5289,36.487,0.5119,1,1,bond_intact,0.5408,0.5317,0.5368,
NON-00BS,Fig. 4.16,14,40.064,0.5713,38.953,0.5543,1,1,bond_intact,0.5777,0.5846,0.5776,
NON-00BS,Fig. 4.16,15,42.585,0.6137,41.474,0.5967,1,1,bond_broken,0.6083,0.6051,0.6187,
NON-00BS,Fig. 4.16,16,45.161,0.6535,44.05,0.6365,1,1,bond_broken,0.664,0.6601,0.6613,
NON-00BS,Fig. 4.16,17,47.628,0.6959,46.517,0.6789,1,1,bond_broken,0.7014,0.6997,0.7026,
NON-00BS,Fig. 4.16,18,50.094,0.7423,48.983,0.7253,1,1,bond_broken,0.7544,0.7544,0.7501,
NON-00BS,Fig. 4.16,19,52.67,0.7873,51.559,0.7703,1,1,bond_broken,0.7854,0.7866,0.798,
NON-00BS,Fig. 4.16,20,55.191,0.8297,54.08,0.8127,1,1,bond_broken,0.8242,0.8266,0.8365,
NON-00BS,Fig. 4.16,21,57.657,0.8708,56.546,0.8538,1,1,bond_broken,0.8768,0.8775,0.8784,
NON-00BS,Fig. 4.16,22,60.069,0.9093,58.958,0.8923,1,1,bond_broken,0.91,0.8977,0.9294,
NON-00BS,Fig. 4.16,23,60.617,0.9318,59.506,0.9148,1,1,bond_broken,0.922,0.9288,0.9404,
NON-00BS,Fig. 4.16,24,63.193,0.9716,62.082,0.9546,1,1,bond_broken,0.9775,0.9691,0.9803,
NON-00BS,Fig. 4.16,25,65.659,1.0087,64.548,0.9917,1,1,bond_broken,1.0161,1.0217,1.0184,
NON-00BS,Fig. 4.16,26,68.235,1.0511,67.124,1.0341,1,1,bond_broken,1.0478,1.0432,1.0629,
NON-00BS,Fig. 4.16,27,70.592,1.0922,69.481,1.0752,1,1,bond_broken,1.0981,1.096,1.1025,
NON-00BS,Fig. 4.16,28,73.168,1.1399,72.057,1.1229,1,1,bond_broken,1.1367,1.1362,1.1505,
NON-00BS,Fig. 4.16,29,75.744,1.1863,74.633,1.1693,1,1,bond_broken,1.1946,1.1949,1.1977,
NON-00BS,Fig. 4.16,30,78.155,1.2287,77.044,1.2117,1,1,bond_broken,1.2456,1.2476,1.2448,
NON-00BS,Fig. 4.16,31,80.731,1.2751,79.62,1.2581,1,1,bond_broken,1.2852,1.2883,1.2878,
NON-00BS,Fig. 4.16,32,83.197,1.3202,82.086,1.3032,1,1,bond_broken,1.3168,1.319,1.3341,
NON-00BS,Fig. 4.16,33,85.773,1.3705,84.662,1.3535,1,1,bond_broken,1.3697,1.3604,1.384,
NON-00BS,Fig. 4.16,34,88.185,1.4169,87.074,1.3999,1,1,bond_broken,1.4058,1.4143,1.4272,
NON-00BS,Fig. 4.16,35,90.761,1.4567,89.65,1.4397,1,1,bond_broken,1.4638,1.4551,1.4716,
NON-00BS,Fig. 4.16,36,93.172,1.5031,92.061,1.4861,1,1,bond_broken,1.514,1.5095,1.5175,
NON-00BS,Fig. 4.16,37,95.693,1.5482,94.582,1.5312,1,1,bond_broken,1.5693,1.55,1.5696,
NON-00BS,Fig. 4.16,38,98.214,1.5985,97.103,1.5815,1,1,bond_broken,1.6112,1.6087,1.6149,
NON-00BS,Fig. 4.16,39,100.681,1.6476,99.57,1.6306,0,0,bond_broken,1.6614,1.6613,1.663,
NON-00BS,Fig. 4.16,40,103.257,1.6966,102.146,1.6796,0,0,bond_broken,1.7008,1.7033,1.7135,
NON-00BS,Fig. 4.16,41,105.778,1.7457,104.667,1.7287,0,0,bond_broken,1.7581,1.7646,1.789,
NON-00BS,Fig. 4.16,42,106.107,1.7801,104.996,1.7631,0,0,bond_broken,1.7656,1.7729,1.7941,
NON-00BS,Fig. 4.16,43,108.299,1.8159,107.188,1.7989,0,0,bond_broken,1.8155,1.8251,1.8334,
NON-00BS,Fig. 4.16,44,110.71,1.8597,109.599,1.8427,0,0,bond_broken,1.8704,1.8778,1.8763,
NON-00BS,Fig. 4.16,45,113.232,1.9087,112.121,1.8917,0,0,bond_broken,1.9279,1.9172,1.9286,
NON-00BS,Fig. 4.16,46,115.643,1.9577,114.532,1.9407,0,0,bond_broken,1.977,1.9717,1.9776,
NON-00BS,Fig. 4.16,47,118.219,2.0161,117.108,1.9991,0,0,bond_broken,2.0181,2.013,2.0349,
NON-00BS,Fig. 4.16,48,120.74,2.0651,119.629,2.0481,0,0,bond_broken,2.0755,2.0723,2.088,
NON-00BS,Fig. 4.16,49,123.152,2.1208,122.041,2.1038,0,0,bond_broken,2.1301,2.1292,2.1402,
NON-00BS,Fig. 4.16,50,125.782,2.1725,124.671,2.1555,0,0,bond_broken,2.1892,2.1902,2.1996,
NON-00BS,Fig. 4.16,51,128.249,2.2401,127.138,2.2231,0,0,bond_broken,2.2458,2.2493,2.2626,
NON-00BS,Fig. 4.16,52,130.715,2.2957,129.604,2.2787,0,0,bond_broken,2.3035,2.3112,2.3244,
NON-00BS,Fig. 4.16,53,133.236,2.3673,132.125,2.3503,0,0,bond_broken,2.3851,2.3874,2.3929,
NON-00BS,Fig. 4.16,54,135.702,2.4256,134.591,2.4086,0,0,,,,,
NON-00BS,Fig. 4.16,55,138.169,2.4999,137.058,2.4829,0,0,,,,,
NON-00BS,Fig. 4.16,56,140.745,2.5754,139.634,2.5584,0,0,,,,,
NON-00BS,Fig. 4.16,57,143.266,2.6629,142.155,2.6459,0,0,,,,,
NON-00BS,Fig. 4.16,58,145.677,2.7464,144.566,2.7294,0,0,,,,,
NON-00BS,Fig. 4.16,59,143.704,2.7477,142.593,2.7307,0,0,,,,,
NON-00BS,Fig. 4.16,60,146.883,2.8631,145.772,2.8461,0,0,,,,,
NON-00BS,Fig. 4.16,61,149.952,3.0022,148.841,2.9852,0,0,,,,,
NON-00BS,Fig. 4.16,62,152.473,3.1693,151.362,3.1523,0,0,,,,,
NON-00BS,Fig. 4.16,63,154.885,3.3535,153.774,3.3365,0,0,,,,,
NON-00BS,Fig. 4.16,64,155.762,3.4436,154.651,3.4266,0,0,,,,,
NON-00BS,Fig. 4.16,65,157.516,3.6875,156.405,3.6705,0,0,,,,,
NON-00BS,Fig. 4.16,66,159.434,4.0454,158.323,4.0284,0,0,,,,,
NON-00BS,Fig. 4.16,67,160.914,4.292,159.803,4.275,0,0,,,,,
NON-00BS,Fig. 4.16,68,162.174,4.5411,161.063,4.5241,0,0,,,,,
NON-00BS,Fig. 4.16,69,162.448,4.8009,161.337,4.7839,0,0,,,,,
NON-00BS,Fig. 4.16,70,162.777,5.0501,161.666,5.0331,0,0,,,,,
NON-00BS,Fig. 4.16,71,163.161,5.2914,162.05,5.2744,0,0,,,,,
NON-00BS,Fig. 4.16,72,163.106,5.5379,161.995,5.5209,0,0,,,,,
NON-00BS,Fig. 4.16,73,163.106,5.7964,161.995,5.7794,0,0,,,,,
NON-00BS,Fig. 4.16,74,162.448,6.0482,161.337,6.0312,0,0,,,,,
NON-00BS,Fig. 4.16,75,162.941,6.2961,161.83,6.2791,0,0,,,,,
NON-00BS,Fig. 4.16,76,163.106,6.5466,161.995,6.5296,0,0,,,,,
NON-00BS,Fig. 4.16,77,163.49,6.8104,162.379,6.7934,0,0,,,,,
NON-00BS,Fig. 4.16,78,162.667,7.0463,161.556,7.0293,0,0,,,,,
NON-00BS,Fig. 4.16,79,161.736,7.3022,160.625,7.2852,0,0,,,,,
NON-00BS,Fig. 4.16,80,160.968,7.5461,159.857,7.5291,0,0,,,,,
NON-00BS,Fig. 4.16,81,159.16,7.7913,158.049,7.7743,0,0,,,,,
NON-00BS,Fig. 4.16,82,156.31,8.0444,155.199,8.0274,0,0,,,,,
NON-00BS,Fig. 4.16,83,151.651,8.5468,150.54,8.5298,0,0,,,,,
NON-00BS,Fig. 4.16,84,146.773,9.0452,145.662,9.0282,0,0,,,,,
NON-00BS,Fig. 4.16,85,141.567,9.5502,140.456,9.5332,0,0,,,,,
NON-00BS,Fig. 4.16,86,136.305,10.0499,135.194,10.0329,0,0,,,,,
NON-00BS,Fig. 4.16,87,132.852,10.551,131.741,10.534,0,0,,,,,
NON-00BS,Fig. 4.16,88,128.249,11.048,127.138,11.031,0,0,,,,,
NON-00BS,Fig. 4.16,89,123.864,11.5597,122.753,11.5427,0,0,,,,,
DBLNB-30BS,Fig. 4.18,0,0.0,0.0,-1.148,-0.023,1,1,friction_and_bond_intact,,,,
DBLNB-30BS,Fig. 4.18,1,5.614,0.0362,4.466,0.0132,1,1,friction_and_bond_intact,0.0265,0.0311,0.0333,
DBLNB-30BS,Fig. 4.18,2,11.229,0.0805,10.081,0.0575,1,1,friction_and_bond_intact,0.0691,0.0776,0.076,
DBLNB-30BS,Fig. 4.18,3,15.171,0.11,14.023,0.087,1,1,friction_and_bond_intact,0.101,0.1002,0.108,
DBLNB-30BS,Fig. 4.18,4,19.591,0.1422,18.443,0.1192,1,1,friction_and_bond_intact,0.1481,0.1478,0.1489,
DBLNB-30BS,Fig. 4.18,5,24.967,0.1784,23.819,0.1554,1,1,friction_and_bond_intact,0.1732,0.1753,0.1754,
DBLNB-30BS,Fig. 4.18,6,31.178,0.2133,30.03,0.1903,1,1,friction_and_bond_intact,0.2198,0.2175,0.2079,
DBLNB-30BS,Fig. 4.18,7,35.24,0.2387,34.092,0.2157,1,1,friction_and_bond_intact,0.2436,0.2465,0.2361,
DBLNB-30BS,Fig. 4.18,8,40.138,0.2776,38.99,0.2546,1,1,friction_and_bond_intact,0.2659,0.2736,0.2832,
DBLNB-30BS,Fig. 4.18,9,45.274,0.3165,44.126,0.2935,1,1,friction_and_bond_intact,0.3209,0.3225,0.3255,
DBLNB-30BS,Fig. 4.18,10,49.933,0.3541,48.785,0.3311,1,1,friction_and_bond_intact,0.3636,0.3782,0.3672,
DBLNB-30BS,Fig. 4.18,11,46.111,0.3541,44.963,0.3311,0,1,friction_and_bond_intact,0.3638,0.3629,0.3516,
DBLNB-30BS,Fig. 4.18,12,59.968,0.4224,58.82,0.3994,1,1,friction_and_bond_intact,0.4169,0.4143,0.4104,
DBLNB-30BS,Fig. 4.18,13,64.746,0.4707,63.598,0.4477,1,1,friction_and_bond_intact,0.4604,0.4599,0.4657,
DBLNB-30BS,Fig. 4.18,14,70.122,0.5123,68.974,0.4893,0,1,post_friction_release_bearing,0.5093,0.5107,0.512,
DBLNB-30BS,Fig. 4.18,15,75.019,0.5646,73.871,0.5416,0,1,post_friction_release_bearing,0.5648,0.5689,0.564,
DBLNB-30BS,Fig. 4.18,16,78.961,0.6156,77.813,0.5926,0,1,post_friction_release_bearing,0.6097,0.6149,0.6188,
DBLNB-30BS,Fig. 4.18,17,89.952,0.7201,88.804,0.6971,0,1,post_friction_release_bearing,0.7305,0.73,0.7218,
DBLNB-30BS,Fig. 4.18,18,94.79,0.7644,93.642,0.7414,0,1,post_friction_release_bearing,0.7539,0.7568,0.7644,
DBLNB-30BS,Fig. 4.18,19,99.986,0.8221,98.838,0.7991,0,1,post_friction_release_bearing,0.8257,0.8285,0.8247,
DBLNB-30BS,Fig. 4.18,20,105.123,0.8851,103.975,0.8621,0,1,post_friction_release_bearing,0.8721,0.8774,0.8835,
DBLNB-30BS,Fig. 4.18,21,110.02,0.936,108.872,0.913,0,1,post_friction_release_bearing,0.9284,0.9369,0.9456,
DBLNB-30BS,Fig. 4.18,22,115.456,0.9937,114.308,0.9707,0,1,post_friction_release_bearing,1.0013,1.0015,1.0031,
DBLNB-30BS,Fig. 4.18,23,119.697,1.046,118.549,1.023,0,1,post_friction_release_bearing,1.0509,1.0538,1.0595,
DBLNB-30BS,Fig. 4.18,24,124.236,1.1104,123.088,1.0874,0,1,post_friction_release_bearing,1.1128,1.118,1.1171,
DBLNB-30BS,Fig. 4.18,25,129.014,1.168,127.866,1.145,0,0,post_friction_release_bearing,1.1685,1.1748,1.1715,
DBLNB-30BS,Fig. 4.18,26,134.39,1.2311,133.242,1.2081,0,0,post_friction_release_bearing,1.2411,1.2387,1.233,
DBLNB-30BS,Fig. 4.18,27,139.108,1.2928,137.96,1.2698,0,0,post_friction_release_bearing,1.284,1.2997,1.2902,
DBLNB-30BS,Fig. 4.18,28,143.409,1.3531,142.261,1.3301,0,0,post_friction_release_bearing,1.3548,1.3676,1.3536,
DBLNB-30BS,Fig. 4.18,29,148.605,1.4215,147.457,1.3985,0,0,post_friction_release_bearing,1.4043,1.4197,1.4264,
DBLNB-30BS,Fig. 4.18,30,153.861,1.4832,152.713,1.4602,0,0,post_friction_release_bearing,1.4895,1.4839,1.4938,
DBLNB-30BS,Fig. 4.18,31,158.759,1.5489,157.611,1.5259,0,0,,,,,
DBLNB-30BS,Fig. 4.18,32,163.776,1.6226,162.628,1.5996,0,0,,,,,
DBLNB-30BS,Fig. 4.18,33,168.674,1.6991,167.526,1.6761,0,0,,,,,
DBLNB-30BS,Fig. 4.18,34,173.273,1.7742,172.125,1.7512,0,0,,,,,
DBLNB-30BS,Fig. 4.18,35,178.29,1.8627,177.142,1.8397,0,0,,,,,
DBLNB-30BS,Fig. 4.18,36,183.367,1.9485,182.219,1.9255,0,0,,,,,
DBLNB-30BS,Fig. 4.18,37,188.385,2.0477,187.237,2.0247,0,0,,,,,
DBLNB-30BS,Fig. 4.18,38,187.19,2.0504,186.042,2.0274,0,0,,,,,
DBLNB-30BS,Fig. 4.18,39,192.327,2.159,191.179,2.136,0,0,,,,,
DBLNB-30BS,Fig. 4.18,40,197.822,2.2958,196.674,2.2728,0,0,,,,,
DBLNB-30BS,Fig. 4.18,41,194.835,2.3012,193.687,2.2782,0,0,,,,,
DBLNB-30BS,Fig. 4.18,42,199.434,2.3427,198.286,2.3197,0,0,,,,,
DBLNB-30BS,Fig. 4.18,43,203.078,2.4205,201.93,2.3975,0,0,,,,,
DBLNB-30BS,Fig. 4.18,44,207.378,2.5627,206.23,2.5397,0,0,,,,,
DBLNB-30BS,Fig. 4.18,45,211.978,2.7437,210.83,2.7207,0,0,,,,,
DBLNB-30BS,Fig. 4.18,46,215.024,2.9717,213.876,2.9487,0,0,,,,,
DBLNB-30BS,Fig. 4.18,47,218.13,3.2801,216.982,3.2571,0,0,,,,,
DBLNB-30BS,Fig. 4.18,48,224.58,3.5282,223.432,3.5052,0,0,,,,,
DBLNB-30BS,Fig. 4.18,49,228.761,3.7816,227.613,3.7586,0,0,,,,,
DBLNB-30BS,Fig. 4.18,50,231.27,4.0364,230.122,4.0134,0,0,,,,,
DBLNB-30BS,Fig. 4.18,51,231.628,4.2872,230.48,4.2642,0,0,,,,,
DBLNB-30BS,Fig. 4.18,52,141.259,4.605,140.111,4.582,0,0,,,,,
DBLNB-30BS,Fig. 4.18,53,151.95,4.7887,150.802,4.7657,0,0,,,,,
DBLNB-30BS,Fig. 4.18,54,160.67,5.0274,159.522,5.0044,0,0,,,,,
DBLNB-30BS,Fig. 4.18,55,164.732,5.2822,163.584,5.2592,0,0,,,,,
DBLNB-30BS,Fig. 4.18,56,163.896,5.2835,162.748,5.2605,0,0,,,,,
DBLNB-30BS,Fig. 4.18,57,168.077,6.0358,166.929,6.0128,0,0,,,,,
DBLNB-30BS,Fig. 4.18,58,170.824,6.5374,169.676,6.5144,0,0,,,,,
DBLNB-30BS,Fig. 4.18,59,170.466,7.0429,169.318,7.0199,0,0,,,,,
DBLNB-30BS,Fig. 4.18,60,169.51,7.0443,168.362,7.0213,0,0,,,,,
DBLNB-30BS,Fig. 4.18,61,170.347,8.5059,169.199,8.4829,0,0,,,,,
DBLNB-30BS,Fig. 4.18,62,164.971,9.0557,163.823,9.0327,0,0,,,,,
DBLNB-30BS,Fig. 4.18,63,153.145,10.0481,151.997,10.0251,0,0,,,,,
DBLNB-30BS,Fig. 4.18,64,152.667,10.0628,151.519,10.0398,0,0,,,,,
HASAA-30BS,Fig. 4.20,0,0.0,0.0,0.36,-0.0204,1,1,no_release_event_reported,,,,
HASAA-30BS,Fig. 4.20,1,5.537,0.0341,5.897,0.0137,1,1,no_release_event_reported,0.0276,0.0297,0.0345,0.0349
HASAA-30BS,Fig. 4.20,2,10.317,0.0656,10.677,0.0452,1,1,no_release_event_reported,0.0708,0.0742,0.0641,0.0654
HASAA-30BS,Fig. 4.20,3,15.156,0.0958,15.516,0.0754,1,1,no_release_event_reported,0.099,0.0965,0.0933,0.0963
HASAA-30BS,Fig. 4.20,4,20.169,0.1286,20.529,0.1082,1,1,no_release_event_reported,0.122,0.121,0.1266,0.1291
HASAA-30BS,Fig. 4.20,5,25.182,0.1627,25.542,0.1423,1,1,no_release_event_reported,0.1673,0.168,0.1628,0.1645
HASAA-30BS,Fig. 4.20,6,29.904,0.1968,30.264,0.1764,1,1,no_release_event_reported,0.1958,0.1974,0.1989,0.1994
HASAA-30BS,Fig. 4.20,7,35.092,0.2414,35.452,0.221,1,1,no_release_event_reported,0.2432,0.2445,0.2418,0.2439
HASAA-30BS,Fig. 4.20,8,40.047,0.2808,40.407,0.2604,1,1,no_release_event_reported,0.2655,0.2705,0.2808,0.2818
HASAA-30BS,Fig. 4.20,9,45.061,0.3202,45.421,0.2998,1,1,no_release_event_reported,0.3193,0.3178,0.3213,0.3222
HASAA-30BS,Fig. 4.20,10,50.191,0.3635,50.551,0.3431,1,1,no_release_event_reported,0.3661,0.3669,0.3645,0.3663
HASAA-30BS,Fig. 4.20,11,55.087,0.4094,55.447,0.389,1,1,no_release_event_reported,0.4115,0.4131,0.409,0.4116
HASAA-30BS,Fig. 4.20,12,59.984,0.4514,60.344,0.431,1,1,no_release_event_reported,0.4637,0.4601,0.4523,0.4532
HASAA-30BS,Fig. 4.20,13,64.997,0.4934,65.357,0.473,1,1,no_release_event_reported,0.4869,0.4837,0.4923,0.495
HASAA-30BS,Fig. 4.20,14,70.069,0.5354,70.429,0.515,1,1,no_release_event_reported,0.5334,0.5307,0.5354,0.5384
HASAA-30BS,Fig. 4.20,15,75.024,0.5774,75.384,0.557,1,1,no_release_event_reported,0.5854,0.5849,0.5783,0.58
HASAA-30BS,Fig. 4.20,16,80.154,0.618,80.514,0.5976,1,1,no_release_event_reported,0.6104,0.6126,0.621,0.622
HASAA-30BS,Fig. 4.20,17,85.05,0.664,85.41,0.6436,1,1,no_release_event_reported,0.6563,0.6596,0.6634,0.6664
HASAA-30BS,Fig. 4.20,18,90.122,0.7046,90.482,0.6842,1,1,no_release_event_reported,0.7021,0.7078,0.7075,0.7092
HASAA-30BS,Fig. 4.20,19,95.019,0.7532,95.379,0.7328,1,1,no_release_event_reported,0.7564,0.7544,0.7546,0.7556
HASAA-30BS,Fig. 4.20,20,100.09,0.7952,100.45,0.7748,1,1,no_release_event_reported,0.8028,0.8029,0.7978,0.7998
HASAA-30BS,Fig. 4.20,21,105.045,0.8424,105.405,0.822,1,1,no_release_event_reported,0.8476,0.8497,0.8458,0.847
HASAA-30BS,Fig. 4.20,22,110.0,0.887,110.36,0.8666,1,1,no_release_event_reported,0.8803,0.8726,0.8909,0.8926
HASAA-30BS,Fig. 4.20,23,115.13,0.9408,115.49,0.9204,1,1,no_release_event_reported,0.9487,0.9448,0.9429,0.9457
HASAA-30BS,Fig. 4.20,24,120.027,0.9894,120.387,0.969,0,0,no_release_event_reported,0.9936,1.0019,0.994,0.9955
HASAA-30BS,Fig. 4.20,25,125.157,1.0445,125.517,1.0241,0,0,no_release_event_reported,1.0499,1.0509,1.0472,1.0494
HASAA-30BS,Fig. 4.20,26,130.111,1.0904,130.471,1.07,0,0,no_release_event_reported,1.0947,1.0978,1.0961,1.0972
HASAA-30BS,Fig. 4.20,27,135.125,1.1482,135.485,1.1278,0,0,no_release_event_reported,1.141,1.1458,1.1519,1.1545
HASAA-30BS,Fig. 4.20,28,140.022,1.1967,140.382,1.1763,0,0,no_release_event_reported,1.1993,1.1931,1.2026,1.2032
HASAA-30BS,Fig. 4.20,29,145.385,1.2531,145.745,1.2327,0,0,no_release_event_reported,1.2686,1.2666,1.2598,1.2607
HASAA-30BS,Fig. 4.20,30,149.99,1.303,150.35,1.2826,0,0,no_release_event_reported,1.3109,1.31,1.3115,1.3128
HASAA-30BS,Fig. 4.20,31,155.178,1.3726,155.538,1.3522,0,0,no_release_event_reported,1.3578,1.3603,1.3788,1.3806
HASAA-30BS,Fig. 4.20,32,160.133,1.4277,160.493,1.4073,0,0,,,,,
HASAA-30BS,Fig. 4.20,33,164.971,1.4933,165.331,1.4729,0,0,,,,,
HASAA-30BS,Fig. 4.20,34,170.043,1.5589,170.403,1.5385,0,0,,,,,
HASAA-30BS,Fig. 4.20,35,175.114,1.6324,175.474,1.612,0,0,,,,,
HASAA-30BS,Fig. 4.20,36,180.069,1.7111,180.429,1.6907,0,0,,,,,
HASAA-30BS,Fig. 4.20,37,184.966,1.7872,185.326,1.7668,0,0,,,,,
HASAA-30BS,Fig. 4.20,38,188.814,1.8725,189.174,1.8521,0,0,,,,,
HASAA-30BS,Fig. 4.20,39,194.06,1.9709,194.42,1.9505,0,0,,,,,
HASAA-30BS,Fig. 4.20,40,197.791,2.0785,198.151,2.0581,0,0,,,,,
HASAA-30BS,Fig. 4.20,41,203.562,2.2058,203.922,2.1854,0,0,,,,,
HASAA-30BS,Fig. 4.20,42,204.32,2.3357,204.68,2.3153,0,0,,,,,
HASAA-30BS,Fig. 4.20,43,210.382,2.4066,210.742,2.3862,0,0,,,,,
HASAA-30BS,Fig. 4.20,44,212.889,2.4932,213.249,2.4728,0,0,,,,,
HASAA-30BS,Fig. 4.20,45,218.077,2.6795,218.437,2.6591,0,0,,,,,
HASAA-30BS,Fig. 4.20,46,222.449,2.8829,222.809,2.8625,0,0,,,,,
HASAA-30BS,Fig. 4.20,47,224.664,3.0181,225.024,2.9977,0,0,,,,,
HASAA-30BS,Fig. 4.20,48,233.175,3.6059,233.535,3.5855,0,0,,,,,
HASAA-30BS,Fig. 4.20,49,234.283,3.7739,234.643,3.7535,0,0,,,,,
HASAA-30BS,Fig. 4.20,50,235.857,4.0193,236.217,3.9989,0,0,,,,,
HASAA-30BS,Fig. 4.20,51,237.139,4.283,237.499,4.2626,0,0,,,,,
HASAA-30BS,Fig. 4.20,52,239.762,4.531,240.122,4.5106,0,0,,,,,
HASAA-30BS,Fig. 4.20,53,142.47,4.8853,142.83,4.8649,0,0,,,,,
HASAA-30BS,Fig. 4.20,54,149.99,5.0205,150.35,5.0001,0,0,,,,,
HASAA-30BS,Fig. 4.20,55,159.317,5.2751,159.677,5.2547,0,0,,,,,
HASAA-30BS,Fig. 4.20,56,164.738,5.5296,165.098,5.5092,0,0,,,,,
HASAA-30BS,Fig. 4.20,57,166.895,6.0453,167.255,6.0249,0,0,,,,,
HASAA-30BS,Fig. 4.20,58,169.402,6.5492,169.762,6.5288,0,0,,,,,
HASAA-30BS,Fig. 4.20,59,169.285,7.057,169.645,7.0366,0,0,,,,,
HASAA-30BS,Fig. 4.20,60,169.926,7.5557,170.286,7.5353,0,0,,,,,
HASAA-30BS,Fig. 4.20,61,167.361,8.0622,167.721,8.0418,0,0,,,,,
HASAA-30BS,Fig. 4.20,62,165.904,8.57,166.264,8.5496,0,0,,,,,
HASAA-30BS,Fig. 4.20,63,160.424,9.0805,160.784,9.0601,0,0,,,,,
HASAA-30BS,Fig. 4.20,64,154.537,9.6067,154.897,9.5863,0,0,,,,,
HASAA-30BS,Fig. 4.20,65,154.828,9.6106,155.188,9.5902,0,0,,,,,
HASAA-30BS,Fig. 4.20,66,150.398,10.083,150.758,10.0626,0,0,,,,,
HASAA-30BS,Fig. 4.20,67,149.232,10.0896,149.592,10.0692,0,0,,,,,
HTFGB-30BS,Fig. 4.22,0,0.0,0.0,0.068,-0.0077,1,1,friction_locked,,,,
HTFGB-30BS,Fig. 4.22,1,5.084,0.0304,5.152,0.0227,1,1,friction_locked,,,0.0276,
HTFGB-30BS,Fig. 4.22,2,9.938,0.0634,10.006,0.0557,1,1,friction_locked,,,0.0559,
HTFGB-30BS,Fig. 4.22,3,15.023,0.0952,15.091,0.0875,1,1,friction_locked,,,0.0988,
HTFGB-30BS,Fig. 4.22,4,19.993,0.1295,20.061,0.1218,1,1,friction_locked,,,0.1285,
HTFGB-30BS,Fig. 4.22,5,25.078,0.1639,25.146,0.1562,1,1,friction_locked,,,0.1699,
HTFGB-30BS,Fig. 4.22,6,30.163,0.2036,30.231,0.1959,1,1,friction_locked,,,0.2004,
HTFGB-30BS,Fig. 4.22,7,35.132,0.2326,35.2,0.2249,1,1,friction_locked,,,0.2287,
HTFGB-30BS,Fig. 4.22,8,40.101,0.2617,40.169,0.254,1,1,friction_locked,,,0.2577,
HTFGB-30BS,Fig. 4.22,9,45.071,0.2935,45.139,0.2858,1,1,friction_locked,,,0.2897,
HTFGB-30BS,Fig. 4.22,10,50.04,0.3252,50.108,0.3175,1,1,friction_locked,,,0.3186,
HTFGB-30BS,Fig. 4.22,11,55.01,0.3622,55.078,0.3545,1,1,friction_locked,,,0.3633,
HTFGB-30BS,Fig. 4.22,12,48.769,0.4072,48.837,0.3995,0,1,stick_slip_load_drops,,,0.3112,
HTFGB-30BS,Fig. 4.22,13,50.271,0.4151,50.339,0.4074,0,1,stick_slip_load_drops,,,0.4224,
HTFGB-30BS,Fig. 4.22,14,55.241,0.4442,55.309,0.4365,0,1,stick_slip_load_drops,,,0.4495,
HTFGB-30BS,Fig. 4.22,15,60.21,0.4759,60.278,0.4682,0,1,stick_slip_load_drops,,,0.4784,
HTFGB-30BS,Fig. 4.22,16,65.295,0.5063,65.363,0.4986,0,1,stick_slip_load_drops,,,0.5075,
HTFGB-30BS,Fig. 4.22,17,70.033,0.5394,70.101,0.5317,0,1,stick_slip_load_drops,,,0.6057,
HTFGB-30BS,Fig. 4.22,18,66.682,0.5724,66.75,0.5647,0,1,stick_slip_load_drops,,,0.5201,
HTFGB-30BS,Fig. 4.22,19,70.265,0.5962,70.333,0.5885,0,1,stick_slip_load_drops,,,0.6075,
HTFGB-30BS,Fig. 4.22,20,75.118,0.6253,75.186,0.6176,0,1,stick_slip_load_drops,,,0.6396,
HTFGB-30BS,Fig. 4.22,21,80.203,0.661,80.271,0.6533,0,1,stick_slip_load_drops,,,0.6689,
HTFGB-30BS,Fig. 4.22,22,85.057,0.6901,85.125,0.6824,0,1,stick_slip_load_drops,,,0.6969,
HTFGB-30BS,Fig. 4.22,23,89.796,0.7271,89.864,0.7194,0,1,stick_slip_load_drops,,,0.7293,
HTFGB-30BS,Fig. 4.22,24,81.359,0.7773,81.427,0.7696,0,1,stick_slip_load_drops,,,0.7845,
HTFGB-30BS,Fig. 4.22,25,85.288,0.8024,85.356,0.7947,0,1,stick_slip_load_drops,,,0.814,
HTFGB-30BS,Fig. 4.22,26,90.258,0.8328,90.326,0.8251,0,1,stick_slip_load_drops,,,0.8426,
HTFGB-30BS,Fig. 4.22,27,95.227,0.8593,95.295,0.8516,0,1,stick_slip_load_drops,,,0.8713,
HTFGB-30BS,Fig. 4.22,28,99.965,0.8936,100.033,0.8859,0,1,stick_slip_load_drops,,,0.8983,
HTFGB-30BS,Fig. 4.22,29,91.529,0.9439,91.597,0.9362,0,1,stick_slip_load_drops,,,0.9575,
HTFGB-30BS,Fig. 4.22,30,95.227,0.965,95.295,0.9573,0,1,stick_slip_load_drops,,,0.9726,
HTFGB-30BS,Fig. 4.22,31,100.312,0.9915,100.38,0.9838,0,1,stick_slip_load_drops,,,0.9871,
HTFGB-30BS,Fig. 4.22,32,105.05,1.0219,105.118,1.0142,0,1,stick_slip_load_drops,,,1.0278,
HTFGB-30BS,Fig. 4.22,33,103.317,1.0708,103.385,1.0631,0,1,stick_slip_load_drops,,,1.0127,
HTFGB-30BS,Fig. 4.22,34,105.282,1.0761,105.35,1.0684,0,1,stick_slip_load_drops,,,1.0752,
HTFGB-30BS,Fig. 4.22,35,110.135,1.1078,110.203,1.1001,0,1,stick_slip_load_drops,,,1.1056,
HTFGB-30BS,Fig. 4.22,36,115.105,1.1369,115.173,1.1292,0,1,stick_slip_load_drops,,,1.1492,
HTFGB-30BS,Fig. 4.22,37,119.959,1.1713,120.027,1.1636,0,1,stick_slip_load_drops,,,1.1769,
HTFGB-30BS,Fig. 4.22,38,115.452,1.2136,115.52,1.2059,0,1,stick_slip_load_drops,,,1.1512,
HTFGB-30BS,Fig. 4.22,39,120.19,1.24,120.258,1.2323,0,1,stick_slip_load_drops,,,1.2501,
HTFGB-30BS,Fig. 4.22,40,125.159,1.2717,125.227,1.264,0,1,stick_slip_load_drops,,,1.307,
HTFGB-30BS,Fig. 4.22,41,125.159,1.2982,125.227,1.2905,0,1,stick_slip_load_drops,,,1.307,
HTFGB-30BS,Fig. 4.22,42,130.129,1.3273,130.197,1.3196,0,1,stick_slip_load_drops,,,1.3354,
HTFGB-30BS,Fig. 4.22,43,134.867,1.3643,134.935,1.3566,0,1,stick_slip_load_drops,,,1.4093,
HTFGB-30BS,Fig. 4.22,44,133.711,1.3986,133.779,1.3909,0,1,stick_slip_load_drops,,,1.3971,
HTFGB-30BS,Fig. 4.22,45,135.214,1.4066,135.282,1.3989,0,1,stick_slip_load_drops,,,1.4093,
HTFGB-30BS,Fig. 4.22,46,134.174,1.4462,134.242,1.4385,0,1,stick_slip_load_drops,,,1.4471,
HTFGB-30BS,Fig. 4.22,47,135.214,1.4502,135.282,1.4425,0,1,stick_slip_load_drops,,,1.4532,
HTFGB-30BS,Fig. 4.22,48,139.952,1.4833,140.02,1.4756,0,1,stick_slip_load_drops,,,1.484,
HTFGB-30BS,Fig. 4.22,49,144.806,1.5176,144.874,1.5099,0,1,stick_slip_load_drops,,,1.5265,
HTFGB-30BS,Fig. 4.22,50,149.775,1.5705,149.843,1.5628,0,1,stick_slip_load_drops,,,1.569,
HTFGB-30BS,Fig. 4.22,51,149.082,1.5996,149.15,1.5919,0,1,stick_slip_load_drops,,,1.613,
HTFGB-30BS,Fig. 4.22,52,150.353,1.634,150.421,1.6263,0,1,stick_slip_load_drops,,,1.6448,
HTFGB-30BS,Fig. 4.22,53,154.398,1.663,154.466,1.6553,0,1,bearing,,,1.6705,
HTFGB-30BS,Fig. 4.22,54,156.94,1.7001,157.008,1.6924,0,0,,,,,
HTFGB-30BS,Fig. 4.22,55,159.252,1.7318,159.32,1.7241,0,0,,,,,
HTFGB-30BS,Fig. 4.22,56,163.643,1.8005,163.711,1.7928,0,0,,,,,
HTFGB-30BS,Fig. 4.22,57,165.03,1.8243,165.098,1.8166,0,0,,,,,
HTFGB-30BS,Fig. 4.22,58,168.844,1.8878,168.912,1.8801,0,0,,,,,
HTFGB-30BS,Fig. 4.22,59,173.235,1.9698,173.303,1.9621,0,0,,,,,
HTFGB-30BS,Fig. 4.22,60,175.894,2.0041,175.962,1.9964,0,0,,,,,
HTFGB-30BS,Fig. 4.22,61,178.32,2.0649,178.388,2.0572,0,0,,,,,
HTFGB-30BS,Fig. 4.22,62,180.285,2.1257,180.353,2.118,0,0,,,,,
HTFGB-30BS,Fig. 4.22,63,183.174,2.1918,183.242,2.1841,0,0,,,,,
HTFGB-30BS,Fig. 4.22,64,188.375,2.3055,188.443,2.2978,0,0,,,,,
HTFGB-30BS,Fig. 4.22,65,192.535,2.4377,192.603,2.43,0,0,,,,,
HTFGB-30BS,Fig. 4.22,66,197.389,2.5752,197.457,2.5675,0,0,,,,,
HTFGB-30BS,Fig. 4.22,67,202.012,2.7392,202.08,2.7315,0,0,,,,,
HTFGB-30BS,Fig. 4.22,68,206.981,2.9123,207.049,2.9046,0,0,,,,,
HTFGB-30BS,Fig. 4.22,69,208.946,3.0115,209.014,3.0038,0,0,,,,,
HTFGB-30BS,Fig. 4.22,70,215.071,3.2627,215.139,3.255,0,0,,,,,
HTFGB-30BS,Fig. 4.22,71,218.769,3.5138,218.837,3.5061,0,0,,,,,
HTFGB-30BS,Fig. 4.22,72,222.583,3.6328,222.651,3.6251,0,0,,,,,
HTFGB-30BS,Fig. 4.22,73,221.774,3.7677,221.842,3.76,0,0,,,,,
HTFGB-30BS,Fig. 4.22,74,225.819,3.884,225.887,3.8763,0,0,,,,,
HTFGB-30BS,Fig. 4.22,75,226.628,4.0162,226.696,4.0085,0,0,,,,,
HTFGB-30BS,Fig. 4.22,76,228.823,4.2674,228.891,4.2597,0,0,,,,,
HTFGB-30BS,Fig. 4.22,77,231.366,4.5146,231.434,4.5069,0,0,,,,,
HTFGB-30BS,Fig. 4.22,78,234.024,4.7645,234.092,4.7568,0,0,,,,,
HTFGB-30BS,Fig. 4.22,79,235.873,4.8742,235.941,4.8665,0,0,,,,,
HTFGB-30BS,Fig. 4.22,80,235.989,5.013,236.057,5.0053,0,0,,,,,
HTFGB-30BS,Fig. 4.22,81,237.722,5.1346,237.79,5.1269,0,0,,,,,
HTFGB-30BS,Fig. 4.22,82,238.184,5.2642,238.252,5.2565,0,0,,,,,
HTFGB-30BS,Fig. 4.22,83,239.802,5.3858,239.87,5.3781,0,0,,,,,
HTFGB-30BS,Fig. 4.22,84,239.571,5.5167,239.639,5.509,0,0,,,,,
HTFGB-30BS,Fig. 4.22,85,238.3,5.5193,238.368,5.5116,0,0,,,,,
HTFGB-30BS,Fig. 4.22,86,241.42,5.6343,241.488,5.6266,0,0,,,,,
HTFGB-30BS,Fig. 4.22,87,241.42,5.7639,241.488,5.7562,0,0,,,,,
HTFGB-30BS,Fig. 4.22,88,243.269,5.8895,243.337,5.8818,0,0,,,,,
HTFGB-30BS,Fig. 4.22,89,243.847,6.0124,243.915,6.0047,0,0,,,,,
HTFGB-30BS,Fig. 4.22,90,243.847,6.2689,243.915,6.2612,0,0,,,,,
HTFGB-30BS,Fig. 4.22,91,246.505,6.5174,246.573,6.5097,0,0,,,,,
HTFGB-30BS,Fig. 4.22,92,247.892,6.7712,247.96,6.7635,0,0,,,,,
HTFGB-30BS,Fig. 4.22,93,249.279,7.0158,249.347,7.0081,0,0,,,,,
HTFGB-30BS,Fig. 4.22,94,249.279,7.2696,249.347,7.2619,0,0,,,,,
HTFGB-30BS,Fig. 4.22,95,251.937,7.5221,252.005,7.5144,0,0,,,,,
HTFGB-30BS,Fig. 4.22,96,252.862,7.7694,252.93,7.7617,0,0,,,,,
HTFGB-30BS,Fig. 4.22,97,254.133,8.0245,254.201,8.0168,0,0,,,,,
HTFGB-30BS,Fig. 4.22,98,255.52,8.2704,255.588,8.2627,0,0,,,,,
HTFGB-30BS,Fig. 4.22,99,255.751,8.5229,255.819,8.5152,0,0,,,,,
HTFGB-30BS,Fig. 4.22,100,255.982,8.7913,256.05,8.7836,0,0,,,,,
HTFGB-30BS,Fig. 4.22,101,255.057,8.8375,255.125,8.8298,0,0,,,,,
HTFGB-30BS,Fig. 4.22,102,255.751,9.0173,255.819,9.0096,0,0,,,,,
HTFGB-30BS,Fig. 4.22,103,256.329,9.2698,256.397,9.2621,0,0,,,,,
HTFGB-30BS,Fig. 4.22,104,256.675,9.5263,256.743,9.5186,0,0,,,,,
HTFGB-30BS,Fig. 4.22,105,255.057,9.7722,255.125,9.7645,0,0,,,,,
HTFGB-30BS,Fig. 4.22,106,225.241,9.948,225.309,9.9403,0,0,,,,,
HTFGB-30BS,Fig. 4.22,107,223.45,10.1,223.518,10.0923,0,0,,,,,
HTFGB-30BS,Fig. 4.22,108,226.165,10.2005,226.233,10.1928,0,0,,,,,
HTFGB-30BS,Fig. 4.22,109,226.628,10.5231,226.696,10.5154,0,0,,,,,
HTFGB-30BS,Fig. 4.22,110,213.684,10.6394,213.752,10.6317,0,0,,,,,
HTFGB-30BS,Fig. 4.22,111,216.227,10.7716,216.295,10.7639,0,0,,,,,
HTFGB-30BS,Fig. 4.22,112,209.524,11.0466,209.592,11.0389,0,0,,,,,
HTFGB-30BS,Fig. 4.22,113,208.368,11.0519,208.436,11.0442,0,0,,,,,
HASAA-30BS1,Fig. 4.61,0,0.0,0.0,0.125,-0.0058,1,1,friction_intact,,,,
HASAA-30BS1,Fig. 4.61,1,4.103,0.025,4.228,0.0192,1,1,friction_intact,,,,0.0257
HASAA-30BS1,Fig. 4.61,2,5.259,0.0316,5.384,0.0258,1,1,friction_intact,,,,0.0311
HASAA-30BS1,Fig. 4.61,3,10.055,0.062,10.18,0.0562,1,1,friction_intact,,,,0.0622
HASAA-30BS1,Fig. 4.61,4,15.082,0.1068,15.207,0.101,1,1,friction_intact,,,,0.1079
HASAA-30BS1,Fig. 4.61,5,19.936,0.1437,20.061,0.1379,1,1,friction_intact,,,,0.1445
HASAA-30BS1,Fig. 4.61,6,25.021,0.182,25.146,0.1762,1,1,friction_intact,,,,0.1819
HASAA-30BS1,Fig. 4.61,7,29.932,0.2202,30.057,0.2144,1,1,friction_intact,,,,0.2198
HASAA-30BS1,Fig. 4.61,8,34.959,0.2571,35.084,0.2513,1,1,friction_intact,,,,0.2572
HASAA-30BS1,Fig. 4.61,9,38.253,0.3099,38.378,0.3041,0,1,post_friction_release_bearing,,,,0.3109
HASAA-30BS1,Fig. 4.61,10,40.276,0.3244,40.401,0.3186,0,1,post_friction_release_bearing,,,,0.3256
HASAA-30BS1,Fig. 4.61,11,45.129,0.3679,45.254,0.3621,0,1,post_friction_release_bearing,,,,0.368
HASAA-30BS1,Fig. 4.61,12,50.33,0.4114,50.455,0.4056,0,1,post_friction_release_bearing,,,,0.4125
HASAA-30BS1,Fig. 4.61,13,54.953,0.455,55.078,0.4492,0,1,post_friction_release_bearing,,,,0.4555
HASAA-30BS1,Fig. 4.61,14,60.038,0.4998,60.163,0.494,0,1,post_friction_release_bearing,,,,0.5007
HASAA-30BS1,Fig. 4.61,15,65.123,0.5446,65.248,0.5388,0,1,post_friction_release_bearing,,,,0.5453
HASAA-30BS1,Fig. 4.61,16,69.861,0.5908,69.986,0.585,0,1,post_friction_release_bearing,,,,0.5922
HASAA-30BS1,Fig. 4.61,17,74.946,0.6383,75.071,0.6325,0,1,post_friction_release_bearing,,,,0.6399
HASAA-30BS1,Fig. 4.61,18,79.915,0.6857,80.04,0.6799,0,1,post_friction_release_bearing,,,,0.6869
HASAA-30BS1,Fig. 4.61,19,85.058,0.7358,85.183,0.73,0,1,post_friction_release_bearing,,,,0.7378
HASAA-30BS1,Fig. 4.61,20,89.97,0.7833,90.095,0.7775,0,1,post_friction_release_bearing,,,,0.7843
HASAA-30BS1,Fig. 4.61,21,95.055,0.8321,95.18,0.8263,0,1,post_friction_release_bearing,,,,0.8341
HASAA-30BS1,Fig. 4.61,22,100.197,0.8849,100.322,0.8791,0,1,post_friction_release_bearing,,,,0.888
HASAA-30BS1,Fig. 4.61,23,105.282,0.935,105.407,0.9292,0,1,post_friction_release_bearing,,,,0.9369
HASAA-30BS1,Fig. 4.61,24,110.367,0.9798,110.492,0.974,0,1,post_friction_release_bearing,,,,0.9829
HASAA-30BS1,Fig. 4.61,25,115.337,1.0326,115.462,1.0268,0,1,post_friction_release_bearing,,,,1.0351
HASAA-30BS1,Fig. 4.61,26,120.364,1.0814,120.489,1.0756,0,1,post_friction_release_bearing,,,,1.086
HASAA-30BS1,Fig. 4.61,27,125.449,1.1354,125.574,1.1296,0,1,post_friction_release_bearing,,,,1.139
HASAA-30BS1,Fig. 4.61,28,130.072,1.1842,130.197,1.1784,0,1,post_friction_release_bearing,,,,1.1872
HASAA-30BS1,Fig. 4.61,29,135.388,1.2383,135.513,1.2325,0,1,post_friction_release_bearing,,,,1.2417
HASAA-30BS1,Fig. 4.61,30,140.242,1.2937,140.367,1.2879,0,1,post_friction_release_bearing,,,,1.3045
HASAA-30BS1,Fig. 4.61,31,139.548,1.2937,139.673,1.2879,0,1,post_friction_release_bearing,,,,1.2952
HASAA-30BS1,Fig. 4.61,32,145.095,1.3491,145.22,1.3433,0,1,post_friction_release_bearing,,,,1.3545
HASAA-30BS1,Fig. 4.61,33,149.603,1.4124,149.728,1.4066,0,1,post_friction_release_bearing,,,,1.4165
HASAA-30BS1,Fig. 4.61,34,155.265,1.4757,155.39,1.4699,0,1,post_friction_release_bearing,,,,1.4816
HASAA-30BS1,Fig. 4.61,35,159.079,1.535,159.204,1.5292,0,0,,,,,
HASAA-30BS1,Fig. 4.61,36,165.204,1.6023,165.329,1.5965,0,0,,,,,
HASAA-30BS1,Fig. 4.61,37,169.018,1.6788,169.143,1.673,0,0,,,,,
HASAA-30BS1,Fig. 4.61,38,174.739,1.7698,174.864,1.764,0,0,,,,,
HASAA-30BS1,Fig. 4.61,39,179.188,1.8673,179.313,1.8615,0,0,,,,,
HASAA-30BS1,Fig. 4.61,40,184.099,1.9913,184.224,1.9855,0,0,,,,,
HASAA-30BS1,Fig. 4.61,41,189.184,2.1377,189.309,2.1319,0,0,,,,,
HASAA-30BS1,Fig. 4.61,42,194.038,2.288,194.163,2.2822,0,0,,,,,
HASAA-30BS1,Fig. 4.61,43,197.043,2.4581,197.168,2.4523,0,0,,,,,
HASAA-30BS1,Fig. 4.61,44,201.55,2.656,201.675,2.6502,0,0,,,,,
HASAA-30BS1,Fig. 4.61,45,207.098,2.9078,207.223,2.902,0,0,,,,,
HASAA-30BS1,Fig. 4.61,46,209.582,3.0107,209.707,3.0049,0,0,,,,,
HASAA-30BS1,Fig. 4.61,47,212.414,3.2639,212.539,3.2581,0,0,,,,,
HASAA-30BS1,Fig. 4.61,48,215.881,3.5184,216.006,3.5126,0,0,,,,,
HASAA-30BS1,Fig. 4.61,49,216.459,3.7677,216.584,3.7619,0,0,,,,,
HASAA-30BS1,Fig. 4.61,50,219.926,4.0235,220.051,4.0177,0,0,,,,,
HASAA-30BS1,Fig. 4.61,51,221.775,4.2701,221.9,4.2643,0,0,,,,,
HASAA-30BS1,Fig. 4.61,52,222.757,4.5233,222.882,4.5175,0,0,,,,,
HASAA-30BS1,Fig. 4.61,53,225.01,4.7713,225.135,4.7655,0,0,,,,,
HASAA-30BS1,Fig. 4.61,54,226.34,5.0152,226.465,5.0094,0,0,,,,,
HASAA-30BS1,Fig. 4.61,55,227.9,5.2697,228.025,5.2639,0,0,,,,,
HASAA-30BS1,Fig. 4.61,56,228.593,5.5203,228.718,5.5145,0,0,,,,,
HASAA-30BS1,Fig. 4.61,57,229.864,5.7696,229.989,5.7638,0,0,,,,,
HASAA-30BS1,Fig. 4.61,58,231.309,6.0214,231.434,6.0156,0,0,,,,,
HASAA-30BS1,Fig. 4.61,59,232.176,6.268,232.301,6.2622,0,0,,,,,
HASAA-30BS1,Fig. 4.61,60,232.349,6.5278,232.474,6.522,0,0,,,,,
HASAA-30BS1,Fig. 4.61,61,233.967,6.7744,234.092,6.7686,0,0,,,,,
HASAA-30BS1,Fig. 4.61,62,229.691,6.8048,229.816,6.799,0,0,,,,,
HASAA-30BS1,Fig. 4.61,63,233.389,7.0224,233.514,7.0166,0,0,,,,,
HASAA-30BS1,Fig. 4.61,64,232.811,7.2729,232.936,7.2671,0,0,,,,,
HASAA-30BS1,Fig. 4.61,65,233.042,7.5683,233.167,7.5625,0,0,,,,,
HASAA-30BS1,Fig. 4.61,66,235.007,7.7727,235.132,7.7669,0,0,,,,,
HASAA-30BS1,Fig. 4.61,67,233.505,8.022,233.63,8.0162,0,0,,,,,
HASAA-30BS1,Fig. 4.61,68,227.958,8.2567,228.083,8.2509,0,0,,,,,
HASAA-30BS1,Fig. 4.61,69,226.571,8.5284,226.696,8.5226,0,0,,,,,
HASAA-30BS1,Fig. 4.61,70,227.553,8.7737,227.678,8.7679,0,0,,,,,
HASAA-30BS1,Fig. 4.61,71,226.802,9.019,226.927,9.0132,0,0,,,,,
HASAA-30BS1,Fig. 4.61,72,219.001,9.2775,219.126,9.2717,0,0,,,,,
HASAA-30BS1,Fig. 4.61,73,218.423,9.5227,218.548,9.5169,0,0,,,,,
HASAA-30BS1,Fig. 4.61,74,215.707,9.7997,215.832,9.7939,0,0,,,,,
HASAA-30BS1,Fig. 4.61,75,208.369,9.9658,208.494,9.96,0,0,,,,,
HASAA-30BS1,Fig. 4.61,76,207.907,10.0212,208.032,10.0154,0,0,,,,,
HASAA-30BS1,Fig. 4.61,77,196.061,10.103,196.186,10.0972,0,0,,,,,
HASAA-30BS1,Fig. 4.61,78,191.9,10.2955,192.025,10.2897,0,0,,,,,
HASAA-30BS1,Fig. 4.61,79,183.926,10.4327,184.051,10.4269,0,0,,,,,
HASAA-30BS1,Fig. 4.61,80,188.491,10.5224,188.616,10.5166,0,0,,,,,
HASAA-30BS1,Fig. 4.61,81,190.167,10.7729,190.292,10.7671,0,0,,,,,
HASAA-30BS1,Fig. 4.61,82,182.193,11.034,182.318,11.0282,0,0,,,,,
HASAA-30BS1,Fig. 4.61,83,184.677,11.2806,184.802,11.2748,0,0,,,,,
