col_px,centroid_row_px,deflection_mm,load_kN
1705,3046.629,35.954,535.555
1706,3046.629,36.0785,535.555
1707,3046.629,36.203,535.555
1708,3046.629,36.3275,535.555
1709,3039.38,36.452,539.789
1710,3039.38,36.5764,539.789
1711,3039.38,36.7009,539.789
1712,3039.38,36.8254,539.789
1713,3031.397,36.9499,544.452
1714,3031.397,37.0744,544.452
1715,3031.397,37.1989,544.452
1716,3031.397,37.3233,544.452
1717,3023.856,37.4478,548.857
1718,3023.856,37.5723,548.857
1719,3023.856,37.6968,548.857
1720,3023.856,37.8213,548.857
1721,3016.306,37.9457,553.267
1722,3016.306,38.0702,553.267
1723,3016.306,38.1947,553.267
1724,3016.306,38.3192,553.267
1725,3009.542,38.4437,557.218
1726,3009.542,38.5681,557.218
1727,3009.542,38.6926,557.218
1728,3009.542,38.8171,557.218
1729,3001.891,38.9416,561.687
1730,3001.891,39.0661,561.687
1731,3001.891,39.1906,561.687
1732,3001.891,39.315,561.687
1733,2995.113,39.4395,565.646
1734,2995.113,39.564,565.646
1735,2995.113,39.6885,565.646
1736,2995.113,39.813,565.646
1737,2988.959,39.9374,569.24
1738,2988.959,40.0619,569.24
1739,2988.959,40.1864,569.24
1740,2988.959,40.3109,569.24
1741,2981.673,40.4354,573.496
1742,2981.673,40.5598,573.496
1743,2981.673,40.6843,573.496
1744,2981.673,40.8088,573.496
1745,2974.874,40.9333,577.468
1746,2974.874,41.0578,577.468
1747,2974.874,41.1823,577.468
1748,2974.874,41.3067,577.468
1749,2967.644,41.4312,581.691
1750,2967.644,41.5557,581.691
1751,2967.644,41.6802,581.691
1752,2967.644,41.8047,581.691
1753,2961.156,41.9291,585.481
1754,2961.156,42.0536,585.481
1755,2961.156,42.1781,585.481
1756,2961.156,42.3026,585.481
1757,2954.991,42.4271,589.082
1758,2954.991,42.5515,589.082
1759,2954.991,42.676,589.082
1760,2954.991,42.8005,589.082
1761,2948.768,42.925,592.716
1762,2948.768,43.0495,592.716
1763,2948.768,43.174,592.716
1764,2948.768,43.2984,592.716
1765,2943.037,43.4229,596.064
1766,2943.037,43.5474,596.064
1767,2943.037,43.6719,596.064
1768,2943.037,43.7964,596.064
1769,2938.175,43.9208,598.904
1770,2938.175,44.0453,598.904
1771,2938.175,44.1698,598.904
1772,2938.175,44.2943,598.904
1773,2931.635,44.4188,602.724
1774,2931.635,44.5432,602.724
1775,2931.635,44.6677,602.724
1776,2931.635,44.7922,602.724
1777,2926.429,44.9167,605.765
1778,2926.429,45.0412,605.765
1779,2926.429,45.1656,605.765
1780,2926.429,45.2901,605.765
1781,2922.132,45.4146,608.275
1782,2922.132,45.5391,608.275
1783,2922.132,45.6636,608.275
1784,2922.132,45.7881,608.275
1785,2915.474,45.9125,612.164
1786,2915.474,46.037,612.164
1787,2915.474,46.1615,612.164
1788,2915.474,46.286,612.164
1789,2911.071,46.4105,614.736
1790,2911.071,46.5349,614.736
1791,2911.071,46.6594,614.736
1792,2911.071,46.7839,614.736
1793,2906.145,46.9084,617.613
1794,2906.145,47.0329,617.613
1795,2906.145,47.1573,617.613
1796,2906.145,47.2818,617.613
1797,2900.414,47.4063,620.961
1798,2900.414,47.5308,620.961
1799,2900.414,47.6553,620.961
1800,2900.414,47.7798,620.961
1801,2895.553,47.9042,623.8
1802,2895.553,48.0287,623.8
1803,2895.553,48.1532,623.8
1804,2895.553,48.2777,623.8
1805,2890.386,48.4022,626.818
1806,2890.386,48.5266,626.818
1807,2890.386,48.6511,626.818
1808,2890.386,48.7756,626.818
1809,2885.452,48.9001,629.7
1810,2885.452,49.0246,629.7
1811,2885.452,49.149,629.7
1812,2885.452,49.2735,629.7
1813,2881.049,49.398,632.272
1814,2881.049,49.5225,632.272
1815,2881.049,49.647,632.272
1816,2881.049,49.7715,632.272
1817,2875.543,49.8959,635.488
1818,2875.543,50.0204,635.488
1819,2875.543,50.1449,635.488
1820,2875.543,50.2694,635.488
1821,2871.257,50.3939,637.992
1822,2871.257,50.5183,637.992
1823,2871.257,50.6428,637.992
1824,2871.257,50.7673,637.992
1825,2867.1,50.8918,640.42
1826,2867.1,51.0163,640.42
1827,2867.1,51.1407,640.42
1828,2867.1,51.2652,640.42
1829,2862.276,51.3897,643.237
1830,2862.276,51.5142,643.237
1831,2862.276,51.6387,643.237
1832,2862.276,51.7632,643.237
1833,2858.312,51.8876,645.553
1834,2858.312,52.0121,645.553
1835,2858.312,52.1366,645.553
1836,2858.312,52.2611,645.553
1837,2854.162,52.3856,647.977
1838,2854.162,52.51,647.977
1839,2854.162,52.6345,647.977
1840,2854.162,52.759,647.977
1841,2850.348,52.8835,650.204
1842,2850.348,53.008,650.204
1843,2850.348,53.1324,650.204
1844,2850.348,53.2569,650.204
1845,2847.303,53.3814,651.983
1846,2847.303,53.5059,651.983
1847,2847.303,53.6304,651.983
1848,2847.303,53.7549,651.983
1849,2843.707,53.8793,654.084
1850,2843.707,54.0038,654.084
1851,2843.707,54.1283,654.084
1852,2843.707,54.2528,654.084
1853,2840.668,54.3773,655.859
1854,2840.668,54.5017,655.859
1855,2840.668,54.6262,655.859
1856,2840.668,54.7507,655.859
1857,2836.989,54.8752,658.008
1858,2836.989,54.9997,658.008
1859,2836.989,55.1241,658.008
1860,2836.989,55.2486,658.008
1861,2833.152,55.3731,660.249
1862,2833.152,55.4976,660.249
1863,2833.152,55.6221,660.249
1864,2833.152,55.7465,660.249
1865,2829.565,55.871,662.344
1866,2829.565,55.9955,662.344
1867,2829.565,56.12,662.344
1868,2829.565,56.2445,662.344
1869,2825.779,56.369,664.556
1870,2825.779,56.4934,664.556
1871,2825.779,56.6179,664.556
1872,2825.779,56.7424,664.556
1873,2822.003,56.8669,666.761
1874,2822.003,56.9914,666.761
1875,2822.003,57.1158,666.761
1876,2822.003,57.2403,666.761
1877,2817.611,57.3648,669.327
1878,2817.611,57.4893,669.327
1879,2817.611,57.6138,669.327
1880,2817.611,57.7382,669.327
1881,2813.796,57.8627,671.555
1882,2813.796,57.9872,671.555
1883,2813.796,58.1117,671.555
1884,2813.796,58.2362,671.555
1885,2809.258,58.3607,674.206
1886,2809.258,58.4851,674.206
1887,2809.258,58.6096,674.206
1888,2809.258,58.7341,674.206
1889,2805.796,58.8586,676.228
1890,2805.796,58.9831,676.228
1891,2805.796,59.1075,676.228
1892,2805.796,59.232,676.228
1893,2802.703,59.3565,678.034
1894,2802.703,59.481,678.034
1895,2802.703,59.6055,678.034
1896,2802.703,59.7299,678.034
1897,2799.5,59.8544,679.906
1898,2799.5,59.9789,679.906
1899,2799.5,60.1034,679.906
1900,2799.5,60.2279,679.906
1901,2796.875,60.3524,681.439
1902,2796.875,60.4768,681.439
1903,2796.875,60.6013,681.439
1904,2796.875,60.7258,681.439
1905,2793.712,60.8503,683.286
1906,2793.712,60.9748,683.286
1907,2793.712,61.0992,683.286
1908,2793.712,61.2237,683.286
1909,2791.398,61.3482,684.638
1910,2791.398,61.4727,684.638
1911,2791.398,61.5972,684.638
1912,2791.398,61.7216,684.638
1913,2787.658,61.8461,686.822
1914,2787.658,61.9706,686.822
1915,2787.658,62.0951,686.822
1916,2787.658,62.2196,686.822
1917,2784.492,62.3441,688.672
1918,2784.492,62.4685,688.672
1919,2784.492,62.593,688.672
1920,2784.492,62.7175,688.672
1921,2780.974,62.842,690.727
1922,2780.974,62.9665,690.727
1923,2780.974,63.0909,690.727
1924,2780.974,63.2154,690.727
1925,2777.754,63.3399,692.608
1926,2777.754,63.4644,692.608
1927,2777.754,63.5889,692.608
1928,2777.754,63.7133,692.608
1929,2774.823,63.8378,694.32
1930,2774.823,63.9623,694.32
1931,2774.823,64.0868,694.32
1932,2774.823,64.2113,694.32
1933,2771.714,64.3357,696.135
1934,2771.714,64.4602,696.135
1935,2771.714,64.5847,696.135
1936,2771.714,64.7092,696.135
1937,2769.219,64.8337,697.593
1938,2769.219,64.9582,697.593
1939,2769.219,65.0826,697.593
1940,2769.219,65.2071,697.593
1941,2766.926,65.3316,698.932
1942,2766.926,65.4561,698.932
1943,2766.926,65.5806,698.932
1944,2766.926,65.705,698.932
1945,2764.106,65.8295,700.58
1946,2764.106,65.954,700.58
1947,2764.106,66.0785,700.58
1948,2764.106,66.203,700.58
1949,2762.277,66.3274,701.648
1950,2762.277,66.4519,701.648
1951,2762.277,66.5764,701.648
1952,2762.277,66.7009,701.648
1953,2759.349,66.8254,703.358
1954,2759.349,66.9499,703.358
1955,2759.349,67.0743,703.358
1956,2759.349,67.1988,703.358
1957,2756.687,67.3233,704.913
1958,2756.687,67.4478,704.913
1959,2756.687,67.5723,704.913
1960,2756.687,67.6967,704.913
1961,2754.481,67.8212,706.202
1962,2754.481,67.9457,706.202
1963,2754.481,68.0702,706.202
1964,2754.481,68.1947,706.202
1965,2751.748,68.3191,707.798
1966,2751.748,68.4436,707.798
1967,2751.748,68.5681,707.798
1968,2751.748,68.6926,707.798
1969,2749.267,68.8171,709.247
1970,2749.267,68.9416,709.247
1971,2749.267,69.066,709.247
1972,2749.267,69.1905,709.247
1973,2746.481,69.315,710.874
1974,2746.481,69.4395,710.874
1975,2746.481,69.564,710.874
1976,2746.481,69.6884,710.874
1977,2743.827,69.8129,712.425
1978,2743.827,69.9374,712.425
1979,2743.827,70.0619,712.425
1980,2743.827,70.1864,712.425
1981,2741.435,70.3108,713.822
1982,2741.435,70.4353,713.822
1983,2741.435,70.5598,713.822
1984,2741.435,70.6843,713.822
1985,2738.549,70.8088,715.508
1986,2738.549,70.9333,715.508
1987,2738.549,71.0577,715.508
1988,2738.549,71.1822,715.508
1989,2735.395,71.3067,717.35
1990,2735.395,71.4312,717.35
1991,2735.395,71.5557,717.35
1992,2735.395,71.6801,717.35
1993,2732.453,71.8046,719.068
1994,2732.453,71.9291,719.068
1995,2732.453,72.0536,719.068
1996,2732.453,72.1781,719.068
1997,2730.547,72.3025,720.182
1998,2730.547,72.427,720.182
1999,2730.547,72.5515,720.182
2000,2730.547,72.676,720.182
2001,2728.482,72.8005,721.388
2002,2728.482,72.9249,721.388
2003,2728.482,73.0494,721.388
2004,2728.482,73.1739,721.388
2005,2725.983,73.2984,722.848
2006,2725.983,73.4229,722.848
2007,2725.983,73.5474,722.848
2008,2725.983,73.6718,722.848
2009,2723.45,73.7963,724.327
2010,2723.45,73.9208,724.327
2011,2723.45,74.0453,724.327
2012,2723.45,74.1698,724.327
2013,2720.4,74.2942,726.109
2014,2720.4,74.4187,726.109
2015,2720.4,74.5432,726.109
2016,2720.4,74.6677,726.109
2017,2718.255,74.7922,727.362
2018,2718.255,74.9166,727.362
2019,2718.255,75.0411,727.362
2020,2718.255,75.1656,727.362
2021,2717.06,75.2901,728.06
2022,2717.06,75.4146,728.06
2023,2717.06,75.5391,728.06
2024,2717.06,75.6635,728.06
2025,2715.167,75.788,729.166
2026,2715.167,75.9125,729.166
