row_px,centroid_col_px,run_start_col_px,run_end_col_px,blue_weight_sum,load_kN,deflection_mm
2517,2508.028,2501,2516,11.125,844.917,135.9159
2518,2508.028,2501,2516,11.125,844.333,135.9159
2519,2508.028,2501,2516,11.125,843.749,135.9159
2520,2507.445,2497,2516,10.312,843.164,135.8434
2521,2507.445,2497,2516,10.312,842.58,135.8434
2522,2507.445,2497,2516,10.312,841.996,135.8434
2523,2507.445,2497,2516,10.312,841.412,135.8434
2524,2457.9,2449,2464,5.0,840.828,129.6759
2525,2457.9,2449,2464,5.0,840.244,129.6759
2526,2457.9,2449,2464,5.0,839.66,129.6759
2527,2457.9,2449,2464,5.0,839.076,129.6759
2528,2452.391,2429,2472,27.5,838.492,128.9901
2529,2452.391,2429,2472,27.5,837.907,128.9901
2530,2452.391,2429,2472,27.5,837.323,128.9901
2531,2452.391,2429,2472,27.5,836.739,128.9901
2532,2465.294,2421,2508,81.25,836.155,130.5963
2533,2465.294,2421,2508,81.25,835.571,130.5963
2534,2465.294,2421,2508,81.25,834.987,130.5963
2535,2465.294,2421,2508,81.25,834.403,130.5963
2536,2461.356,2409,2508,93.125,833.819,130.1062
2537,2461.356,2409,2508,93.125,833.235,130.1062
2538,2461.356,2409,2508,93.125,832.65,130.1062
2539,2461.356,2409,2508,93.125,832.066,130.1062
2540,2456.017,2397,2508,89.0,831.482,129.4415
2541,2456.017,2397,2508,89.0,830.898,129.4415
2542,2456.017,2397,2508,89.0,830.314,129.4415
2543,2456.017,2397,2508,89.0,829.73,129.4415
2544,2409.271,2385,2432,38.25,829.146,123.6225
2545,2409.271,2385,2432,38.25,828.562,123.6225
2546,2409.271,2385,2432,38.25,827.978,123.6225
2547,2409.271,2385,2432,38.25,827.394,123.6225
2548,2400.019,2377,2424,38.5,826.809,122.4709
2549,2400.019,2377,2424,38.5,826.225,122.4709
2550,2400.019,2377,2424,38.5,825.641,122.4709
2551,2400.019,2377,2424,38.5,825.057,122.4709
2552,2392.441,2373,2412,34.0,824.473,121.5275
2553,2392.441,2373,2412,34.0,823.889,121.5275
2554,2392.441,2373,2412,34.0,823.305,121.5275
2555,2392.441,2373,2412,34.0,822.721,121.5275
2556,2379.289,2361,2400,28.5,822.137,119.8904
2557,2379.289,2361,2400,28.5,821.552,119.8904
2558,2379.289,2361,2400,28.5,820.968,119.8904
2559,2379.289,2361,2400,28.5,820.384,119.8904
2560,2368.642,2345,2388,31.75,819.8,118.5649
2561,2368.642,2345,2388,31.75,819.216,118.5649
2562,2368.642,2345,2388,31.75,818.632,118.5649
2563,2368.642,2345,2388,31.75,818.048,118.5649
2564,2362.027,2337,2384,39.125,817.464,117.7416
2565,2362.027,2337,2384,39.125,816.88,117.7416
2566,2362.027,2337,2384,39.125,816.295,117.7416
2567,2362.027,2337,2384,39.125,815.711,117.7416
2568,2347.117,2309,2372,40.5,815.127,115.8856
2569,2347.117,2309,2372,40.5,814.543,115.8856
2570,2347.117,2309,2372,40.5,813.959,115.8856
2571,2347.117,2309,2372,40.5,813.375,115.8856
2572,2333.317,2305,2364,48.625,812.791,114.1677
2573,2333.317,2305,2364,48.625,812.207,114.1677
2574,2333.317,2305,2364,48.625,811.623,114.1677
2575,2333.317,2305,2364,48.625,811.038,114.1677
2576,2322.521,2293,2352,46.75,810.454,112.8238
2577,2322.521,2293,2352,46.75,809.87,112.8238
2578,2322.521,2293,2352,46.75,809.286,112.8238
2579,2322.521,2293,2352,46.75,808.702,112.8238
2580,2312.08,2285,2344,45.875,808.118,111.5241
2581,2312.08,2285,2344,45.875,807.534,111.5241
2582,2312.08,2285,2344,45.875,806.95,111.5241
2583,2312.08,2285,2344,45.875,806.366,111.5241
2584,2296.84,2273,2324,35.25,805.781,109.627
2585,2296.84,2273,2324,35.25,805.197,109.627
2586,2296.84,2273,2324,35.25,804.613,109.627
2587,2296.84,2273,2324,35.25,804.029,109.627
2588,2285.466,2261,2312,36.75,803.445,108.2111
2589,2285.466,2261,2312,36.75,802.861,108.2111
2590,2285.466,2261,2312,36.75,802.277,108.2111
2591,2285.466,2261,2312,36.75,801.693,108.2111
2592,2275.574,2253,2296,34.0,801.109,106.9797
2593,2275.574,2253,2296,34.0,800.524,106.9797
2594,2275.574,2253,2296,34.0,799.94,106.9797
2595,2275.574,2253,2296,34.0,799.356,106.9797
2596,2267.788,2249,2288,33.375,798.772,106.0106
2597,2267.788,2249,2288,33.375,798.188,106.0106
2598,2267.788,2249,2288,33.375,797.604,106.0106
2599,2267.788,2249,2288,33.375,797.02,106.0106
2600,2252.931,2229,2276,36.0,796.436,104.1611
2601,2252.931,2229,2276,36.0,795.852,104.1611
2602,2252.931,2229,2276,36.0,795.267,104.1611
2603,2252.931,2229,2276,36.0,794.683,104.1611
2604,2245.283,2225,2268,37.375,794.099,103.2091
2605,2245.283,2225,2268,37.375,793.515,103.2091
2606,2245.283,2225,2268,37.375,792.931,103.2091
2607,2245.283,2225,2268,37.375,792.347,103.2091
2608,2235.932,2209,2260,38.75,791.763,102.0451
2609,2235.932,2209,2260,38.75,791.179,102.0451
2610,2235.932,2209,2260,38.75,790.595,102.0451
2611,2235.932,2209,2260,38.75,790.01,102.0451
2612,2223.226,2201,2248,33.75,789.426,100.4634
2613,2223.226,2201,2248,33.75,788.842,100.4634
2614,2223.226,2201,2248,33.75,788.258,100.4634
2615,2223.226,2201,2248,33.75,787.674,100.4634
2616,2214.803,2197,2232,31.375,787.09,99.4149
2617,2214.803,2197,2232,31.375,786.506,99.4149
2618,2214.803,2197,2232,31.375,785.922,99.4149
2619,2214.803,2197,2232,31.375,785.338,99.4149
2620,2206.482,2185,2228,27.25,784.753,98.3791
2621,2206.482,2185,2228,27.25,784.169,98.3791
2622,2206.482,2185,2228,27.25,783.585,98.3791
2623,2206.482,2185,2228,27.25,783.001,98.3791
2624,2195.573,2177,2212,27.5,782.417,97.0211
2625,2195.573,2177,2212,27.5,781.833,97.0211
2626,2195.573,2177,2212,27.5,781.249,97.0211
2627,2195.573,2177,2212,27.5,780.665,97.0211
2628,2187.012,2165,2208,32.25,780.081,95.9554
2629,2187.012,2165,2208,32.25,779.496,95.9554
2630,2187.012,2165,2208,32.25,778.912,95.9554
2631,2187.012,2165,2208,32.25,778.328,95.9554
2632,2178.407,2157,2200,32.375,777.744,94.8843
2633,2178.407,2157,2200,32.375,777.16,94.8843
2634,2178.407,2157,2200,32.375,776.576,94.8843
2635,2178.407,2157,2200,32.375,775.992,94.8843
2636,2169.624,2149,2188,29.125,775.408,93.791
2637,2169.624,2149,2188,29.125,774.824,93.791
2638,2169.624,2149,2188,29.125,774.239,93.791
2639,2169.624,2149,2188,29.125,773.655,93.791
2640,2160.807,2145,2180,26.875,773.071,92.6934
2641,2160.807,2145,2180,26.875,772.487,92.6934
2642,2160.807,2145,2180,26.875,771.903,92.6934
2643,2160.807,2145,2180,26.875,771.319,92.6934
2644,2151.158,2133,2168,29.625,770.735,91.4923
2645,2151.158,2133,2168,29.625,770.151,91.4923
2646,2151.158,2133,2168,29.625,769.567,91.4923
2647,2151.158,2133,2168,29.625,768.982,91.4923
2648,2144.546,2129,2164,27.125,768.398,90.6693
2649,2144.546,2129,2164,27.125,767.814,90.6693
2650,2144.546,2129,2164,27.125,767.23,90.6693
2651,2144.546,2129,2164,27.125,766.646,90.6693
2652,2137.357,2121,2156,25.375,766.062,89.7744
2653,2137.357,2121,2156,25.375,765.478,89.7744
2654,2137.357,2121,2156,25.375,764.894,89.7744
2655,2137.357,2121,2156,25.375,764.31,89.7744
2656,2128.783,2113,2144,23.0,763.725,88.707
2657,2128.783,2113,2144,23.0,763.141,88.707
2658,2128.783,2113,2144,23.0,762.557,88.707
2659,2128.783,2113,2144,23.0,761.973,88.707
2660,2120.536,2101,2136,27.5,761.389,87.6805
2661,2120.536,2101,2136,27.5,760.805,87.6805
2662,2120.536,2101,2136,27.5,760.221,87.6805
2663,2120.536,2101,2136,27.5,759.637,87.6805
2664,2112.21,2093,2132,31.0,759.053,86.644
2665,2112.21,2093,2132,31.0,758.468,86.644
2666,2112.21,2093,2132,31.0,757.884,86.644
2667,2112.21,2093,2132,31.0,757.3,86.644
2668,2105.823,2089,2124,31.0,756.716,85.8489
2669,2105.823,2089,2124,31.0,756.132,85.8489
2670,2105.823,2089,2124,31.0,755.548,85.8489
2671,2105.823,2089,2124,31.0,754.964,85.8489
2672,2096.791,2077,2120,27.5,754.38,84.7246
2673,2096.791,2077,2120,27.5,753.796,84.7246
2674,2096.791,2077,2120,27.5,753.211,84.7246
2675,2096.791,2077,2120,27.5,752.627,84.7246
2676,2087.442,2069,2104,26.0,752.043,83.5609
2677,2087.442,2069,2104,26.0,751.459,83.5609
2678,2087.442,2069,2104,26.0,750.875,83.5609
2679,2087.442,2069,2104,26.0,750.291,83.5609
2680,2081.32,2065,2100,27.125,749.707,82.7988
2681,2081.32,2065,2100,27.125,749.123,82.7988
2682,2081.32,2065,2100,27.125,748.539,82.7988
2683,2081.32,2065,2100,27.125,747.954,82.7988
2684,2075.119,2061,2092,24.25,747.37,82.0268
2685,2075.119,2061,2092,24.25,746.786,82.0268
2686,2075.119,2061,2092,24.25,746.202,82.0268
2687,2075.119,2061,2092,24.25,745.618,82.0268
2688,2066.864,2053,2080,22.0,745.034,80.9993
2689,2066.864,2053,2080,22.0,744.45,80.9993
2690,2066.864,2053,2080,22.0,743.866,80.9993
2691,2066.864,2053,2080,22.0,743.282,80.9993
2692,2060.786,2045,2076,21.875,742.697,80.2427
2693,2060.786,2045,2076,21.875,742.113,80.2427
2694,2060.786,2045,2076,21.875,741.529,80.2427
2695,2060.786,2045,2076,21.875,740.945,80.2427
2696,2056.218,2041,2072,22.125,740.361,79.674
2697,2056.218,2041,2072,22.125,739.777,79.674
2698,2056.218,2041,2072,22.125,739.193,79.674
2699,2056.218,2041,2072,22.125,738.609,79.674
2700,2048.42,2033,2064,21.875,738.025,78.7034
2701,2048.42,2033,2064,21.875,737.44,78.7034
2702,2048.42,2033,2064,21.875,736.856,78.7034
2703,2048.42,2033,2064,21.875,736.272,78.7034
2704,2042.0,2025,2056,24.0,735.688,77.9042
2705,2042.0,2025,2056,24.0,735.104,77.9042
2706,2042.0,2025,2056,24.0,734.52,77.9042
2707,2042.0,2025,2056,24.0,733.936,77.9042
2708,2036.657,2021,2052,23.875,733.352,77.2391
2709,2036.657,2021,2052,23.875,732.768,77.2391
2710,2036.657,2021,2052,23.875,732.183,77.2391
2711,2036.657,2021,2052,23.875,731.599,77.2391
2712,2027.711,2009,2048,28.5,731.015,76.1254
2713,2027.711,2009,2048,28.5,730.431,76.1254
2714,2027.711,2009,2048,28.5,729.847,76.1254
2715,2027.711,2009,2048,28.5,729.263,76.1254
2716,2020.885,2005,2036,26.0,728.679,75.2757
2717,2020.885,2005,2036,26.0,728.095,75.2757
2718,2020.885,2005,2036,26.0,727.511,75.2757
2719,2020.885,2005,2036,26.0,726.926,75.2757
2720,2015.101,2001,2032,24.125,726.342,74.5558
2721,2015.101,2001,2032,24.125,725.758,74.5558
2722,2015.101,2001,2032,24.125,725.174,74.5558
2723,2015.101,2001,2032,24.125,724.59,74.5558
2724,2006.433,1993,2024,22.5,724.006,73.4768
2725,2006.433,1993,2024,22.5,723.422,73.4768
2726,2006.433,1993,2024,22.5,722.838,73.4768
2727,2006.433,1993,2024,22.5,722.254,73.4768
2728,2000.676,1985,2016,24.125,721.669,72.7602
2729,2000.676,1985,2016,24.125,721.085,72.7602
2730,2000.676,1985,2016,24.125,720.501,72.7602
2731,2000.676,1985,2016,24.125,719.917,72.7602
2732,1994.5,1981,2008,23.5,719.333,71.9913
2733,1994.5,1981,2008,23.5,718.749,71.9913
2734,1994.5,1981,2008,23.5,718.165,71.9913
2735,1994.5,1981,2008,23.5,717.581,71.9913
2736,1987.817,1973,2000,20.125,716.997,71.1594
2737,1987.817,1973,2000,20.125,716.412,71.1594
2738,1987.817,1973,2000,20.125,715.828,71.1594
2739,1987.817,1973,2000,20.125,715.244,71.1594
2740,1981.237,1965,1996,21.375,714.66,70.3403
2741,1981.237,1965,1996,21.375,714.076,70.3403
2742,1981.237,1965,1996,21.375,713.492,70.3403
2743,1981.237,1965,1996,21.375,712.908,70.3403
2744,1975.908,1961,1988,22.375,712.324,69.677
2745,1975.908,1961,1988,22.375,711.74,69.677
2746,1975.908,1961,1988,22.375,711.155,69.677
2747,1975.908,1961,1988,22.375,710.571,69.677
2748,1969.628,1953,1984,23.5,709.987,68.8952
2749,1969.628,1953,1984,23.5,709.403,68.8952
2750,1969.628,1953,1984,23.5,708.819,68.8952
2751,1969.628,1953,1984,23.5,708.235,68.8952
2752,1963.24,1949,1980,21.625,707.651,68.1
2753,1963.24,1949,1980,21.625,707.067,68.1
2754,1963.24,1949,1980,21.625,706.483,68.1
2755,1963.24,1949,1980,21.625,705.898,68.1
2756,1957.987,1941,1972,23.375,705.314,67.4461
2757,1957.987,1941,1972,23.375,704.73,67.4461
2758,1957.987,1941,1972,23.375,704.146,67.4461
2759,1957.987,1941,1972,23.375,703.562,67.4461
2760,1950.826,1937,1968,23.0,702.978,66.5548
2761,1950.826,1937,1968,23.0,702.394,66.5548
2762,1950.826,1937,1968,23.0,701.81,66.5548
2763,1950.826,1937,1968,23.0,701.226,66.5548
2764,1944.934,1929,1960,23.625,700.641,65.8213
2765,1944.934,1929,1960,23.625,700.057,65.8213
2766,1944.934,1929,1960,23.625,699.473,65.8213
2767,1944.934,1929,1960,23.625,698.889,65.8213
2768,1938.051,1925,1952,22.25,698.305,64.9644
2769,1938.051,1925,1952,22.25,697.721,64.9644
2770,1938.051,1925,1952,22.25,697.137,64.9644
2771,1938.051,1925,1952,22.25,696.553,64.9644
2772,1933.101,1921,1948,20.375,695.969,64.3484
2773,1933.101,1921,1948,20.375,695.384,64.3484
2774,1933.101,1921,1948,20.375,694.8,64.3484
2775,1933.101,1921,1948,20.375,694.216,64.3484
2776,1926.575,1913,1940,20.125,693.632,63.5359
2777,1926.575,1913,1940,20.125,693.048,63.5359
2778,1926.575,1913,1940,20.125,692.464,63.5359
2779,1926.575,1913,1940,20.125,691.88,63.5359
2780,1922.146,1909,1936,19.75,691.296,62.9846
2781,1922.146,1909,1936,19.75,690.712,62.9846
2782,1922.146,1909,1936,19.75,690.127,62.9846
2783,1922.146,1909,1936,19.75,689.543,62.9846
2784,1917.303,1905,1928,18.375,688.959,62.3817
2785,1917.303,1905,1928,18.375,688.375,62.3817
2786,1917.303,1905,1928,18.375,687.791,62.3817
2787,1917.303,1905,1928,18.375,687.207,62.3817
2788,1911.239,1897,1924,19.625,686.623,61.6269
2789,1911.239,1897,1924,19.625,686.039,61.6269
2790,1911.239,1897,1924,19.625,685.455,61.6269
2791,1911.239,1897,1924,19.625,684.87,61.6269
2792,1907.038,1893,1920,21.375,684.286,61.104
2793,1907.038,1893,1920,21.375,683.702,61.104
2794,1907.038,1893,1920,21.375,683.118,61.104
2795,1907.038,1893,1920,21.375,682.534,61.104
2796,1901.511,1885,1916,22.25,681.95,60.416
2797,1901.511,1885,1916,22.25,681.366,60.416
2798,1901.511,1885,1916,22.25,680.782,60.416
2799,1901.511,1885,1916,22.25,680.198,60.416
2800,1895.867,1885,1908,19.75,679.613,59.7134
2801,1895.867,1885,1908,19.75,679.029,59.7134
2802,1895.867,1885,1908,19.75,678.445,59.7134
2803,1895.867,1885,1908,19.75,677.861,59.7134
2804,1891.947,1881,1904,19.0,677.277,59.2255
2805,1891.947,1881,1904,19.0,676.693,59.2255
2806,1891.947,1881,1904,19.0,676.109,59.2255
2807,1891.947,1881,1904,19.0,675.525,59.2255
2808,1886.417,1873,1900,18.125,674.941,58.5371
2809,1886.417,1873,1900,18.125,674.356,58.5371
2810,1886.417,1873,1900,18.125,673.772,58.5371
2811,1886.417,1873,1900,18.125,673.188,58.5371
2812,1882.845,1873,1896,17.375,672.604,58.0924
2813,1882.845,1873,1896,17.375,672.02,58.0924
2814,1882.845,1873,1896,17.375,671.436,58.0924
2815,1882.845,1873,1896,17.375,670.852,58.0924
2816,1878.563,1869,1888,15.875,670.268,57.5594
2817,1878.563,1869,1888,15.875,669.684,57.5594
2818,1878.563,1869,1888,15.875,669.099,57.5594
2819,1878.563,1869,1888,15.875,668.515,57.5594
2820,1874.989,1861,1884,16.375,667.931,57.1144
2821,1874.989,1861,1884,16.375,667.347,57.1144
2822,1874.989,1861,1884,16.375,666.763,57.1144
2823,1874.989,1861,1884,16.375,666.179,57.1144
2824,1870.553,1857,1884,18.875,665.595,56.5623
2825,1870.553,1857,1884,18.875,665.011,56.5623
2826,1870.553,1857,1884,18.875,664.427,56.5623
2827,1870.553,1857,1884,18.875,663.843,56.5623
2828,1866.63,1853,1880,19.25,663.258,56.0739
2829,1866.63,1853,1880,19.25,662.674,56.0739
2830,1866.63,1853,1880,19.25,662.09,56.0739
2831,1866.63,1853,1880,19.25,661.506,56.0739
2832,1862.644,1853,1876,17.375,660.922,55.5777
2833,1862.644,1853,1876,17.375,660.338,55.5777
2834,1862.644,1853,1876,17.375,659.754,55.5777
2835,1862.644,1853,1876,17.375,659.17,55.5777
2836,1857.572,1845,1868,17.25,658.586,54.9464
2837,1857.572,1845,1868,17.25,658.001,54.9464
2838,1857.572,1845,1868,17.25,657.417,54.9464
2839,1857.572,1845,1868,17.25,656.833,54.9464
2840,1852.987,1841,1864,19.5,656.249,54.3757
2841,1852.987,1841,1864,19.5,655.665,54.3757
2842,1852.987,1841,1864,19.5,655.081,54.3757
2843,1852.987,1841,1864,19.5,654.497,54.3757
2844,1848.814,1837,1860,19.875,653.913,53.8562
2845,1848.814,1837,1860,19.875,653.329,53.8562
2846,1848.814,1837,1860,19.875,652.744,53.8562
2847,1848.814,1837,1860,19.875,652.16,53.8562
2848,1843.925,1833,1856,18.25,651.576,53.2475
2849,1843.925,1833,1856,18.25,650.992,53.2475
2850,1843.925,1833,1856,18.25,650.408,53.2475
2851,1843.925,1833,1856,18.25,649.824,53.2475
2852,1839.421,1829,1852,17.375,649.24,52.6869
2853,1839.421,1829,1852,17.375,648.656,52.6869
2854,1839.421,1829,1852,17.375,648.072,52.6869
2855,1839.421,1829,1852,17.375,647.487,52.6869
2856,1835.604,1825,1848,16.75,646.903,52.2118
2857,1835.604,1825,1848,16.75,646.319,52.2118
2858,1835.604,1825,1848,16.75,645.735,52.2118
2859,1835.604,1825,1848,16.75,645.151,52.2118
2860,1831.312,1821,1844,16.625,644.567,51.6775
2861,1831.312,1821,1844,16.625,643.983,51.6775
2862,1831.312,1821,1844,16.625,643.399,51.6775
2863,1831.312,1821,1844,16.625,642.815,51.6775
2864,1827.873,1817,1840,16.75,642.23,51.2494
2865,1827.873,1817,1840,16.75,641.646,51.2494
2866,1827.873,1817,1840,16.75,641.062,51.2494
2867,1827.873,1817,1840,16.75,640.478,51.2494
2868,1824.278,1813,1836,15.75,639.894,50.8019
2869,1824.278,1813,1836,15.75,639.31,50.8019
2870,1824.278,1813,1836,15.75,638.726,50.8019
2871,1824.278,1813,1836,15.75,638.142,50.8019
2872,1820.36,1809,1832,16.125,637.558,50.3142
2873,1820.36,1809,1832,16.125,636.973,50.3142
2874,1820.36,1809,1832,16.125,636.389,50.3142
2875,1820.36,1809,1832,16.125,635.805,50.3142
2876,1816.882,1805,1828,17.0,635.221,49.8813
2877,1816.882,1805,1828,17.0,634.637,49.8813
2878,1816.882,1805,1828,17.0,634.053,49.8813
2879,1816.882,1805,1828,17.0,633.469,49.8813
2880,1813.492,1805,1824,15.875,632.885,49.4593
2881,1813.492,1805,1824,15.875,632.301,49.4593
2882,1813.492,1805,1824,15.875,631.716,49.4593
2883,1813.492,1805,1824,15.875,631.132,49.4593
2884,1810.158,1801,1820,14.625,630.548,49.0442
2885,1810.158,1801,1820,14.625,629.964,49.0442
2886,1810.158,1801,1820,14.625,629.38,49.0442
2887,1810.158,1801,1820,14.625,628.796,49.0442
2888,1807.408,1797,1816,14.875,628.212,48.7019
2889,1807.408,1797,1816,14.875,627.628,48.7019
2890,1807.408,1797,1816,14.875,627.044,48.7019
2891,1807.408,1797,1816,14.875,626.459,48.7019
2892,1804.292,1793,1816,15.625,625.875,48.314
2893,1804.292,1793,1816,15.625,625.291,48.314
2894,1804.292,1793,1816,15.625,624.707,48.314
2895,1804.292,1793,1816,15.625,624.123,48.314
2896,1801.012,1789,1812,16.125,623.539,47.9057
2897,1801.012,1789,1812,16.125,622.955,47.9057
2898,1801.012,1789,1812,16.125,622.371,47.9057
2899,1801.012,1789,1812,16.125,621.787,47.9057
2900,1797.597,1789,1808,15.5,621.202,47.4806
2901,1797.597,1789,1808,15.5,620.618,47.4806
2902,1797.597,1789,1808,15.5,620.034,47.4806
2903,1797.597,1789,1808,15.5,619.45,47.4806
2904,1794.434,1785,1804,15.125,618.866,47.0869
2905,1794.434,1785,1804,15.125,618.282,47.0869
2906,1794.434,1785,1804,15.125,617.698,47.0869
2907,1794.434,1785,1804,15.125,617.114,47.0869
2908,1791.628,1781,1800,14.625,616.53,46.7376
2909,1791.628,1781,1800,14.625,615.945,46.7376
2910,1791.628,1781,1800,14.625,615.361,46.7376
2911,1791.628,1781,1800,14.625,614.777,46.7376
2912,1788.568,1777,1800,14.75,614.193,46.3567
2913,1788.568,1777,1800,14.75,613.609,46.3567
2914,1788.568,1777,1800,14.75,613.025,46.3567
2915,1788.568,1777,1800,14.75,612.441,46.3567
2916,1785.007,1773,1796,16.75,611.857,45.9135
2917,1785.007,1773,1796,16.75,611.273,45.9135
2918,1785.007,1773,1796,16.75,610.688,45.9135
2919,1785.007,1773,1796,16.75,610.104,45.9135
2920,1782.25,1773,1792,16.0,609.52,45.5702
2921,1782.25,1773,1792,16.0,608.936,45.5702
2922,1782.25,1773,1792,16.0,608.352,45.5702
2923,1782.25,1773,1792,16.0,607.768,45.5702
2924,1779.155,1769,1788,13.75,607.184,45.1849
2925,1779.155,1769,1788,13.75,606.6,45.1849
2926,1779.155,1769,1788,13.75,606.016,45.1849
2927,1779.155,1769,1788,13.75,605.431,45.1849
2928,1776.093,1765,1784,14.75,604.847,44.8038
2929,1776.093,1765,1784,14.75,604.263,44.8038
2930,1776.093,1765,1784,14.75,603.679,44.8038
2931,1776.093,1765,1784,14.75,603.095,44.8038
2932,1773.611,1765,1784,15.75,602.511,44.4948
2933,1773.611,1765,1784,15.75,601.927,44.4948
2934,1773.611,1765,1784,15.75,601.343,44.4948
2935,1773.611,1765,1784,15.75,600.759,44.4948
2936,1770.5,1761,1780,14.75,600.174,44.1076
2937,1770.5,1761,1780,14.75,599.59,44.1076
2938,1770.5,1761,1780,14.75,599.006,44.1076
2939,1770.5,1761,1780,14.75,598.422,44.1076
2940,1767.638,1757,1776,14.5,597.838,43.7513
2941,1767.638,1757,1776,14.5,597.254,43.7513
2942,1767.638,1757,1776,14.5,596.67,43.7513
2943,1767.638,1757,1776,14.5,596.086,43.7513
2944,1764.907,1753,1776,15.375,595.502,43.4113
2945,1764.907,1753,1776,15.375,594.917,43.4113
2946,1764.907,1753,1776,15.375,594.333,43.4113
2947,1764.907,1753,1776,15.375,593.749,43.4113
2948,1761.794,1753,1772,14.875,593.165,43.0238
2949,1761.794,1753,1772,14.875,592.581,43.0238
2950,1761.794,1753,1772,14.875,591.997,43.0238
2951,1761.794,1753,1772,14.875,591.413,43.0238
2952,1759.155,1749,1768,14.5,590.829,42.6953
2953,1759.155,1749,1768,14.5,590.245,42.6953
2954,1759.155,1749,1768,14.5,589.66,42.6953
2955,1759.155,1749,1768,14.5,589.076,42.6953
2956,1756.341,1749,1764,14.125,588.492,42.345
2957,1756.341,1749,1764,14.125,587.908,42.345
2958,1756.341,1749,1764,14.125,587.324,42.345
2959,1756.341,1749,1764,14.125,586.74,42.345
2960,1754.032,1745,1764,13.875,586.156,42.0575
2961,1754.032,1745,1764,13.875,585.572,42.0575
2962,1754.032,1745,1764,13.875,584.988,42.0575
2963,1754.032,1745,1764,13.875,584.403,42.0575
2964,1751.761,1741,1760,13.875,583.819,41.7749
2965,1751.761,1741,1760,13.875,583.235,41.7749
2966,1751.761,1741,1760,13.875,582.651,41.7749
2967,1751.761,1741,1760,13.875,582.067,41.7749
2968,1749.426,1741,1760,13.5,581.483,41.4842
2969,1749.426,1741,1760,13.5,580.899,41.4842
2970,1749.426,1741,1760,13.5,580.315,41.4842
2971,1749.426,1741,1760,13.5,579.731,41.4842
2972,1747.426,1737,1756,13.5,579.146,41.2353
2973,1747.426,1737,1756,13.5,578.562,41.2353
2974,1747.426,1737,1756,13.5,577.978,41.2353
2975,1747.426,1737,1756,13.5,577.394,41.2353
2976,1744.944,1737,1752,13.5,576.81,40.9264
2977,1744.944,1737,1752,13.5,576.226,40.9264
2978,1744.944,1737,1752,13.5,575.642,40.9264
2979,1744.944,1737,1752,13.5,575.058,40.9264
2980,1742.759,1733,1752,13.5,574.474,40.6544
2981,1742.759,1733,1752,13.5,573.889,40.6544
2982,1742.759,1733,1752,13.5,573.305,40.6544
2983,1742.759,1733,1752,13.5,572.721,40.6544
2984,1740.553,1733,1748,14.125,572.137,40.3797
2985,1740.553,1733,1748,14.125,571.553,40.3797
2986,1740.553,1733,1748,14.125,570.969,40.3797
2987,1740.553,1733,1748,14.125,570.385,40.3797
2988,1737.923,1729,1748,13.875,569.801,40.0524
2989,1737.923,1729,1748,13.875,569.217,40.0524
2990,1737.923,1729,1748,13.875,568.632,40.0524
2991,1737.923,1729,1748,13.875,568.048,40.0524
2992,1735.7,1725,1744,13.75,567.464,39.7756
2993,1735.7,1725,1744,13.75,566.88,39.7756
2994,1735.7,1725,1744,13.75,566.296,39.7756
2995,1735.7,1725,1744,13.75,565.712,39.7756
2996,1733.239,1725,1744,13.875,565.128,39.4692
2997,1733.239,1725,1744,13.875,564.544,39.4692
2998,1733.239,1725,1744,13.875,563.96,39.4692
2999,1733.239,1725,1744,13.875,563.375,39.4692
3000,1730.932,1721,1740,13.875,562.791,39.1821
3001,1730.932,1721,1740,13.875,562.207,39.1821
3002,1730.932,1721,1740,13.875,561.623,39.1821
3003,1730.932,1721,1740,13.875,561.039,39.1821
3004,1728.5,1721,1736,14.0,560.455,38.8794
3005,1728.5,1721,1736,14.0,559.871,38.8794
3006,1728.5,1721,1736,14.0,559.287,38.8794
3007,1728.5,1721,1736,14.0,558.703,38.8794
3008,1725.929,1717,1736,13.125,558.118,38.5593
3009,1725.929,1717,1736,13.125,557.534,38.5593
3010,1725.929,1717,1736,13.125,556.95,38.5593
3011,1725.929,1717,1736,13.125,556.366,38.5593
3012,1724.107,1717,1732,13.375,555.782,38.3326
3013,1724.107,1717,1732,13.375,555.198,38.3326
3014,1724.107,1717,1732,13.375,554.614,38.3326
3015,1724.107,1717,1732,13.375,554.03,38.3326
3016,1722.005,1713,1732,13.125,553.446,38.0708
3017,1722.005,1713,1732,13.125,552.861,38.0708
3018,1722.005,1713,1732,13.125,552.277,38.0708
3019,1722.005,1713,1732,13.125,551.693,38.0708
3020,1719.995,1713,1728,13.375,551.109,37.8207
3021,1719.995,1713,1728,13.375,550.525,37.8207
3022,1719.995,1713,1728,13.375,549.941,37.8207
3023,1719.995,1713,1728,13.375,549.357,37.8207
3024,1717.776,1709,1728,13.125,548.773,37.5444
3025,1717.776,1709,1728,13.125,548.189,37.5444
3026,1717.776,1709,1728,13.125,547.604,37.5444
3027,1717.776,1709,1728,13.125,547.02,37.5444
3028,1715.67,1705,1724,13.25,546.436,37.2822
3029,1715.67,1705,1724,13.25,545.852,37.2822
3030,1715.67,1705,1724,13.25,545.268,37.2822
3031,1715.67,1705,1724,13.25,544.684,37.2822
3032,1713.191,1705,1724,13.75,544.1,36.9737
3033,1713.191,1705,1724,13.75,543.516,36.9737
3034,1713.191,1705,1724,13.75,542.932,36.9737
3035,1713.191,1705,1724,13.75,542.347,36.9737
3036,1711.191,1701,1720,13.75,541.763,36.7247
3037,1711.191,1701,1720,13.75,541.179,36.7247
3038,1711.191,1701,1720,13.75,540.595,36.7247
3039,1711.191,1701,1720,13.75,540.011,36.7247
3040,1708.9,1701,1716,13.125,539.427,36.4395
3041,1708.9,1701,1716,13.125,538.843,36.4395
3042,1708.9,1701,1716,13.125,538.259,36.4395
3043,1708.9,1701,1716,13.125,537.675,36.4395
3044,1706.957,1697,1716,13.125,537.09,36.1977
3045,1706.957,1697,1716,13.125,536.506,36.1977
3046,1706.957,1697,1716,13.125,535.922,36.1977
3047,1706.957,1697,1716,13.125,535.338,36.1977
3048,1705.066,1697,1712,13.25,534.754,35.9623
3049,1705.066,1697,1712,13.25,534.17,35.9623
3050,1705.066,1697,1712,13.25,533.586,35.9623
3051,1705.066,1697,1712,13.25,533.002,35.9623
3052,1703.154,1693,1712,13.0,532.418,35.7242
3053,1703.154,1693,1712,13.0,531.833,35.7242
3054,1703.154,1693,1712,13.0,531.249,35.7242
3055,1703.154,1693,1712,13.0,530.665,35.7242
3056,1700.84,1693,1708,13.25,530.081,35.4362
3057,1700.84,1693,1708,13.25,529.497,35.4362
3058,1700.84,1693,1708,13.25,528.913,35.4362
3059,1700.84,1693,1708,13.25,528.329,35.4362
3060,1698.986,1689,1708,13.375,527.745,35.2054
3061,1698.986,1689,1708,13.375,527.161,35.2054
3062,1698.986,1689,1708,13.375,526.576,35.2054
3063,1698.986,1689,1708,13.375,525.992,35.2054
3064,1696.786,1689,1704,13.125,525.408,34.9315
3065,1696.786,1689,1704,13.125,524.824,34.9315
3066,1696.786,1689,1704,13.125,524.24,34.9315
3067,1696.786,1689,1704,13.125,523.656,34.9315
3068,1694.69,1685,1704,13.125,523.072,34.6707
3069,1694.69,1685,1704,13.125,522.488,34.6707
3070,1694.69,1685,1704,13.125,521.904,34.6707
3071,1694.69,1685,1704,13.125,521.319,34.6707
3072,1692.5,1685,1700,13.5,520.735,34.398
3073,1692.5,1685,1700,13.5,520.151,34.398
3074,1692.5,1685,1700,13.5,519.567,34.398
3075,1692.5,1685,1700,13.5,518.983,34.398
3076,1690.463,1681,1700,13.375,518.399,34.1444
3077,1690.463,1681,1700,13.375,517.815,34.1444
3078,1690.463,1681,1700,13.375,517.231,34.1444
3079,1690.463,1681,1700,13.375,516.647,34.1444
3080,1688.115,1681,1696,13.625,516.062,33.8521
3081,1688.115,1681,1696,13.625,515.478,33.8521
3082,1688.115,1681,1696,13.625,514.894,33.8521
3083,1688.115,1681,1696,13.625,514.31,33.8521
3084,1685.876,1677,1696,13.625,513.726,33.5735
3085,1685.876,1677,1696,13.625,513.142,33.5735
3086,1685.876,1677,1696,13.625,512.558,33.5735
3087,1685.876,1677,1696,13.625,511.974,33.5735
3088,1683.871,1677,1692,13.125,511.39,33.3239
3089,1683.871,1677,1692,13.125,510.805,33.3239
3090,1683.871,1677,1692,13.125,510.221,33.3239
3091,1683.871,1677,1692,13.125,509.637,33.3239
3092,1681.598,1673,1692,12.75,509.053,33.0409
3093,1681.598,1673,1692,12.75,508.469,33.0409
3094,1681.598,1673,1692,12.75,507.885,33.0409
3095,1681.598,1673,1692,12.75,507.301,33.0409
3096,1679.976,1673,1688,12.875,506.717,32.839
3097,1679.976,1673,1688,12.875,506.133,32.839
3098,1679.976,1673,1688,12.875,505.549,32.839
3099,1679.976,1673,1688,12.875,504.964,32.839
3100,1677.846,1669,1688,13.0,504.38,32.5739
3101,1677.846,1669,1688,13.0,503.796,32.5739
3102,1677.846,1669,1688,13.0,503.212,32.5739
3103,1677.846,1669,1688,13.0,502.628,32.5739
3104,1676.084,1669,1684,12.625,502.044,32.3546
3105,1676.084,1669,1684,12.625,501.46,32.3546
3106,1676.084,1669,1684,12.625,500.876,32.3546
3107,1676.084,1669,1684,12.625,500.292,32.3546
3108,1674.147,1665,1684,12.75,499.707,32.1134
3109,1674.147,1665,1684,12.75,499.123,32.1134
3110,1674.147,1665,1684,12.75,498.539,32.1134
3111,1674.147,1665,1684,12.75,497.955,32.1134
3112,1672.269,1665,1680,13.0,497.371,31.8797
3113,1672.269,1665,1680,13.0,496.787,31.8797
3114,1672.269,1665,1680,13.0,496.203,31.8797
3115,1672.269,1665,1680,13.0,495.619,31.8797
3116,1670.579,1661,1680,12.625,495.035,31.6693
3117,1670.579,1661,1680,12.625,494.45,31.6693
3118,1670.579,1661,1680,12.625,493.866,31.6693
3119,1670.579,1661,1680,12.625,493.282,31.6693
3120,1668.558,1661,1676,12.875,492.698,31.4177
3121,1668.558,1661,1676,12.875,492.114,31.4177
3122,1668.558,1661,1676,12.875,491.53,31.4177
3123,1668.558,1661,1676,12.875,490.946,31.4177
3124,1666.071,1657,1676,14.0,490.362,31.1082
3125,1666.071,1657,1676,14.0,489.778,31.1082
3126,1666.071,1657,1676,14.0,489.193,31.1082
3127,1666.071,1657,1676,14.0,488.609,31.1082
3128,1663.902,1653,1672,14.625,488.025,30.8381
3129,1663.902,1653,1672,14.625,487.441,30.8381
3130,1663.902,1653,1672,14.625,486.857,30.8381
3131,1663.902,1653,1672,14.625,486.273,30.8381
3132,1661.75,1653,1672,14.0,485.689,30.5702
3133,1661.75,1653,1672,14.0,485.105,30.5702
3134,1661.75,1653,1672,14.0,484.521,30.5702
3135,1661.75,1653,1672,14.0,483.936,30.5702
3136,1659.423,1649,1668,13.0,483.352,30.2806
3137,1659.423,1649,1668,13.0,482.768,30.2806
3138,1659.423,1649,1668,13.0,482.184,30.2806
3139,1659.423,1649,1668,13.0,481.6,30.2806
3140,1657.51,1649,1664,12.625,481.016,30.0424
3141,1657.51,1649,1664,12.625,480.432,30.0424
3142,1657.51,1649,1664,12.625,479.848,30.0424
3143,1657.51,1649,1664,12.625,479.264,30.0424
3144,1655.871,1649,1664,13.125,478.679,29.8385
3145,1655.871,1649,1664,13.125,478.095,29.8385
3146,1655.871,1649,1664,13.125,477.511,29.8385
3147,1655.871,1649,1664,13.125,476.927,29.8385
3148,1654.085,1645,1664,13.25,476.343,29.6161
3149,1654.085,1645,1664,13.25,475.759,29.6161
3150,1654.085,1645,1664,13.25,475.175,29.6161
3151,1654.085,1645,1664,13.25,474.591,29.6161
3152,1652.325,1645,1660,12.875,474.007,29.397
3153,1652.325,1645,1660,12.875,473.422,29.397
3154,1652.325,1645,1660,12.875,472.838,29.397
3155,1652.325,1645,1660,12.875,472.254,29.397
3156,1650.654,1641,1660,13.0,471.67,29.189
3157,1650.654,1641,1660,13.0,471.086,29.189
3158,1650.654,1641,1660,13.0,470.502,29.189
3159,1650.654,1641,1660,13.0,469.918,29.189
3160,1648.867,1641,1656,12.25,469.334,28.9666
3161,1648.867,1641,1656,12.25,468.75,28.9666
3162,1648.867,1641,1656,12.25,468.165,28.9666
3163,1648.867,1641,1656,12.25,467.581,28.9666
3164,1647.348,1641,1656,12.375,466.997,28.7775
3165,1647.348,1641,1656,12.375,466.413,28.7775
3166,1647.348,1641,1656,12.375,465.829,28.7775
3167,1647.348,1641,1656,12.375,465.245,28.7775
3168,1645.716,1637,1656,12.75,464.661,28.5743
3169,1645.716,1637,1656,12.75,464.077,28.5743
3170,1645.716,1637,1656,12.75,463.493,28.5743
3171,1645.716,1637,1656,12.75,462.908,28.5743
3172,1644.02,1637,1652,12.5,462.324,28.3632
3173,1644.02,1637,1652,12.5,461.74,28.3632
3174,1644.02,1637,1652,12.5,461.156,28.3632
3175,1644.02,1637,1652,12.5,460.572,28.3632
3176,1642.618,1633,1652,12.75,459.988,28.1886
3177,1642.618,1633,1652,12.75,459.404,28.1886
3178,1642.618,1633,1652,12.75,458.82,28.1886
3179,1642.618,1633,1652,12.75,458.236,28.1886
3180,1640.559,1633,1648,12.625,457.651,27.9324
3181,1640.559,1633,1648,12.625,457.067,27.9324
3182,1640.559,1633,1648,12.625,456.483,27.9324
3183,1640.559,1633,1648,12.625,455.899,27.9324
3184,1639.238,1629,1648,12.875,455.315,27.7679
3185,1639.238,1629,1648,12.875,454.731,27.7679
3186,1639.238,1629,1648,12.875,454.147,27.7679
3187,1639.238,1629,1648,12.875,453.563,27.7679
3188,1637.602,1629,1644,12.25,452.979,27.5643
3189,1637.602,1629,1644,12.25,452.394,27.5643
3190,1637.602,1629,1644,12.25,451.81,27.5643
3191,1637.602,1629,1644,12.25,451.226,27.5643
3192,1636.203,1629,1644,12.625,450.642,27.3901
3193,1636.203,1629,1644,12.625,450.058,27.3901
3194,1636.203,1629,1644,12.625,449.474,27.3901
3195,1636.203,1629,1644,12.625,448.89,27.3901
3196,1634.54,1625,1644,12.375,448.306,27.1832
3197,1634.54,1625,1644,12.375,447.722,27.1832
3198,1634.54,1625,1644,12.375,447.137,27.1832
3199,1634.54,1625,1644,12.375,446.553,27.1832
3200,1633.206,1625,1640,12.75,445.969,27.017
3201,1633.206,1625,1640,12.75,445.385,27.017
3202,1633.206,1625,1640,12.75,444.801,27.017
3203,1633.206,1625,1640,12.75,444.217,27.017
3204,1632.084,1625,1640,12.625,443.633,26.8774
3205,1632.084,1625,1640,12.625,443.049,26.8774
3206,1632.084,1625,1640,12.625,442.465,26.8774
3207,1632.084,1625,1640,12.625,441.88,26.8774
3208,1630.66,1621,1640,12.5,441.296,26.7001
3209,1630.66,1621,1640,12.5,440.712,26.7001
3210,1630.66,1621,1640,12.5,440.128,26.7001
3211,1630.66,1621,1640,12.5,439.544,26.7001
3212,1629.167,1621,1636,12.375,438.96,26.5142
3213,1629.167,1621,1636,12.375,438.376,26.5142
3214,1629.167,1621,1636,12.375,437.792,26.5142
3215,1629.167,1621,1636,12.375,437.208,26.5142
3216,1627.955,1621,1636,12.375,436.623,26.3633
3217,1627.955,1621,1636,12.375,436.039,26.3633
3218,1627.955,1621,1636,12.375,435.455,26.3633
3219,1627.955,1621,1636,12.375,434.871,26.3633
3220,1626.581,1617,1636,12.375,434.287,26.1923
3221,1626.581,1617,1636,12.375,433.703,26.1923
3222,1626.581,1617,1636,12.375,433.119,26.1923
3223,1626.581,1617,1636,12.375,432.535,26.1923
3224,1625.272,1617,1632,12.625,431.951,26.0294
3225,1625.272,1617,1632,12.625,431.366,26.0294
3226,1625.272,1617,1632,12.625,430.782,26.0294
3227,1625.272,1617,1632,12.625,430.198,26.0294
3228,1623.794,1617,1632,12.75,429.614,25.8454
3229,1623.794,1617,1632,12.75,429.03,25.8454
3230,1623.794,1617,1632,12.75,428.446,25.8454
3231,1623.794,1617,1632,12.75,427.862,25.8454
3232,1622.177,1613,1632,12.375,427.278,25.6441
3233,1622.177,1613,1632,12.375,426.694,25.6441
3234,1622.177,1613,1632,12.375,426.109,25.6441
3235,1622.177,1613,1632,12.375,425.525,25.6441
3236,1620.916,1613,1628,12.625,424.941,25.4871
3237,1620.916,1613,1628,12.625,424.357,25.4871
3238,1620.916,1613,1628,12.625,423.773,25.4871
3239,1620.916,1613,1628,12.625,423.189,25.4871
3240,1619.676,1613,1628,12.75,422.605,25.3329
3241,1619.676,1613,1628,12.75,422.021,25.3329
3242,1619.676,1613,1628,12.75,421.437,25.3329
3243,1619.676,1613,1628,12.75,420.852,25.3329
3244,1618.214,1609,1624,12.25,420.268,25.1509
3245,1618.214,1609,1624,12.25,419.684,25.1509
3246,1618.214,1609,1624,12.25,419.1,25.1509
3247,1618.214,1609,1624,12.25,418.516,25.1509
3248,1617.22,1609,1624,12.5,417.932,25.0271
3249,1617.22,1609,1624,12.5,417.348,25.0271
3250,1617.22,1609,1624,12.5,416.764,25.0271
3251,1617.22,1609,1624,12.5,416.18,25.0271
3252,1615.765,1609,1624,12.25,415.595,24.846
3253,1615.765,1609,1624,12.25,415.011,24.846
3254,1615.765,1609,1624,12.25,414.427,24.846
3255,1615.765,1609,1624,12.25,413.843,24.846
3256,1614.618,1605,1624,12.75,413.259,24.7031
3257,1614.618,1605,1624,12.75,412.675,24.7031
3258,1614.618,1605,1624,12.75,412.091,24.7031
3259,1614.618,1605,1624,12.75,411.507,24.7031
3260,1613.112,1605,1620,12.25,410.923,24.5157
3261,1613.112,1605,1620,12.25,410.338,24.5157
3262,1613.112,1605,1620,12.25,409.754,24.5157
3263,1613.112,1605,1620,12.25,409.17,24.5157
3264,1612.02,1605,1620,12.5,408.586,24.3798
3265,1612.02,1605,1620,12.5,408.002,24.3798
3266,1612.02,1605,1620,12.5,407.418,24.3798
3267,1612.02,1605,1620,12.5,406.834,24.3798
3268,1610.582,1601,1620,12.125,406.25,24.2008
3269,1610.582,1601,1620,12.125,405.666,24.2008
3270,1610.582,1601,1620,12.125,405.081,24.2008
3271,1610.582,1601,1620,12.125,404.497,24.2008
3272,1609.288,1601,1616,12.375,403.913,24.0397
3273,1609.288,1601,1616,12.375,403.329,24.0397
3274,1609.288,1601,1616,12.375,402.745,24.0397
3275,1609.288,1601,1616,12.375,402.161,24.0397
3276,1608.133,1601,1616,12.25,401.577,23.8959
3277,1608.133,1601,1616,12.25,400.993,23.8959
3278,1608.133,1601,1616,12.25,400.409,23.8959
3279,1608.133,1601,1616,12.25,399.824,23.8959
3280,1606.706,1597,1616,12.125,399.24,23.7183
3281,1606.706,1597,1616,12.125,398.656,23.7183
3282,1606.706,1597,1616,12.125,398.072,23.7183
3283,1606.706,1597,1616,12.125,397.488,23.7183
3284,1605.441,1597,1612,12.75,396.904,23.5608
3285,1605.441,1597,1612,12.75,396.32,23.5608
3286,1605.441,1597,1612,12.75,395.736,23.5608
3287,1605.441,1597,1612,12.75,395.152,23.5608
3288,1604.26,1597,1612,12.5,394.567,23.4138
3289,1604.26,1597,1612,12.5,393.983,23.4138
3290,1604.26,1597,1612,12.5,393.399,23.4138
3291,1604.26,1597,1612,12.5,392.815,23.4138
3292,1602.9,1593,1612,12.5,392.231,23.2445
3293,1602.9,1593,1612,12.5,391.647,23.2445
3294,1602.9,1593,1612,12.5,391.063,23.2445
3295,1602.9,1593,1612,12.5,390.479,23.2445
3296,1601.7,1593,1608,12.5,389.895,23.0951
3297,1601.7,1593,1608,12.5,389.31,23.0951
3298,1601.7,1593,1608,12.5,388.726,23.0951
3299,1601.7,1593,1608,12.5,388.142,23.0951
3300,1600.314,1593,1608,12.125,387.558,22.9227
3301,1600.314,1593,1608,12.125,386.974,22.9227
3302,1600.314,1593,1608,12.125,386.39,22.9227
3303,1600.314,1593,1608,12.125,385.806,22.9227
3304,1599.106,1593,1608,12.375,385.222,22.7722
3305,1599.106,1593,1608,12.375,384.638,22.7722
3306,1599.106,1593,1608,12.375,384.053,22.7722
3307,1599.106,1593,1608,12.375,383.469,22.7722
3308,1597.7,1589,1604,12.5,382.885,22.5972
3309,1597.7,1589,1604,12.5,382.301,22.5972
3310,1597.7,1589,1604,12.5,381.717,22.5972
3311,1597.7,1589,1604,12.5,381.133,22.5972
3312,1596.5,1589,1604,12.25,380.549,22.4478
3313,1596.5,1589,1604,12.25,379.965,22.4478
3314,1596.5,1589,1604,12.25,379.381,22.4478
3315,1596.5,1589,1604,12.25,378.796,22.4478
3316,1595.227,1589,1604,12.375,378.212,22.2894
3317,1595.227,1589,1604,12.375,377.628,22.2894
3318,1595.227,1589,1604,12.375,377.044,22.2894
3319,1595.227,1589,1604,12.375,376.46,22.2894
3320,1593.969,1585,1600,12.25,375.876,22.1328
3321,1593.969,1585,1600,12.25,375.292,22.1328
3322,1593.969,1585,1600,12.25,374.708,22.1328
3323,1593.969,1585,1600,12.25,374.124,22.1328
3324,1592.682,1585,1600,12.375,373.539,21.9725
3325,1592.682,1585,1600,12.375,372.955,21.9725
3326,1592.682,1585,1600,12.375,372.371,21.9725
3327,1592.682,1585,1600,12.375,371.787,21.9725
3328,1591.348,1585,1600,12.375,371.203,21.8066
3329,1591.348,1585,1600,12.375,370.619,21.8066
3330,1591.348,1585,1600,12.375,370.035,21.8066
3331,1591.348,1585,1600,12.375,369.451,21.8066
3332,1590.144,1581,1600,12.625,368.867,21.6566
3333,1590.144,1581,1600,12.625,368.282,21.6566
3334,1590.144,1581,1600,12.625,367.698,21.6566
3335,1590.144,1581,1600,12.625,367.114,21.6566
3336,1588.682,1581,1596,12.375,366.53,21.4746
3337,1588.682,1581,1596,12.375,365.946,21.4746
3338,1588.682,1581,1596,12.375,365.362,21.4746
3339,1588.682,1581,1596,12.375,364.778,21.4746
3340,1587.348,1581,1596,12.375,364.194,21.3086
3341,1587.348,1581,1596,12.375,363.61,21.3086
3342,1587.348,1581,1596,12.375,363.025,21.3086
3343,1587.348,1581,1596,12.375,362.441,21.3086
3344,1586.22,1577,1596,12.5,361.857,21.1682
3345,1586.22,1577,1596,12.5,361.273,21.1682
3346,1586.22,1577,1596,12.5,360.689,21.1682
3347,1586.22,1577,1596,12.5,360.105,21.1682
3348,1584.98,1577,1592,12.5,359.521,21.0138
3349,1584.98,1577,1592,12.5,358.937,21.0138
3350,1584.98,1577,1592,12.5,358.353,21.0138
3351,1584.98,1577,1592,12.5,357.768,21.0138
3352,1583.572,1577,1592,12.125,357.184,20.8386
3353,1583.572,1577,1592,12.125,356.6,20.8386
3354,1583.572,1577,1592,12.125,356.016,20.8386
3355,1583.572,1577,1592,12.125,355.432,20.8386
3356,1582.622,1573,1592,12.25,354.848,20.7203
3357,1582.622,1573,1592,12.25,354.264,20.7203
3358,1582.622,1573,1592,12.25,353.68,20.7203
3359,1582.622,1573,1592,12.25,353.096,20.7203
3360,1581.235,1573,1588,12.25,352.511,20.5476
3361,1581.235,1573,1588,12.25,351.927,20.5476
3362,1581.235,1573,1588,12.25,351.343,20.5476
3363,1581.235,1573,1588,12.25,350.759,20.5476
3364,1580.067,1573,1588,12.125,350.175,20.4022
3365,1580.067,1573,1588,12.125,349.591,20.4022
3366,1580.067,1573,1588,12.125,349.007,20.4022
3367,1580.067,1573,1588,12.125,348.423,20.4022
3368,1578.9,1569,1588,12.5,347.839,20.257
3369,1578.9,1569,1588,12.5,347.254,20.257
3370,1578.9,1569,1588,12.5,346.67,20.257
3371,1578.9,1569,1588,12.5,346.086,20.257
3372,1577.652,1569,1584,12.375,345.502,20.1016
3373,1577.652,1569,1584,12.375,344.918,20.1016
3374,1577.652,1569,1584,12.375,344.334,20.1016
3375,1577.652,1569,1584,12.375,343.75,20.1016
3376,1576.62,1569,1584,12.5,343.166,19.9732
3377,1576.62,1569,1584,12.5,342.582,19.9732
3378,1576.62,1569,1584,12.5,341.998,19.9732
3379,1576.62,1569,1584,12.5,341.413,19.9732
3380,1575.3,1569,1584,12.5,340.829,19.8088
3381,1575.3,1569,1584,12.5,340.245,19.8088
3382,1575.3,1569,1584,12.5,339.661,19.8088
3383,1575.3,1569,1584,12.5,339.077,19.8088
3384,1574.177,1565,1584,12.375,338.493,19.669
3385,1574.177,1565,1584,12.375,337.909,19.669
3386,1574.177,1565,1584,12.375,337.325,19.669
3387,1574.177,1565,1584,12.375,336.741,19.669
3388,1572.867,1565,1580,12.25,336.156,19.506
3389,1572.867,1565,1580,12.25,335.572,19.506
3390,1572.867,1565,1580,12.25,334.988,19.506
3391,1572.867,1565,1580,12.25,334.404,19.506
3392,1571.78,1565,1580,12.5,333.82,19.3707
3393,1571.78,1565,1580,12.5,333.236,19.3707
3394,1571.78,1565,1580,12.5,332.652,19.3707
3395,1571.78,1565,1580,12.5,332.068,19.3707
3396,1570.459,1561,1580,12.25,331.484,19.2062
3397,1570.459,1561,1580,12.25,330.899,19.2062
3398,1570.459,1561,1580,12.25,330.315,19.2062
3399,1570.459,1561,1580,12.25,329.731,19.2062
3400,1569.288,1561,1576,12.375,329.147,19.0604
3401,1569.288,1561,1576,12.375,328.563,19.0604
3402,1569.288,1561,1576,12.375,327.979,19.0604
3403,1569.288,1561,1576,12.375,327.395,19.0604
3404,1568.067,1561,1576,12.125,326.811,18.9085
3405,1568.067,1561,1576,12.125,326.227,18.9085
3406,1568.067,1561,1576,12.125,325.642,18.9085
3407,1568.067,1561,1576,12.125,325.058,18.9085
3408,1566.985,1561,1576,12.375,324.474,18.7738
3409,1566.985,1561,1576,12.375,323.89,18.7738
3410,1566.985,1561,1576,12.375,323.306,18.7738
3411,1566.985,1561,1576,12.375,322.722,18.7738
3412,1565.652,1557,1572,12.375,322.138,18.6078
3413,1565.652,1557,1572,12.375,321.554,18.6078
3414,1565.652,1557,1572,12.375,320.97,18.6078
3415,1565.652,1557,1572,12.375,320.385,18.6078
3416,1564.561,1557,1572,12.375,319.801,18.472
3417,1564.561,1557,1572,12.375,319.217,18.472
3418,1564.561,1557,1572,12.375,318.633,18.472
3419,1564.561,1557,1572,12.375,318.049,18.472
3420,1563.47,1557,1572,12.375,317.465,18.3362
3421,1563.47,1557,1572,12.375,316.881,18.3362
3422,1563.47,1557,1572,12.375,316.297,18.3362
3423,1563.47,1557,1572,12.375,315.713,18.3362
3424,1562.136,1553,1568,12.375,315.128,18.1702
3425,1562.136,1553,1568,12.375,314.544,18.1702
3426,1562.136,1553,1568,12.375,313.96,18.1702
3427,1562.136,1553,1568,12.375,313.376,18.1702
3428,1560.867,1553,1568,12.25,312.792,18.0122
3429,1560.867,1553,1568,12.25,312.208,18.0122
3430,1560.867,1553,1568,12.25,311.624,18.0122
3431,1560.867,1553,1568,12.25,311.04,18.0122
3432,1559.712,1553,1568,12.375,310.456,17.8684
3433,1559.712,1553,1568,12.375,309.871,17.8684
3434,1559.712,1553,1568,12.375,309.287,17.8684
3435,1559.712,1553,1568,12.375,308.703,17.8684
3436,1558.622,1549,1568,12.25,308.119,17.7328
3437,1558.622,1549,1568,12.25,307.535,17.7328
3438,1558.622,1549,1568,12.25,306.951,17.7328
3439,1558.622,1549,1568,12.25,306.367,17.7328
3440,1557.602,1549,1564,12.25,305.783,17.6058
3441,1557.602,1549,1564,12.25,305.199,17.6058
3442,1557.602,1549,1564,12.25,304.614,17.6058
3443,1557.602,1549,1564,12.25,304.03,17.6058
3444,1556.622,1549,1564,12.25,303.446,17.4838
3445,1556.622,1549,1564,12.25,302.862,17.4838
3446,1556.622,1549,1564,12.25,302.278,17.4838
3447,1556.622,1549,1564,12.25,301.694,17.4838
3448,1555.398,1549,1564,12.25,301.11,17.3314
3449,1555.398,1549,1564,12.25,300.526,17.3314
3450,1555.398,1549,1564,12.25,299.942,17.3314
3451,1555.398,1549,1564,12.25,299.357,17.3314
3452,1554.378,1545,1564,12.25,298.773,17.2044
3453,1554.378,1545,1564,12.25,298.189,17.2044
3454,1554.378,1545,1564,12.25,297.605,17.2044
3455,1554.378,1545,1564,12.25,297.021,17.2044
3456,1553.125,1545,1560,12.0,296.437,17.0485
3457,1553.125,1545,1560,12.0,295.853,17.0485
3458,1553.125,1545,1560,12.0,295.269,17.0485
3459,1553.125,1545,1560,12.0,294.685,17.0485
3460,1552.067,1545,1560,12.125,294.1,16.9168
3461,1552.067,1545,1560,12.125,293.516,16.9168
3462,1552.067,1545,1560,12.125,292.932,16.9168
3463,1552.067,1545,1560,12.125,292.348,16.9168
3464,1551.031,1545,1560,12.25,291.764,16.7878
3465,1551.031,1545,1560,12.25,291.18,16.7878
3466,1551.031,1545,1560,12.25,290.596,16.7878
3467,1551.031,1545,1560,12.25,290.012,16.7878
3468,1549.847,1541,1556,12.25,289.428,16.6404
3469,1549.847,1541,1556,12.25,288.843,16.6404
3470,1549.847,1541,1556,12.25,288.259,16.6404
3471,1549.847,1541,1556,12.25,287.675,16.6404
3472,1548.75,1541,1556,12.0,287.091,16.5039
3473,1548.75,1541,1556,12.0,286.507,16.5039
3474,1548.75,1541,1556,12.0,285.923,16.5039
3475,1548.75,1541,1556,12.0,285.339,16.5039
3476,1547.75,1541,1556,12.0,284.755,16.3794
3477,1547.75,1541,1556,12.0,284.171,16.3794
3478,1547.75,1541,1556,12.0,283.586,16.3794
3479,1547.75,1541,1556,12.0,283.002,16.3794
3480,1546.622,1537,1556,12.25,282.418,16.239
3481,1546.622,1537,1556,12.25,281.834,16.239
3482,1546.622,1537,1556,12.25,281.25,16.239
3483,1546.622,1537,1556,12.25,280.666,16.239
3484,1545.7,1537,1552,12.5,280.082,16.1242
3485,1545.7,1537,1552,12.5,279.498,16.1242
3486,1545.7,1537,1552,12.5,278.914,16.1242
3487,1545.7,1537,1552,12.5,278.329,16.1242
3488,1544.74,1537,1552,12.5,277.745,16.0047
3489,1544.74,1537,1552,12.5,277.161,16.0047
3490,1544.74,1537,1552,12.5,276.577,16.0047
3491,1544.74,1537,1552,12.5,275.993,16.0047
3492,1543.643,1537,1552,12.25,275.409,15.8681
3493,1543.643,1537,1552,12.25,274.825,15.8681
3494,1543.643,1537,1552,12.25,274.241,15.8681
3495,1543.643,1537,1552,12.25,273.657,15.8681
3496,1542.745,1533,1552,12.25,273.072,15.7563
3497,1542.745,1533,1552,12.25,272.488,15.7563
3498,1542.745,1533,1552,12.25,271.904,15.7563
3499,1542.745,1533,1552,12.25,271.32,15.7563
3500,1541.552,1533,1548,12.125,270.736,15.6078
3501,1541.552,1533,1548,12.125,270.152,15.6078
3502,1541.552,1533,1548,12.125,269.568,15.6078
3503,1541.552,1533,1548,12.125,268.984,15.6078
3504,1540.682,1533,1548,12.375,268.4,15.4995
3505,1540.682,1533,1548,12.375,267.815,15.4995
3506,1540.682,1533,1548,12.375,267.231,15.4995
3507,1540.682,1533,1548,12.375,266.647,15.4995
3508,1539.643,1533,1548,12.25,266.063,15.3702
3509,1539.643,1533,1548,12.25,265.479,15.3702
3510,1539.643,1533,1548,12.25,264.895,15.3702
3511,1539.643,1533,1548,12.25,264.311,15.3702
3512,1538.702,1529,1548,12.375,263.727,15.2531
3513,1538.702,1529,1548,12.375,263.143,15.2531
3514,1538.702,1529,1548,12.375,262.558,15.2531
3515,1538.702,1529,1548,12.375,261.974,15.2531
3516,1537.724,1529,1544,12.25,261.39,15.1314
3517,1537.724,1529,1544,12.25,260.806,15.1314
3518,1537.724,1529,1544,12.25,260.222,15.1314
3519,1537.724,1529,1544,12.25,259.638,15.1314
3520,1536.75,1529,1544,12.0,259.054,15.0101
3521,1536.75,1529,1544,12.0,258.47,15.0101
3522,1536.75,1529,1544,12.0,257.886,15.0101
3523,1536.75,1529,1544,12.0,257.301,15.0101
3524,1535.82,1529,1544,12.125,256.717,14.8943
3525,1535.82,1529,1544,12.125,256.133,14.8943
3526,1535.82,1529,1544,12.125,255.549,14.8943
3527,1535.82,1529,1544,12.125,254.965,14.8943
3528,1534.83,1529,1544,12.125,254.381,14.7711
3529,1534.83,1529,1544,12.125,253.797,14.7711
3530,1534.83,1529,1544,12.125,253.213,14.7711
3531,1534.83,1529,1544,12.125,252.629,14.7711
3532,1533.847,1525,1540,12.25,252.044,14.6487
3533,1533.847,1525,1540,12.25,251.46,14.6487
3534,1533.847,1525,1540,12.25,250.876,14.6487
3535,1533.847,1525,1540,12.25,250.292,14.6487
3536,1532.924,1525,1540,12.375,249.708,14.5339
3537,1532.924,1525,1540,12.375,249.124,14.5339
3538,1532.924,1525,1540,12.375,248.54,14.5339
3539,1532.924,1525,1540,12.375,247.956,14.5339
3540,1531.955,1525,1540,12.375,247.372,14.4131
3541,1531.955,1525,1540,12.375,246.787,14.4131
3542,1531.955,1525,1540,12.375,246.203,14.4131
3543,1531.955,1525,1540,12.375,245.619,14.4131
3544,1530.985,1525,1540,12.375,245.035,14.2924
3545,1530.985,1525,1540,12.375,244.451,14.2924
3546,1530.985,1525,1540,12.375,243.867,14.2924
3547,1530.985,1525,1540,12.375,243.283,14.2924
3548,1530.015,1521,1536,12.375,242.699,14.1717
3549,1530.015,1521,1536,12.375,242.115,14.1717
3550,1530.015,1521,1536,12.375,241.53,14.1717
3551,1530.015,1521,1536,12.375,240.946,14.1717
3552,1529.112,1521,1536,12.25,240.362,14.0593
3553,1529.112,1521,1536,12.25,239.778,14.0593
3554,1529.112,1521,1536,12.25,239.194,14.0593
3555,1529.112,1521,1536,12.25,238.61,14.0593
3556,1528.197,1521,1536,12.375,238.026,13.9454
3557,1528.197,1521,1536,12.375,237.442,13.9454
3558,1528.197,1521,1536,12.375,236.858,13.9454
3559,1528.197,1521,1536,12.375,236.273,13.9454
3560,1527.276,1521,1536,12.25,235.689,13.8307
3561,1527.276,1521,1536,12.25,235.105,13.8307
3562,1527.276,1521,1536,12.25,234.521,13.8307
3563,1527.276,1521,1536,12.25,233.937,13.8307
3564,1526.335,1517,1536,12.125,233.353,13.7136
3565,1526.335,1517,1536,12.125,232.769,13.7136
3566,1526.335,1517,1536,12.125,232.185,13.7136
3567,1526.335,1517,1536,12.125,231.601,13.7136
3568,1525.304,1517,1532,12.125,231.016,13.5853
3569,1525.304,1517,1532,12.125,230.432,13.5853
3570,1525.304,1517,1532,12.125,229.848,13.5853
3571,1525.304,1517,1532,12.125,229.264,13.5853
3572,1524.314,1517,1532,12.125,228.68,13.4621
3573,1524.314,1517,1532,12.125,228.096,13.4621
3574,1524.314,1517,1532,12.125,227.512,13.4621
3575,1524.314,1517,1532,12.125,226.928,13.4621
3576,1523.325,1517,1532,12.125,226.344,13.3389
3577,1523.325,1517,1532,12.125,225.759,13.3389
3578,1523.325,1517,1532,12.125,225.175,13.3389
3579,1523.325,1517,1532,12.125,224.591,13.3389
3580,1522.418,1513,1532,12.125,224.007,13.226
3581,1522.418,1513,1532,12.125,223.423,13.226
3582,1522.418,1513,1532,12.125,222.839,13.226
3583,1522.418,1513,1532,12.125,222.255,13.226
3584,1521.602,1513,1528,12.25,221.671,13.1245
3585,1521.602,1513,1528,12.25,221.087,13.1245
3586,1521.602,1513,1528,12.25,220.502,13.1245
3587,1521.602,1513,1528,12.25,219.918,13.1245
3588,1520.622,1513,1528,12.25,219.334,13.0025
3589,1520.622,1513,1528,12.25,218.75,13.0025
3590,1520.622,1513,1528,12.25,218.166,13.0025
3591,1520.622,1513,1528,12.25,217.582,13.0025
3592,1519.833,1513,1528,12.375,216.998,12.9043
3593,1519.833,1513,1528,12.375,216.414,12.9043
3594,1519.833,1513,1528,12.375,215.83,12.9043
3595,1519.833,1513,1528,12.375,215.245,12.9043
3596,1518.908,1513,1528,12.25,214.661,12.7891
3597,1518.908,1513,1528,12.25,214.077,12.7891
3598,1518.908,1513,1528,12.25,213.493,12.7891
3599,1518.908,1513,1528,12.25,212.909,12.7891
3600,1517.847,1509,1524,12.25,212.325,12.657
3601,1517.847,1509,1524,12.25,211.741,12.657
3602,1517.847,1509,1524,12.25,211.157,12.657
3603,1517.847,1509,1524,12.25,210.573,12.657
3604,1516.924,1509,1524,12.375,209.988,12.5422
3605,1516.924,1509,1524,12.375,209.404,12.5422
3606,1516.924,1509,1524,12.375,208.82,12.5422
3607,1516.924,1509,1524,12.375,208.236,12.5422
3608,1516.133,1509,1524,12.25,207.652,12.4436
3609,1516.133,1509,1524,12.25,207.068,12.4436
3610,1516.133,1509,1524,12.25,206.484,12.4436
3611,1516.133,1509,1524,12.25,205.9,12.4436
3612,1515.031,1509,1524,12.25,205.316,12.3064
3613,1515.031,1509,1524,12.25,204.731,12.3064
3614,1515.031,1509,1524,12.25,204.147,12.3064
3615,1515.031,1509,1524,12.25,203.563,12.3064
3616,1514.092,1505,1520,12.25,202.979,12.1896
3617,1514.092,1505,1520,12.25,202.395,12.1896
3618,1514.092,1505,1520,12.25,201.811,12.1896
3619,1514.092,1505,1520,12.25,201.227,12.1896
3620,1513.235,1505,1520,12.25,200.643,12.0829
3621,1513.235,1505,1520,12.25,200.059,12.0829
3622,1513.235,1505,1520,12.25,199.474,12.0829
3623,1513.235,1505,1520,12.25,198.89,12.0829
3624,1512.439,1505,1520,12.375,198.306,11.9839
3625,1512.439,1505,1520,12.375,197.722,11.9839
3626,1512.439,1505,1520,12.375,197.138,11.9839
3627,1512.439,1505,1520,12.375,196.554,11.9839
3628,1511.325,1505,1520,12.125,195.97,11.8451
3629,1511.325,1505,1520,12.125,195.386,11.8451
3630,1511.325,1505,1520,12.125,194.802,11.8451
3631,1511.325,1505,1520,12.125,194.217,11.8451
3632,1510.5,1501,1520,12.25,193.633,11.7425
3633,1510.5,1501,1520,12.25,193.049,11.7425
3634,1510.5,1501,1520,12.25,192.465,11.7425
3635,1510.5,1501,1520,12.25,191.881,11.7425
3636,1509.46,1501,1516,12.5,191.297,11.613
3637,1509.46,1501,1516,12.5,190.713,11.613
3638,1509.46,1501,1516,12.5,190.129,11.613
3639,1509.46,1501,1516,12.5,189.545,11.613
3640,1508.622,1501,1516,12.25,188.96,11.5087
3641,1508.622,1501,1516,12.25,188.376,11.5087
3642,1508.622,1501,1516,12.25,187.792,11.5087
3643,1508.622,1501,1516,12.25,187.208,11.5087
3644,1507.78,1501,1516,12.5,186.624,11.4039
3645,1507.78,1501,1516,12.5,186.04,11.4039
3646,1507.78,1501,1516,12.5,185.456,11.4039
3647,1507.78,1501,1516,12.5,184.872,11.4039
3648,1506.706,1501,1516,12.125,184.288,11.2702
3649,1506.706,1501,1516,12.125,183.703,11.2702
3650,1506.706,1501,1516,12.125,183.119,11.2702
3651,1506.706,1501,1516,12.125,182.535,11.2702
3652,1505.799,1497,1512,12.125,181.951,11.1573
3653,1505.799,1497,1512,12.125,181.367,11.1573
3654,1505.799,1497,1512,12.125,180.783,11.1573
3655,1505.799,1497,1512,12.125,180.199,11.1573
3656,1504.75,1497,1512,12.0,179.615,11.0267
3657,1504.75,1497,1512,12.0,179.031,11.0267
3658,1504.75,1497,1512,12.0,178.447,11.0267
3659,1504.75,1497,1512,12.0,177.862,11.0267
3660,1504.01,1497,1512,12.25,177.278,10.9346
3661,1504.01,1497,1512,12.25,176.694,10.9346
3662,1504.01,1497,1512,12.25,176.11,10.9346
3663,1504.01,1497,1512,12.25,175.526,10.9346
3664,1503.153,1497,1512,12.25,174.942,10.8279
3665,1503.153,1497,1512,12.25,174.358,10.8279
3666,1503.153,1497,1512,12.25,173.774,10.8279
3667,1503.153,1497,1512,12.25,173.19,10.8279
3668,1502.136,1493,1508,12.375,172.605,10.7013
3669,1502.136,1493,1508,12.375,172.021,10.7013
3670,1502.136,1493,1508,12.375,171.437,10.7013
3671,1502.136,1493,1508,12.375,170.853,10.7013
3672,1501.288,1493,1508,12.375,170.269,10.5957
3673,1501.288,1493,1508,12.375,169.685,10.5957
3674,1501.288,1493,1508,12.375,169.101,10.5957
3675,1501.288,1493,1508,12.375,168.517,10.5957
3676,1500.314,1493,1508,12.125,167.933,10.4745
3677,1500.314,1493,1508,12.125,167.348,10.4745
3678,1500.314,1493,1508,12.125,166.764,10.4745
3679,1500.314,1493,1508,12.125,166.18,10.4745
3680,1499.398,1493,1508,12.25,165.596,10.3605
3681,1499.398,1493,1508,12.25,165.012,10.3605
3682,1499.398,1493,1508,12.25,164.428,10.3605
3683,1499.398,1493,1508,12.25,163.844,10.3605
3684,1498.582,1489,1508,12.125,163.26,10.2589
3685,1498.582,1489,1508,12.125,162.676,10.2589
3686,1498.582,1489,1508,12.125,162.091,10.2589
3687,1498.582,1489,1508,12.125,161.507,10.2589
3688,1497.5,1489,1504,12.0,160.923,10.1242
3689,1497.5,1489,1504,12.0,160.339,10.1242
3690,1497.5,1489,1504,12.0,159.755,10.1242
3691,1497.5,1489,1504,12.0,159.171,10.1242
3692,1496.622,1489,1504,12.25,158.587,10.015
3693,1496.622,1489,1504,12.25,158.003,10.015
3694,1496.622,1489,1504,12.25,157.419,10.015
3695,1496.622,1489,1504,12.25,156.834,10.015
3696,1495.82,1489,1504,12.125,156.25,9.915
3697,1495.82,1489,1504,12.125,155.666,9.915
3698,1495.82,1489,1504,12.125,155.082,9.915
3699,1495.82,1489,1504,12.125,154.498,9.915
3700,1494.83,1489,1504,12.125,153.914,9.7918
3701,1494.83,1489,1504,12.125,153.33,9.7918
3702,1494.83,1489,1504,12.125,152.746,9.7918
3703,1494.83,1489,1504,12.125,152.162,9.7918
3704,1493.847,1485,1500,12.25,151.577,9.6695
3705,1493.847,1485,1500,12.25,150.993,9.6695
3706,1493.847,1485,1500,12.25,150.409,9.6695
3707,1493.847,1485,1500,12.25,149.825,9.6695
3708,1492.99,1485,1500,12.25,149.241,9.5628
3709,1492.99,1485,1500,12.25,148.657,9.5628
3710,1492.99,1485,1500,12.25,148.073,9.5628
3711,1492.99,1485,1500,12.25,147.489,9.5628
3712,1492.133,1485,1500,12.25,146.905,9.4561
3713,1492.133,1485,1500,12.25,146.32,9.4561
3714,1492.133,1485,1500,12.25,145.736,9.4561
3715,1492.133,1485,1500,12.25,145.152,9.4561
3716,1491.153,1485,1500,12.25,144.568,9.3341
3717,1491.153,1485,1500,12.25,143.984,9.3341
3718,1491.153,1485,1500,12.25,143.4,9.3341
3719,1491.153,1485,1500,12.25,142.816,9.3341
3720,1490.378,1481,1500,12.25,142.232,9.2376
3721,1490.378,1481,1500,12.25,141.648,9.2376
3722,1490.378,1481,1500,12.25,141.063,9.2376
3723,1490.378,1481,1500,12.25,140.479,9.2376
3724,1489.357,1481,1496,12.25,139.895,9.1106
3725,1489.357,1481,1496,12.25,139.311,9.1106
3726,1489.357,1481,1496,12.25,138.727,9.1106
3727,1489.357,1481,1496,12.25,138.143,9.1106
3728,1488.439,1481,1496,12.375,137.559,8.9963
3729,1488.439,1481,1496,12.375,136.975,8.9963
3730,1488.439,1481,1496,12.375,136.391,8.9963
3731,1488.439,1481,1496,12.375,135.806,8.9963
3732,1487.52,1481,1496,12.25,135.222,8.8819
3733,1487.52,1481,1496,12.25,134.638,8.8819
3734,1487.52,1481,1496,12.25,134.054,8.8819
3735,1487.52,1481,1496,12.25,133.47,8.8819
3736,1486.622,1477,1496,12.25,132.886,8.7702
3737,1486.622,1477,1496,12.25,132.302,8.7702
3738,1486.622,1477,1496,12.25,131.718,8.7702
3739,1486.622,1477,1496,12.25,131.134,8.7702
3740,1485.675,1477,1492,12.125,130.549,8.6522
3741,1485.675,1477,1492,12.125,129.965,8.6522
3742,1485.675,1477,1492,12.125,129.381,8.6522
3743,1485.675,1477,1492,12.125,128.797,8.6522
3744,1484.745,1477,1492,12.25,128.213,8.5364
3745,1484.745,1477,1492,12.25,127.629,8.5364
3746,1484.745,1477,1492,12.25,127.045,8.5364
3747,1484.745,1477,1492,12.25,126.461,8.5364
3748,1483.888,1477,1492,12.25,125.877,8.4297
3749,1483.888,1477,1492,12.25,125.292,8.4297
3750,1483.888,1477,1492,12.25,124.708,8.4297
3751,1483.888,1477,1492,12.25,124.124,8.4297
3752,1482.908,1477,1492,12.25,123.54,8.3078
3753,1482.908,1477,1492,12.25,122.956,8.3078
3754,1482.908,1477,1492,12.25,122.372,8.3078
3755,1482.908,1477,1492,12.25,121.788,8.3078
3756,1481.94,1473,1488,12.5,121.204,8.1873
3757,1481.94,1473,1488,12.5,120.62,8.1873
3758,1481.94,1473,1488,12.5,120.035,8.1873
3759,1481.94,1473,1488,12.5,119.451,8.1873
3760,1481.112,1473,1488,12.25,118.867,8.0842
3761,1481.112,1473,1488,12.25,118.283,8.0842
3762,1481.112,1473,1488,12.25,117.699,8.0842
3763,1481.112,1473,1488,12.25,117.115,8.0842
3764,1480.133,1473,1488,12.25,116.531,7.9623
3765,1480.133,1473,1488,12.25,115.947,7.9623
3766,1480.133,1473,1488,12.25,115.363,7.9623
3767,1480.133,1473,1488,12.25,114.778,7.9623
3768,1479.348,1473,1488,12.375,114.194,7.8647
3769,1479.348,1473,1488,12.375,113.61,7.8647
3770,1479.348,1473,1488,12.375,113.026,7.8647
3771,1479.348,1473,1488,12.375,112.442,7.8647
3772,1478.378,1469,1488,12.25,111.858,7.7438
3773,1478.378,1469,1488,12.25,111.274,7.7438
3774,1478.378,1469,1488,12.25,110.69,7.7438
3775,1478.378,1469,1488,12.25,110.106,7.7438
3776,1477.409,1469,1484,12.375,109.521,7.6233
3777,1477.409,1469,1484,12.375,108.937,7.6233
3778,1477.409,1469,1484,12.375,108.353,7.6233
3779,1477.409,1469,1484,12.375,107.769,7.6233
3780,1476.622,1469,1484,12.25,107.185,7.5253
3781,1476.622,1469,1484,12.25,106.601,7.5253
3782,1476.622,1469,1484,12.25,106.017,7.5253
3783,1476.622,1469,1484,12.25,105.433,7.5253
3784,1475.643,1469,1484,12.25,104.849,7.4034
3785,1475.643,1469,1484,12.25,104.264,7.4034
3786,1475.643,1469,1484,12.25,103.68,7.4034
3787,1475.643,1469,1484,12.25,103.096,7.4034
3788,1474.622,1465,1484,12.25,102.512,7.2764
3789,1474.622,1465,1484,12.25,101.928,7.2764
3790,1474.622,1465,1484,12.25,101.344,7.2764
3791,1474.622,1465,1484,12.25,100.76,7.2764
3792,1473.773,1465,1480,12.375,100.176,7.1706
3793,1473.773,1465,1480,12.375,99.592,7.1706
3794,1473.773,1465,1480,12.375,99.007,7.1706
3795,1473.773,1465,1480,12.375,98.423,7.1706
3796,1472.867,1465,1480,12.25,97.839,7.0579
3797,1472.867,1465,1480,12.25,97.255,7.0579
3798,1472.867,1465,1480,12.25,96.671,7.0579
3799,1472.867,1465,1480,12.25,96.087,7.0579
3800,1471.82,1465,1480,12.125,95.503,6.9275
3801,1471.82,1465,1480,12.125,94.919,6.9275
3802,1471.82,1465,1480,12.125,94.335,6.9275
3803,1471.82,1465,1480,12.125,93.75,6.9275
3804,1470.83,1465,1480,12.125,93.166,6.8043
3805,1470.83,1465,1480,12.125,92.582,6.8043
3806,1470.83,1465,1480,12.125,91.998,6.8043
3807,1470.83,1465,1480,12.125,91.414,6.8043
3808,1469.969,1461,1476,12.25,90.83,6.6972
3809,1469.969,1461,1476,12.25,90.246,6.6972
3810,1469.969,1461,1476,12.25,89.662,6.6972
3811,1469.969,1461,1476,12.25,89.078,6.6972
3812,1469.112,1461,1476,12.25,88.493,6.5905
3813,1469.112,1461,1476,12.25,87.909,6.5905
3814,1469.112,1461,1476,12.25,87.325,6.5905
3815,1469.112,1461,1476,12.25,86.741,6.5905
3816,1468.191,1461,1476,12.125,86.157,6.4757
3817,1468.191,1461,1476,12.125,85.573,6.4757
3818,1468.191,1461,1476,12.125,84.989,6.4757
3819,1468.191,1461,1476,12.125,84.405,6.4757
3820,1467.398,1461,1476,12.25,83.821,6.3771
3821,1467.398,1461,1476,12.25,83.236,6.3771
3822,1467.398,1461,1476,12.25,82.652,6.3771
3823,1467.398,1461,1476,12.25,82.068,6.3771
3824,1466.298,1457,1476,12.375,81.484,6.2401
3825,1466.298,1457,1476,12.375,80.9,6.2401
3826,1466.298,1457,1476,12.375,80.316,6.2401
3827,1466.298,1457,1476,12.375,79.732,6.2401
3828,1465.357,1457,1472,12.25,79.148,6.123
3829,1465.357,1457,1472,12.25,78.564,6.123
3830,1465.357,1457,1472,12.25,77.979,6.123
3831,1465.357,1457,1472,12.25,77.395,6.123
3832,1464.439,1457,1472,12.375,76.811,6.0088
3833,1464.439,1457,1472,12.375,76.227,6.0088
3834,1464.439,1457,1472,12.375,75.643,6.0088
3835,1464.439,1457,1472,12.375,75.059,6.0088
3836,1463.54,1457,1472,12.5,74.475,5.8968
3837,1463.54,1457,1472,12.5,73.891,5.8968
3838,1463.54,1457,1472,12.5,73.307,5.8968
3839,1463.54,1457,1472,12.5,72.722,5.8968
3840,1462.419,1453,1472,12.375,72.138,5.7573
3841,1462.419,1453,1472,12.375,71.554,5.7573
3842,1462.419,1453,1472,12.375,70.97,5.7573
3843,1462.419,1453,1472,12.375,70.386,5.7573
3844,1461.675,1453,1468,12.125,69.802,5.6647
3845,1461.675,1453,1468,12.125,69.218,5.6647
3846,1461.675,1453,1468,12.125,68.634,5.6647
3847,1461.675,1453,1468,12.125,68.05,5.6647
3848,1460.74,1453,1468,12.5,67.465,5.5483
3849,1460.74,1453,1468,12.5,66.881,5.5483
3850,1460.74,1453,1468,12.5,66.297,5.5483
3851,1460.74,1453,1468,12.5,65.713,5.5483
3852,1459.888,1453,1468,12.25,65.129,5.4422
3853,1459.888,1453,1468,12.25,64.545,5.4422
3854,1459.888,1453,1468,12.25,63.961,5.4422
3855,1459.888,1453,1468,12.25,63.377,5.4422
3856,1458.702,1449,1468,12.375,62.793,5.2946
3857,1458.702,1449,1468,12.375,62.208,5.2946
3858,1458.702,1449,1468,12.375,61.624,5.2946
3859,1458.702,1449,1468,12.375,61.04,5.2946
3860,1457.675,1449,1464,12.125,60.456,5.1668
3861,1457.675,1449,1464,12.125,59.872,5.1668
3862,1457.675,1449,1464,12.125,59.288,5.1668
3863,1457.675,1449,1464,12.125,58.704,5.1668
3864,1456.809,1449,1464,12.125,58.12,5.059
3865,1456.809,1449,1464,12.125,57.536,5.059
3866,1456.809,1449,1464,12.125,56.951,5.059
3867,1456.809,1449,1464,12.125,56.367,5.059
3868,1455.955,1449,1464,12.375,55.783,4.9526
3869,1455.955,1449,1464,12.375,55.199,4.9526
3870,1455.955,1449,1464,12.375,54.615,4.9526
3871,1455.955,1449,1464,12.375,54.031,4.9526
3872,1454.908,1449,1464,12.25,53.447,4.8223
3873,1454.908,1449,1464,12.25,52.863,4.8223
3874,1454.908,1449,1464,12.25,52.279,4.8223
3875,1454.908,1449,1464,12.25,51.694,4.8223
3876,1453.847,1445,1460,12.25,51.11,4.6902
3877,1453.847,1445,1460,12.25,50.526,4.6902
3878,1453.847,1445,1460,12.25,49.942,4.6902
3879,1453.847,1445,1460,12.25,49.358,4.6902
3880,1452.867,1445,1460,12.25,48.774,4.5683
3881,1452.867,1445,1460,12.25,48.19,4.5683
3882,1452.867,1445,1460,12.25,47.606,4.5683
3883,1452.867,1445,1460,12.25,47.022,4.5683
3884,1451.888,1445,1460,12.25,46.437,4.4463
3885,1451.888,1445,1460,12.25,45.853,4.4463
3886,1451.888,1445,1460,12.25,45.269,4.4463
3887,1451.888,1445,1460,12.25,44.685,4.4463
3888,1451.031,1445,1460,12.25,44.101,4.3396
3889,1451.031,1445,1460,12.25,43.517,4.3396
3890,1451.031,1445,1460,12.25,42.933,4.3396
3891,1451.031,1445,1460,12.25,42.349,4.3396
3892,1449.847,1441,1456,12.25,41.765,4.1923
3893,1449.847,1441,1456,12.25,41.18,4.1923
3894,1449.847,1441,1456,12.25,40.596,4.1923
3895,1449.847,1441,1456,12.25,40.012,4.1923
3896,1448.924,1441,1456,12.375,39.428,4.0774
3897,1448.924,1441,1456,12.375,38.844,4.0774
3898,1448.924,1441,1456,12.375,38.26,4.0774
3899,1448.924,1441,1456,12.375,37.676,4.0774
3900,1448.01,1441,1456,12.25,37.092,3.9637
3901,1448.01,1441,1456,12.25,36.508,3.9637
3902,1448.01,1441,1456,12.25,35.923,3.9637
3903,1448.01,1441,1456,12.25,35.339,3.9637
3904,1447.06,1441,1456,12.5,34.755,3.8454
3905,1447.06,1441,1456,12.5,34.171,3.8454
3906,1447.06,1441,1456,12.5,33.587,3.8454
3907,1447.06,1441,1456,12.5,33.003,3.8454
3908,1445.847,1437,1452,12.25,32.419,3.6944
3909,1445.847,1437,1452,12.25,31.835,3.6944
3910,1445.847,1437,1452,12.25,31.251,3.6944
3911,1445.847,1437,1452,12.25,30.666,3.6944
3912,1444.867,1437,1452,12.25,30.082,3.5724
3913,1444.867,1437,1452,12.25,29.498,3.5724
3914,1444.867,1437,1452,12.25,28.914,3.5724
3915,1444.867,1437,1452,12.25,28.33,3.5724
3916,1443.955,1437,1452,12.375,27.746,3.4588
3917,1443.955,1437,1452,12.375,27.162,3.4588
3918,1443.955,1437,1452,12.375,26.578,3.4588
3919,1443.955,1437,1452,12.375,25.994,3.4588
3920,1442.908,1437,1452,12.25,25.409,3.3285
3921,1442.908,1437,1452,12.25,24.825,3.3285
3922,1442.908,1437,1452,12.25,24.241,3.3285
3923,1442.908,1437,1452,12.25,23.657,3.3285
3924,1441.799,1433,1448,12.125,23.073,3.1905
3925,1441.799,1433,1448,12.125,22.489,3.1905
3926,1441.799,1433,1448,12.125,21.905,3.1905
3927,1441.799,1433,1448,12.125,21.321,3.1905
3928,1440.867,1433,1448,12.25,20.737,3.0745
3929,1440.867,1433,1448,12.25,20.153,3.0745
3930,1440.867,1433,1448,12.25,19.568,3.0745
3931,1440.867,1433,1448,12.25,18.984,3.0745
3932,1439.82,1433,1448,12.125,18.4,2.9441
3933,1439.82,1433,1448,12.125,17.816,2.9441
3934,1439.82,1433,1448,12.125,17.232,2.9441
3935,1439.82,1433,1448,12.125,16.648,2.9441
3936,1438.823,1429,1448,12.375,16.064,2.82
3937,1438.823,1429,1448,12.375,15.48,2.82
3938,1438.823,1429,1448,12.375,14.896,2.82
3939,1438.823,1429,1448,12.375,14.311,2.82
3940,1437.94,1429,1444,12.5,13.727,2.7101
3941,1437.94,1429,1444,12.5,13.143,2.7101
3942,1437.94,1429,1444,12.5,12.559,2.7101
3943,1437.94,1429,1444,12.5,11.975,2.7101
3944,1436.867,1429,1444,12.25,11.391,2.5766
3945,1436.867,1429,1444,12.25,10.807,2.5766
3946,1436.867,1429,1444,12.25,10.223,2.5766
3947,1436.867,1429,1444,12.25,9.639,2.5766
3948,1436.076,1429,1444,12.375,9.054,2.478
3949,1436.076,1429,1444,12.375,8.47,2.478
3950,1436.076,1429,1444,12.375,7.886,2.478
3951,1436.076,1429,1444,12.375,7.302,2.478
3952,1435.227,1429,1444,12.375,6.718,2.3724
3953,1435.227,1429,1444,12.375,6.134,2.3724
3954,1435.227,1429,1444,12.375,5.55,2.3724
3955,1435.227,1429,1444,12.375,4.966,2.3724
3956,1434.22,1425,1444,12.5,4.382,2.247
3957,1434.22,1425,1444,12.5,3.797,2.247
3958,1434.22,1425,1444,12.5,3.213,2.247
3959,1434.22,1425,1444,12.5,2.629,2.247
3960,1433.552,1425,1440,12.125,2.045,2.1638
3961,1433.552,1425,1440,12.125,1.461,2.1638
3962,1433.552,1425,1440,12.125,0.877,2.1638
3963,1433.552,1425,1440,12.125,0.293,2.1638
3964,1433.85,1425,1440,10.0,-0.291,2.201
3965,1433.85,1425,1440,10.0,-0.875,2.201
3966,1433.85,1425,1440,10.0,-1.46,2.201
3967,1433.85,1425,1440,10.0,-2.044,2.201
