series,row_px,centroid_col_px,run_start_col_px,run_end_col_px,weight_sum,moment_kNm,deflection_mm
test,1743,1782.0,1781,1783,2.145,995.561,59.2837
test,1744,1782.0,1781,1783,2.145,994.561,59.2837
test,1745,1782.0,1781,1783,2.145,993.561,59.2837
test,1746,1782.0,1781,1783,2.145,992.561,59.2837
test,1747,1778.5,1777,1780,3.478,991.561,58.6515
test,1748,1778.5,1777,1780,3.478,990.561,58.6515
test,1749,1778.5,1777,1780,3.478,989.561,58.6515
test,1750,1778.5,1777,1780,3.478,988.56,58.6515
test,1751,1776.747,1773,1780,7.121,987.56,58.3349
test,1752,1776.747,1773,1780,7.121,986.56,58.3349
test,1753,1776.747,1773,1780,7.121,985.56,58.3349
test,1754,1776.747,1773,1780,7.121,984.56,58.3349
test,1755,1774.92,1769,1780,10.86,983.56,58.0049
test,1756,1774.92,1769,1780,10.86,982.56,58.0049
test,1757,1774.92,1769,1780,10.86,981.56,58.0049
test,1758,1774.92,1769,1780,10.86,980.56,58.0049
test,1759,1774.383,1765,1783,15.669,979.56,57.9078
test,1760,1774.383,1765,1783,15.669,978.56,57.9078
test,1761,1774.383,1765,1783,15.669,977.56,57.9078
test,1762,1774.383,1765,1783,15.669,976.56,57.9078
test,1763,1778.5,1777,1780,2.02,975.56,58.6515
test,1764,1778.5,1777,1780,2.02,974.56,58.6515
test,1765,1778.5,1777,1780,2.02,973.56,58.6515
test,1766,1778.5,1777,1780,2.02,972.56,58.6515
test,1779,1746.5,1745,1748,1.266,959.559,52.8713
test,1780,1746.5,1745,1748,1.266,958.559,52.8713
test,1781,1746.5,1745,1748,1.266,957.559,52.8713
test,1782,1746.5,1745,1748,1.266,956.559,52.8713
test,1783,1745.849,1741,1748,4.628,955.558,52.7536
test,1784,1745.849,1741,1748,4.628,954.558,52.7536
test,1785,1745.849,1741,1748,4.628,953.558,52.7536
test,1786,1745.849,1741,1748,4.628,952.558,52.7536
test,1787,1743.948,1737,1748,8.618,951.558,52.4104
test,1788,1743.948,1737,1748,8.618,950.558,52.4104
test,1789,1743.948,1737,1748,8.618,949.558,52.4104
test,1790,1743.948,1737,1748,8.618,948.558,52.4104
test,1791,1744.989,1737,1756,15.835,947.558,52.5984
test,1792,1744.989,1737,1756,15.835,946.558,52.5984
test,1793,1744.989,1737,1756,15.835,945.558,52.5984
test,1794,1744.989,1737,1756,15.835,944.558,52.5984
test,1795,1747.171,1745,1752,4.492,943.558,52.9925
test,1796,1747.171,1745,1752,4.492,942.558,52.9925
test,1797,1747.171,1745,1752,4.492,941.558,52.9925
test,1798,1747.171,1745,1752,4.492,940.558,52.9925
test,1823,1714.5,1713,1716,3.247,915.556,47.091
test,1824,1714.5,1713,1716,3.247,914.556,47.091
test,1825,1714.5,1713,1716,3.247,913.556,47.091
test,1826,1714.5,1713,1716,3.247,912.556,47.091
test,1827,1717.696,1709,1728,14.86,911.556,47.6684
test,1828,1717.696,1709,1728,14.86,910.556,47.6684
test,1829,1717.696,1709,1728,14.86,909.556,47.6684
test,1830,1717.696,1709,1728,14.86,908.556,47.6684
test,1831,1717.581,1713,1724,9.759,907.556,47.6476
test,1832,1717.581,1713,1724,9.759,906.556,47.6476
test,1833,1717.581,1713,1724,9.759,905.555,47.6476
test,1834,1717.581,1713,1724,9.759,904.555,47.6476
test,1835,1716.21,1713,1720,6.985,903.555,47.3998
test,1836,1716.21,1713,1720,6.985,902.555,47.3998
test,1837,1716.21,1713,1720,6.985,901.555,47.3998
test,1838,1716.21,1713,1720,6.985,900.555,47.3998
test,1839,1714.5,1713,1716,3.739,899.555,47.091
test,1840,1714.5,1713,1716,3.739,898.555,47.091
test,1841,1714.5,1713,1716,3.739,897.555,47.091
test,1842,1714.5,1713,1716,3.739,896.555,47.091
test,1843,1714.5,1713,1716,2.106,895.555,47.091
test,1844,1714.5,1713,1716,2.106,894.555,47.091
test,1845,1714.5,1713,1716,2.106,893.555,47.091
test,1846,1714.5,1713,1716,2.106,892.555,47.091
test,1847,1708.168,1705,1712,6.86,891.555,45.9472
test,1848,1708.168,1705,1712,6.86,890.555,45.9472
test,1849,1708.168,1705,1712,6.86,889.555,45.9472
test,1850,1708.168,1705,1712,6.86,888.554,45.9472
test,1851,1707.05,1705,1712,4.492,887.554,45.7454
test,1852,1707.05,1705,1712,4.492,886.554,45.7454
test,1853,1707.05,1705,1712,4.492,885.554,45.7454
test,1854,1707.05,1705,1712,4.492,884.554,45.7454
test,1855,1703.937,1701,1708,6.241,883.554,45.1829
test,1856,1703.937,1701,1708,6.241,882.554,45.1829
test,1857,1703.937,1701,1708,6.241,881.554,45.1829
test,1858,1703.937,1701,1708,6.241,880.554,45.1829
test,1859,1702.5,1701,1704,3.121,879.554,44.9235
test,1860,1702.5,1701,1704,3.121,878.554,44.9235
test,1861,1702.5,1701,1704,3.121,877.554,44.9235
test,1862,1702.5,1701,1704,3.121,876.554,44.9235
test,1863,1694.351,1685,1704,14.02,875.554,43.4515
test,1864,1694.351,1685,1704,14.02,874.554,43.4515
test,1865,1694.351,1685,1704,14.02,873.554,43.4515
test,1866,1694.351,1685,1704,14.02,872.554,43.4515
test,1867,1692.125,1685,1700,14.076,871.553,43.0494
test,1868,1692.125,1685,1700,14.076,870.553,43.0494
test,1869,1692.125,1685,1700,14.076,869.553,43.0494
test,1870,1692.125,1685,1700,14.076,868.553,43.0494
test,1871,1690.411,1685,1696,11.739,867.553,42.7398
test,1872,1690.411,1685,1696,11.739,866.553,42.7398
test,1873,1690.411,1685,1696,11.739,865.553,42.7398
test,1874,1690.411,1685,1696,11.739,864.553,42.7398
test,1875,1689.581,1685,1696,9.759,863.553,42.5899
test,1876,1689.581,1685,1696,9.759,862.553,42.5899
test,1877,1689.581,1685,1696,9.759,861.553,42.5899
test,1878,1689.581,1685,1696,9.759,860.553,42.5899
test,1879,1686.283,1681,1692,11.382,859.553,41.9941
test,1880,1686.283,1681,1692,11.382,858.553,41.9941
test,1881,1686.283,1681,1692,11.382,857.553,41.9941
test,1882,1686.283,1681,1692,11.382,856.553,41.9941
test,1883,1683.668,1677,1692,13.372,855.553,41.5218
test,1884,1683.668,1677,1692,13.372,854.552,41.5218
test,1885,1683.668,1677,1692,13.372,853.552,41.5218
test,1886,1683.668,1677,1692,13.372,852.552,41.5218
test,1887,1681.378,1673,1688,12.879,851.552,41.1081
test,1888,1681.378,1673,1688,12.879,850.552,41.1081
test,1889,1681.378,1673,1688,12.879,849.552,41.1081
test,1890,1681.378,1673,1688,12.879,848.552,41.1081
test,1891,1679.694,1673,1688,13.015,847.552,40.8039
test,1892,1679.694,1673,1688,13.015,846.552,40.8039
test,1893,1679.694,1673,1688,13.015,845.552,40.8039
test,1894,1679.694,1673,1688,13.015,844.552,40.8039
test,1895,1677.241,1669,1684,13.14,843.552,40.3609
test,1896,1677.241,1669,1684,13.14,842.552,40.3609
test,1897,1677.241,1669,1684,13.14,841.552,40.3609
test,1898,1677.241,1669,1684,13.14,840.552,40.3609
test,1899,1675.721,1669,1684,13.236,839.552,40.0862
test,1900,1675.721,1669,1684,13.236,838.551,40.0862
test,1901,1675.721,1669,1684,13.236,837.551,40.0862
test,1902,1675.721,1669,1684,13.236,836.551,40.0862
test,1903,1673.187,1665,1680,13.005,835.551,39.6285
test,1904,1673.187,1665,1680,13.005,834.551,39.6285
test,1905,1673.187,1665,1680,13.005,833.551,39.6285
test,1906,1673.187,1665,1680,13.005,832.551,39.6285
test,1907,1671.533,1665,1680,12.879,831.551,39.3297
test,1908,1671.533,1665,1680,12.879,830.551,39.3297
test,1909,1671.533,1665,1680,12.879,829.551,39.3297
test,1910,1671.533,1665,1680,12.879,828.551,39.3297
test,1911,1669.241,1661,1676,13.14,827.551,38.9158
test,1912,1669.241,1661,1676,13.14,826.551,38.9158
test,1913,1669.241,1661,1676,13.14,825.551,38.9158
test,1914,1669.241,1661,1676,13.14,824.551,38.9158
test,1915,1667.407,1661,1676,12.879,823.551,38.5845
test,1916,1667.407,1661,1676,12.879,822.551,38.5845
test,1917,1667.407,1661,1676,12.879,821.55,38.5845
test,1918,1667.407,1661,1676,12.879,820.55,38.5845
test,1919,1665.45,1657,1672,12.513,819.55,38.231
test,1920,1665.45,1657,1672,12.513,818.55,38.231
test,1921,1665.45,1657,1672,12.513,817.55,38.231
test,1922,1665.45,1657,1672,12.513,816.55,38.231
test,1923,1663.625,1657,1672,12.648,815.55,37.9013
test,1924,1663.625,1657,1672,12.648,814.55,37.9013
test,1925,1663.625,1657,1672,12.648,813.55,37.9013
test,1926,1663.625,1657,1672,12.648,812.55,37.9013
test,1927,1661.887,1653,1668,12.367,811.55,37.5875
test,1928,1661.887,1653,1668,12.367,810.55,37.5875
test,1929,1661.887,1653,1668,12.367,809.55,37.5875
test,1930,1661.887,1653,1668,12.367,808.55,37.5875
test,1931,1660.032,1653,1668,12.492,807.55,37.2523
test,1932,1660.032,1653,1668,12.492,806.55,37.2523
test,1933,1660.032,1653,1668,12.492,805.55,37.2523
test,1934,1660.032,1653,1668,12.492,804.549,37.2523
test,1935,1658.471,1653,1664,11.913,803.549,36.9704
test,1936,1658.471,1653,1664,11.913,802.549,36.9704
test,1937,1658.471,1653,1664,11.913,801.549,36.9704
test,1938,1658.471,1653,1664,11.913,800.549,36.9704
test,1939,1656.5,1653,1660,8.0,799.549,36.6144
test,1940,1656.5,1653,1660,8.0,798.549,36.6144
test,1941,1656.5,1653,1660,8.0,797.549,36.6144
test,1942,1656.5,1653,1660,8.0,796.549,36.6144
test,1943,1654.822,1649,1664,12.241,795.549,36.3112
test,1944,1654.822,1649,1664,12.241,794.549,36.3112
test,1945,1654.822,1649,1664,12.241,793.549,36.3112
test,1946,1654.822,1649,1664,12.241,792.549,36.3112
test,1947,1652.718,1645,1660,12.492,791.549,35.9312
test,1948,1652.718,1645,1660,12.492,790.549,35.9312
test,1949,1652.718,1645,1660,12.492,789.549,35.9312
test,1950,1652.718,1645,1660,12.492,788.548,35.9312
test,1951,1651.113,1645,1660,12.367,787.548,35.6412
test,1952,1651.113,1645,1660,12.367,786.548,35.6412
test,1953,1651.113,1645,1660,12.367,785.548,35.6412
test,1954,1651.113,1645,1660,12.367,784.548,35.6412
test,1955,1649.272,1641,1656,12.618,783.548,35.3087
test,1956,1649.272,1641,1656,12.618,782.548,35.3087
test,1957,1649.272,1641,1656,12.618,781.548,35.3087
test,1958,1649.272,1641,1656,12.618,780.548,35.3087
test,1959,1647.55,1641,1656,12.513,779.548,34.9978
test,1960,1647.55,1641,1656,12.513,778.548,34.9978
test,1961,1647.55,1641,1656,12.513,777.548,34.9978
test,1962,1647.55,1641,1656,12.513,776.548,34.9978
test,1963,1645.541,1637,1652,12.744,775.548,34.6349
test,1964,1645.541,1637,1652,12.744,774.548,34.6349
test,1965,1645.541,1637,1652,12.744,773.548,34.6349
test,1966,1645.541,1637,1652,12.744,772.548,34.6349
test,1967,1643.976,1637,1652,12.618,771.547,34.3522
test,1968,1643.976,1637,1652,12.618,770.547,34.3522
test,1969,1643.976,1637,1652,12.618,769.547,34.3522
test,1970,1643.976,1637,1652,12.618,768.547,34.3522
test,1971,1641.663,1633,1648,12.753,767.547,33.9344
test,1972,1641.663,1633,1648,12.753,766.547,33.9344
test,1973,1641.663,1633,1648,12.753,765.547,33.9344
test,1974,1641.663,1633,1648,12.753,764.547,33.9344
test,1975,1640.04,1633,1648,13.227,763.547,33.6411
test,1976,1640.04,1633,1648,13.227,762.547,33.6411
test,1977,1640.04,1633,1648,13.227,761.547,33.6411
test,1978,1640.04,1633,1648,13.227,760.547,33.6411
test,1979,1638.015,1629,1644,12.357,759.547,33.2754
test,1980,1638.015,1629,1644,12.357,758.547,33.2754
test,1981,1638.015,1629,1644,12.357,757.547,33.2754
test,1982,1638.015,1629,1644,12.357,756.547,33.2754
test,1983,1636.374,1629,1644,12.473,755.547,32.979
test,1984,1636.374,1629,1644,12.473,754.546,32.979
test,1985,1636.374,1629,1644,12.473,753.546,32.979
test,1986,1636.374,1629,1644,12.473,752.546,32.979
test,1987,1635.031,1629,1644,12.231,751.546,32.7363
test,1988,1635.031,1629,1644,12.231,750.546,32.7363
test,1989,1635.031,1629,1644,12.231,749.546,32.7363
test,1990,1635.031,1629,1644,12.231,748.546,32.7363
test,1991,1633.161,1625,1640,12.357,747.546,32.3987
test,1992,1633.161,1625,1640,12.357,746.546,32.3987
test,1993,1633.161,1625,1640,12.357,745.546,32.3987
test,1994,1633.161,1625,1640,12.357,744.546,32.3987
test,1995,1631.531,1625,1640,12.261,743.546,32.1041
test,1996,1631.531,1625,1640,12.261,742.546,32.1041
test,1997,1631.531,1625,1640,12.261,741.546,32.1041
test,1998,1631.531,1625,1640,12.261,740.546,32.1041
test,1999,1629.887,1621,1636,12.367,739.546,31.8073
test,2000,1629.887,1621,1636,12.367,738.545,31.8073
test,2001,1629.887,1621,1636,12.367,737.545,31.8073
test,2002,1629.887,1621,1636,12.367,736.545,31.8073
test,2003,1628.391,1621,1636,12.261,735.545,31.537
test,2004,1628.391,1621,1636,12.261,734.545,31.537
test,2005,1628.391,1621,1636,12.261,733.545,31.537
test,2006,1628.391,1621,1636,12.261,732.545,31.537
test,2007,1626.063,1617,1632,12.628,731.545,31.1164
test,2008,1626.063,1617,1632,12.628,730.545,31.1164
test,2009,1626.063,1617,1632,12.628,729.545,31.1164
test,2010,1626.063,1617,1632,12.628,728.545,31.1164
test,2011,1624.5,1617,1632,13.468,727.545,30.8341
test,2012,1624.5,1617,1632,13.468,726.545,30.8341
test,2013,1624.5,1617,1632,13.468,725.545,30.8341
test,2014,1624.5,1617,1632,13.468,724.545,30.8341
test,2015,1622.937,1617,1632,12.628,723.545,30.5519
test,2016,1622.937,1617,1632,12.628,722.545,30.5519
test,2017,1622.937,1617,1632,12.628,721.544,30.5519
test,2018,1622.937,1617,1632,12.628,720.544,30.5519
test,2019,1621.917,1617,1628,10.473,719.544,30.3675
test,2020,1621.917,1617,1628,10.473,718.544,30.3675
test,2021,1621.917,1617,1628,10.473,717.544,30.3675
test,2022,1621.917,1617,1628,10.473,716.544,30.3675
test,2023,1619.311,1613,1628,12.483,715.544,29.8969
test,2024,1619.311,1613,1628,12.483,714.544,29.8969
test,2025,1619.311,1613,1628,12.483,713.544,29.8969
test,2026,1619.311,1613,1628,12.483,712.544,29.8969
test,2027,1618.367,1613,1624,11.613,711.544,29.7263
test,2028,1618.367,1613,1624,11.613,710.544,29.7263
test,2029,1618.367,1613,1624,11.613,709.544,29.7263
test,2030,1618.367,1613,1624,11.613,708.544,29.7263
test,2031,1617.581,1613,1624,9.759,707.544,29.5844
test,2032,1617.581,1613,1624,9.759,706.544,29.5844
test,2033,1617.581,1613,1624,9.759,705.544,29.5844
test,2034,1617.581,1613,1624,9.759,704.543,29.5844
test,2035,1616.5,1613,1620,8.0,703.543,29.3891
test,2036,1616.5,1613,1620,8.0,702.543,29.3891
test,2037,1616.5,1613,1620,8.0,701.543,29.3891
test,2038,1616.5,1613,1620,8.0,700.543,29.3891
test,2039,1616.21,1613,1620,6.985,699.543,29.3366
test,2040,1616.21,1613,1620,6.985,698.543,29.3366
test,2041,1616.21,1613,1620,6.985,697.543,29.3366
test,2042,1616.21,1613,1620,6.985,696.543,29.3366
test,2043,1613.581,1609,1620,9.759,695.543,28.8618
test,2044,1613.581,1609,1620,9.759,694.543,28.8618
test,2045,1613.581,1609,1620,9.759,693.543,28.8618
test,2046,1613.581,1609,1620,9.759,692.543,28.8618
test,2047,1612.468,1609,1616,7.874,691.543,28.6608
test,2048,1612.468,1609,1616,7.874,690.543,28.6608
test,2049,1612.468,1609,1616,7.874,689.543,28.6608
test,2050,1612.468,1609,1616,7.874,688.542,28.6608
test,2051,1612.124,1609,1616,6.734,687.542,28.5986
test,2052,1612.124,1609,1616,6.734,686.542,28.5986
test,2053,1612.124,1609,1616,6.734,685.542,28.5986
test,2054,1612.124,1609,1616,6.734,684.542,28.5986
test,2055,1611.59,1609,1616,5.497,683.542,28.5021
test,2056,1611.59,1609,1616,5.497,682.542,28.5021
test,2057,1611.59,1609,1616,5.497,681.542,28.5021
test,2058,1611.59,1609,1616,5.497,680.542,28.5021
test,2059,1608.468,1605,1612,7.874,679.542,27.9382
test,2060,1608.468,1605,1612,7.874,678.542,27.9382
test,2061,1608.468,1605,1612,7.874,677.542,27.9382
test,2062,1608.468,1605,1612,7.874,676.542,27.9382
test,2063,1608.124,1605,1612,6.734,675.542,27.8761
test,2064,1608.124,1605,1612,6.734,674.542,27.8761
test,2065,1608.124,1605,1612,6.734,673.542,27.8761
test,2066,1608.124,1605,1612,6.734,672.542,27.8761
test,2067,1607.538,1605,1612,5.401,671.541,27.7702
test,2068,1607.538,1605,1612,5.401,670.541,27.7702
test,2069,1607.538,1605,1612,5.401,669.541,27.7702
test,2070,1607.538,1605,1612,5.401,668.541,27.7702
test,2071,1606.5,1605,1608,4.0,667.541,27.5827
test,2072,1606.5,1605,1608,4.0,666.541,27.5827
test,2073,1606.5,1605,1608,4.0,665.541,27.5827
test,2074,1606.5,1605,1608,4.0,664.541,27.5827
test,2075,1606.5,1605,1608,3.121,663.541,27.5827
test,2076,1606.5,1605,1608,3.121,662.541,27.5827
test,2077,1606.5,1605,1608,3.121,661.541,27.5827
test,2078,1606.5,1605,1608,3.121,660.541,27.5827
test,2079,1603.842,1601,1608,6.02,659.541,27.1026
test,2080,1603.842,1601,1608,6.02,658.541,27.1026
test,2081,1603.842,1601,1608,6.02,657.541,27.1026
test,2082,1603.842,1601,1608,6.02,656.541,27.1026
test,2083,1603.303,1601,1608,5.005,655.541,27.0053
test,2084,1603.303,1601,1608,5.005,654.54,27.0053
test,2085,1603.303,1601,1608,5.005,653.54,27.0053
test,2086,1603.303,1601,1608,5.005,652.54,27.0053
test,2087,1602.5,1601,1604,3.613,651.54,26.8602
test,2088,1602.5,1601,1604,3.613,650.54,26.8602
test,2089,1602.5,1601,1604,3.613,649.54,26.8602
test,2090,1602.5,1601,1604,3.613,648.54,26.8602
test,2091,1602.5,1601,1604,2.367,647.54,26.8602
test,2092,1602.5,1601,1604,2.367,646.54,26.8602
test,2093,1602.5,1601,1604,2.367,645.54,26.8602
test,2094,1602.5,1601,1604,2.367,644.54,26.8602
test,2095,1599.387,1597,1604,5.14,643.54,26.298
test,2096,1599.387,1597,1604,5.14,642.54,26.298
test,2097,1599.387,1597,1604,5.14,641.54,26.298
test,2098,1599.387,1597,1604,5.14,640.54,26.298
test,2099,1598.5,1597,1600,3.874,639.54,26.1377
test,2100,1598.5,1597,1600,3.874,638.539,26.1377
test,2101,1598.5,1597,1600,3.874,637.539,26.1377
test,2102,1598.5,1597,1600,3.874,636.539,26.1377
test,2103,1593.161,1585,1600,12.357,635.539,25.1734
test,2104,1593.161,1585,1600,12.357,634.539,25.1734
test,2105,1593.161,1585,1600,12.357,633.539,25.1734
test,2106,1593.161,1585,1600,12.357,632.539,25.1734
test,2107,1592.268,1585,1600,12.261,631.539,25.012
test,2108,1592.268,1585,1600,12.261,630.539,25.012
test,2109,1592.268,1585,1600,12.261,629.539,25.012
test,2110,1592.268,1585,1600,12.261,628.539,25.012
test,2111,1591.082,1585,1600,12.096,627.539,24.7977
test,2112,1591.082,1585,1600,12.096,626.539,24.7977
test,2113,1591.082,1585,1600,12.096,625.539,24.7977
test,2114,1591.082,1585,1600,12.096,624.539,24.7977
test,2115,1589.969,1581,1596,12.231,623.539,24.5967
test,2116,1589.969,1581,1596,12.231,622.539,24.5967
test,2117,1589.969,1581,1596,12.231,621.538,24.5967
test,2118,1589.969,1581,1596,12.231,620.538,24.5967
test,2119,1588.801,1581,1596,12.126,619.538,24.3858
test,2120,1588.801,1581,1596,12.126,618.538,24.3858
test,2121,1588.801,1581,1596,12.126,617.538,24.3858
test,2122,1588.801,1581,1596,12.126,616.538,24.3858
test,2123,1587.733,1581,1596,12.387,615.538,24.1928
test,2124,1587.733,1581,1596,12.387,614.538,24.1928
test,2125,1587.733,1581,1596,12.387,613.538,24.1928
test,2126,1587.733,1581,1596,12.387,612.538,24.1928
test,2127,1586.5,1581,1592,11.748,611.538,23.9701
test,2128,1586.5,1581,1592,11.748,610.538,23.9701
test,2129,1586.5,1581,1592,11.748,609.538,23.9701
test,2130,1586.5,1581,1592,11.748,608.538,23.9701
test,2131,1585.469,1577,1592,12.261,607.538,23.7839
test,2132,1585.469,1577,1592,12.261,606.538,23.7839
test,2133,1585.469,1577,1592,12.261,605.538,23.7839
test,2134,1585.469,1577,1592,12.261,604.537,23.7839
test,2207,1558.5,1557,1560,1.885,531.533,18.9124
test,2208,1558.5,1557,1560,1.885,530.533,18.9124
test,2209,1558.5,1557,1560,1.885,529.533,18.9124
test,2210,1558.5,1557,1560,1.885,528.533,18.9124
test,2223,1554.5,1553,1556,2.02,515.532,18.1899
test,2224,1554.5,1553,1556,2.02,514.532,18.1899
test,2225,1554.5,1553,1556,2.02,513.532,18.1899
test,2226,1554.5,1553,1556,2.02,512.532,18.1899
test,2227,1556.79,1553,1560,6.985,511.532,18.6036
test,2228,1556.79,1553,1560,6.985,510.532,18.6036
test,2229,1556.79,1553,1560,6.985,509.532,18.6036
test,2230,1556.79,1553,1560,6.985,508.532,18.6036
test,2231,1558.542,1553,1564,11.874,507.532,18.92
test,2232,1558.542,1553,1564,11.874,506.532,18.92
test,2233,1558.542,1553,1564,11.874,505.532,18.92
test,2234,1558.542,1553,1564,11.874,504.531,18.92
test,2235,1557.651,1549,1564,12.387,503.531,18.7591
test,2236,1557.651,1549,1564,12.387,502.531,18.7591
test,2237,1557.651,1549,1564,12.387,501.531,18.7591
test,2238,1557.651,1549,1564,12.387,500.531,18.7591
test,2239,1556.543,1549,1564,12.126,499.531,18.5589
test,2240,1556.543,1549,1564,12.126,498.531,18.5589
test,2241,1556.543,1549,1564,12.126,497.531,18.5589
test,2242,1556.543,1549,1564,12.126,496.531,18.5589
test,2243,1555.587,1549,1564,12.126,495.531,18.3862
test,2244,1555.587,1549,1564,12.126,494.531,18.3862
test,2245,1555.587,1549,1564,12.126,493.531,18.3862
test,2246,1555.587,1549,1564,12.126,492.531,18.3862
test,2247,1554.5,1549,1560,11.748,491.531,18.1899
test,2248,1554.5,1549,1560,11.748,490.531,18.1899
test,2249,1554.5,1549,1560,11.748,489.531,18.1899
test,2250,1554.5,1549,1560,11.748,488.53,18.1899
test,2251,1553.598,1545,1560,12.252,487.53,18.0269
test,2252,1553.598,1545,1560,12.252,486.53,18.0269
test,2253,1553.598,1545,1560,12.252,485.53,18.0269
test,2254,1553.598,1545,1560,12.252,484.53,18.0269
test,2255,1552.543,1545,1560,12.126,483.53,17.8363
test,2256,1552.543,1545,1560,12.126,482.53,17.8363
test,2257,1552.543,1545,1560,12.126,481.53,17.8363
test,2258,1552.543,1545,1560,12.126,480.53,17.8363
test,2259,1551.658,1545,1560,12.252,479.53,17.6765
test,2260,1551.658,1545,1560,12.252,478.53,17.6765
test,2261,1551.658,1545,1560,12.252,477.53,17.6765
test,2262,1551.658,1545,1560,12.252,476.53,17.6765
test,2275,1542.5,1541,1544,2.734,463.529,16.0223
test,2276,1542.5,1541,1544,2.734,462.529,16.0223
test,2277,1542.5,1541,1544,2.734,461.529,16.0223
test,2278,1542.5,1541,1544,2.734,460.529,16.0223
test,2279,1542.5,1541,1544,3.739,459.529,16.0223
test,2280,1542.5,1541,1544,3.739,458.529,16.0223
test,2281,1542.5,1541,1544,3.739,457.529,16.0223
test,2282,1542.5,1541,1544,3.739,456.529,16.0223
test,2287,1538.5,1537,1540,1.759,451.528,15.2997
test,2288,1538.5,1537,1540,1.759,450.528,15.2997
test,2289,1538.5,1537,1540,1.759,449.528,15.2997
test,2290,1538.5,1537,1540,1.759,448.528,15.2997
test,2291,1538.5,1537,1540,2.473,447.528,15.2997
test,2292,1538.5,1537,1540,2.473,446.528,15.2997
test,2293,1538.5,1537,1540,2.473,445.528,15.2997
test,2294,1538.5,1537,1540,2.473,444.528,15.2997
test,2295,1538.5,1537,1540,3.478,443.528,15.2997
test,2296,1538.5,1537,1540,3.478,442.528,15.2997
test,2297,1538.5,1537,1540,3.478,441.528,15.2997
test,2298,1538.5,1537,1540,3.478,440.528,15.2997
test,2299,1538.5,1537,1540,4.0,439.528,15.2997
test,2300,1538.5,1537,1540,4.0,438.527,15.2997
test,2301,1538.5,1537,1540,4.0,437.527,15.2997
test,2302,1538.5,1537,1540,4.0,436.527,15.2997
test,2303,1534.5,1533,1536,1.266,435.527,14.5772
test,2304,1534.5,1533,1536,1.266,434.527,14.5772
test,2305,1534.5,1533,1536,1.266,433.527,14.5772
test,2306,1534.5,1533,1536,1.266,432.527,14.5772
test,2359,1529.747,1521,1536,12.0,379.524,13.7186
test,2360,1529.747,1521,1536,12.0,378.524,13.7186
test,2361,1529.747,1521,1536,12.0,377.524,13.7186
test,2362,1529.747,1521,1536,12.0,376.524,13.7186
test,2363,1528.85,1521,1536,12.231,375.524,13.5567
test,2364,1528.85,1521,1536,12.231,374.524,13.5567
test,2365,1528.85,1521,1536,12.231,373.524,13.5567
test,2366,1528.85,1521,1536,12.231,372.524,13.5567
test,2367,1528.219,1521,1536,12.367,371.523,13.4427
test,2368,1528.219,1521,1536,12.367,370.523,13.4427
test,2369,1528.219,1521,1536,12.367,369.523,13.4427
test,2370,1528.219,1521,1536,12.367,368.523,13.4427
test,2371,1527.402,1521,1536,12.252,367.523,13.2951
test,2372,1527.402,1521,1536,12.252,366.523,13.2951
test,2373,1527.402,1521,1536,12.252,365.523,13.2951
test,2374,1527.402,1521,1536,12.252,364.523,13.2951
test,2375,1526.542,1521,1532,11.874,363.523,13.1398
test,2376,1526.542,1521,1532,11.874,362.523,13.1398
test,2377,1526.542,1521,1532,11.874,361.523,13.1398
test,2378,1526.542,1521,1532,11.874,360.523,13.1398
test,2379,1525.762,1517,1532,12.357,359.523,12.9988
test,2380,1525.762,1517,1532,12.357,358.523,12.9988
test,2381,1525.762,1517,1532,12.357,357.523,12.9988
test,2382,1525.762,1517,1532,12.357,356.523,12.9988
test,2383,1524.974,1517,1532,12.231,355.523,12.8565
test,2384,1524.974,1517,1532,12.231,354.522,12.8565
test,2385,1524.974,1517,1532,12.231,353.522,12.8565
test,2386,1524.974,1517,1532,12.231,352.522,12.8565
test,2387,1524.084,1517,1532,12.106,351.522,12.6957
test,2388,1524.084,1517,1532,12.106,350.522,12.6957
test,2389,1524.084,1517,1532,12.106,349.522,12.6957
test,2390,1524.084,1517,1532,12.106,348.522,12.6957
test,2403,1514.5,1513,1516,1.633,335.521,10.9646
test,2404,1514.5,1513,1516,1.633,334.521,10.9646
test,2405,1514.5,1513,1516,1.633,333.521,10.9646
test,2406,1514.5,1513,1516,1.633,332.521,10.9646
test,2407,1514.5,1513,1516,2.473,331.521,10.9646
test,2408,1514.5,1513,1516,2.473,330.521,10.9646
test,2409,1514.5,1513,1516,2.473,329.521,10.9646
test,2410,1514.5,1513,1516,2.473,328.521,10.9646
test,2411,1514.5,1513,1516,3.247,327.521,10.9646
test,2412,1514.5,1513,1516,3.247,326.521,10.9646
test,2413,1514.5,1513,1516,3.247,325.521,10.9646
test,2414,1514.5,1513,1516,3.247,324.521,10.9646
test,2423,1510.5,1509,1512,1.633,315.52,10.242
test,2424,1510.5,1509,1512,1.633,314.52,10.242
test,2425,1510.5,1509,1512,1.633,313.52,10.242
test,2426,1510.5,1509,1512,1.633,312.52,10.242
test,2427,1510.5,1509,1512,2.473,311.52,10.242
test,2428,1510.5,1509,1512,2.473,310.52,10.242
test,2429,1510.5,1509,1512,2.473,309.52,10.242
test,2430,1510.5,1509,1512,2.473,308.52,10.242
test,2431,1510.5,1509,1512,3.247,307.52,10.242
test,2432,1510.5,1509,1512,3.247,306.52,10.242
test,2433,1510.5,1509,1512,3.247,305.52,10.242
test,2434,1510.5,1509,1512,3.247,304.519,10.242
test,2487,1504.328,1497,1512,12.135,251.516,9.1272
test,2488,1504.328,1497,1512,12.135,250.516,9.1272
test,2489,1504.328,1497,1512,12.135,249.516,9.1272
test,2490,1504.328,1497,1512,12.135,248.516,9.1272
test,2491,1503.658,1497,1512,12.252,247.516,9.0061
test,2492,1503.658,1497,1512,12.252,246.516,9.0061
test,2493,1503.658,1497,1512,12.252,245.516,9.0061
test,2494,1503.658,1497,1512,12.252,244.516,9.0061
test,2495,1502.589,1497,1508,11.739,243.516,8.813
test,2496,1502.589,1497,1508,11.739,242.516,8.813
test,2497,1502.589,1497,1508,11.739,241.516,8.813
test,2498,1502.589,1497,1508,11.739,240.516,8.813
test,2499,1501.969,1493,1508,12.231,239.516,8.7011
test,2500,1501.969,1493,1508,12.231,238.516,8.7011
test,2501,1501.969,1493,1508,12.231,237.515,8.7011
test,2502,1501.969,1493,1508,12.231,236.515,8.7011
test,2503,1501.159,1493,1508,12.135,235.515,8.5547
test,2504,1501.159,1493,1508,12.135,234.515,8.5547
test,2505,1501.159,1493,1508,12.135,233.515,8.5547
test,2506,1501.159,1493,1508,12.135,232.515,8.5547
test,2507,1500.391,1493,1508,12.261,231.515,8.4161
test,2508,1500.391,1493,1508,12.261,230.515,8.4161
test,2509,1500.391,1493,1508,12.261,229.515,8.4161
test,2510,1500.391,1493,1508,12.261,228.515,8.4161
test,2511,1499.658,1493,1508,12.252,227.515,8.2836
test,2512,1499.658,1493,1508,12.252,226.515,8.2836
test,2513,1499.658,1493,1508,12.252,225.515,8.2836
test,2514,1499.658,1493,1508,12.252,224.515,8.2836
test,2515,1498.589,1493,1504,11.739,223.515,8.0905
test,2516,1498.589,1493,1504,11.739,222.515,8.0905
test,2517,1498.589,1493,1504,11.739,221.514,8.0905
test,2518,1498.589,1493,1504,11.739,220.514,8.0905
test,2519,1500.398,1497,1504,7.613,219.514,8.4173
test,2520,1500.398,1497,1504,7.613,218.514,8.4173
test,2521,1500.398,1497,1504,7.613,217.514,8.4173
test,2522,1500.398,1497,1504,7.613,216.514,8.4173
test,2543,1486.5,1485,1488,1.266,195.513,5.9069
test,2544,1486.5,1485,1488,1.266,194.513,5.9069
test,2545,1486.5,1485,1488,1.266,193.513,5.9069
test,2546,1486.5,1485,1488,1.266,192.513,5.9069
test,2547,1486.5,1485,1488,2.106,191.513,5.9069
test,2548,1486.5,1485,1488,2.106,190.513,5.9069
test,2549,1486.5,1485,1488,2.106,189.513,5.9069
test,2550,1486.5,1485,1488,2.106,188.513,5.9069
test,2563,1482.5,1481,1484,1.401,175.512,5.1843
test,2564,1482.5,1481,1484,1.401,174.512,5.1843
test,2565,1482.5,1481,1484,1.401,173.512,5.1843
test,2566,1482.5,1481,1484,1.401,172.512,5.1843
test,2619,1477.8,1469,1484,12.135,119.508,4.3353
test,2620,1477.8,1469,1484,12.135,118.508,4.3353
test,2621,1477.8,1469,1484,12.135,117.508,4.3353
test,2622,1477.8,1469,1484,12.135,116.508,4.3353
test,2623,1476.908,1469,1484,12.357,115.508,4.1742
test,2624,1476.908,1469,1484,12.357,114.508,4.1742
test,2625,1476.908,1469,1484,12.357,113.508,4.1742
test,2626,1476.908,1469,1484,12.357,112.508,4.1742
test,2627,1476.15,1469,1484,12.231,111.508,4.0372
test,2628,1476.15,1469,1484,12.231,110.508,4.0372
test,2629,1476.15,1469,1484,12.231,109.508,4.0372
test,2630,1476.15,1469,1484,12.231,108.508,4.0372
test,2631,1475.2,1469,1484,12.135,107.508,3.8658
test,2632,1475.2,1469,1484,12.135,106.508,3.8658
test,2633,1475.2,1469,1484,12.135,105.508,3.8658
test,2634,1475.2,1469,1484,12.135,104.507,3.8658
test,2635,1474.458,1469,1480,11.874,103.507,3.7316
test,2636,1474.458,1469,1480,11.874,102.507,3.7316
test,2637,1474.458,1469,1480,11.874,101.507,3.7316
test,2638,1474.458,1469,1480,11.874,100.507,3.7316
test,2639,1473.469,1465,1480,12.261,99.507,3.5531
test,2640,1473.469,1465,1480,12.261,98.507,3.5531
test,2641,1473.469,1465,1480,12.261,97.507,3.5531
test,2642,1473.469,1465,1480,12.261,96.507,3.5531
test,2643,1472.609,1465,1480,12.261,95.507,3.3976
test,2644,1472.609,1465,1480,12.261,94.507,3.3976
test,2645,1472.609,1465,1480,12.261,93.507,3.3976
test,2646,1472.609,1465,1480,12.261,92.507,3.3976
test,2647,1471.841,1465,1480,12.135,91.507,3.259
test,2648,1471.841,1465,1480,12.135,90.507,3.259
test,2649,1471.841,1465,1480,12.135,89.507,3.259
test,2650,1471.841,1465,1480,12.135,88.507,3.259
ETABS,1743,1637.458,1633,1644,8.125,995.561,33.1747
ETABS,1744,1637.458,1633,1644,8.125,994.561,33.1747
ETABS,1745,1637.458,1633,1644,8.125,993.561,33.1747
ETABS,1746,1637.458,1633,1644,8.125,992.561,33.1747
ETABS,1747,1637.161,1629,1644,11.247,991.561,33.1211
ETABS,1748,1637.161,1629,1644,11.247,990.561,33.1211
ETABS,1749,1637.161,1629,1644,11.247,989.561,33.1211
ETABS,1750,1637.161,1629,1644,11.247,988.56,33.1211
ETABS,1751,1637.338,1633,1644,5.992,987.56,33.153
ETABS,1752,1637.338,1633,1644,5.992,986.56,33.153
ETABS,1753,1637.338,1633,1644,5.992,985.56,33.153
ETABS,1754,1637.338,1633,1644,5.992,984.56,33.153
ETABS,1791,1628.5,1621,1636,9.757,947.558,31.5567
ETABS,1792,1628.5,1621,1636,9.757,946.558,31.5567
ETABS,1793,1628.5,1621,1636,9.757,945.558,31.5567
ETABS,1794,1628.5,1621,1636,9.757,944.558,31.5567
ETABS,1795,1628.064,1621,1636,11.875,943.558,31.4779
ETABS,1796,1628.064,1621,1636,11.875,942.558,31.4779
ETABS,1797,1628.064,1621,1636,11.875,941.558,31.4779
ETABS,1798,1628.064,1621,1636,11.875,940.558,31.4779
ETABS,1799,1627.378,1621,1636,12.0,939.558,31.3541
ETABS,1800,1627.378,1621,1636,12.0,938.557,31.3541
ETABS,1801,1627.378,1621,1636,12.0,937.557,31.3541
ETABS,1802,1627.378,1621,1636,12.0,936.557,31.3541
ETABS,1803,1626.542,1621,1632,11.875,935.557,31.203
ETABS,1804,1626.542,1621,1632,11.875,934.557,31.203
ETABS,1805,1626.542,1621,1632,11.875,933.557,31.203
ETABS,1806,1626.542,1621,1632,11.875,932.557,31.203
ETABS,1807,1625.92,1617,1632,12.125,931.557,31.0907
ETABS,1808,1625.92,1617,1632,12.125,930.557,31.0907
ETABS,1809,1625.92,1617,1632,12.125,929.557,31.0907
ETABS,1810,1625.92,1617,1632,12.125,928.557,31.0907
ETABS,1811,1625.175,1617,1632,12.125,927.557,30.9561
ETABS,1812,1625.175,1617,1632,12.125,926.557,30.9561
ETABS,1813,1625.175,1617,1632,12.125,925.557,30.9561
ETABS,1814,1625.175,1617,1632,12.125,924.557,30.9561
ETABS,1815,1624.5,1617,1632,12.235,923.557,30.8341
ETABS,1816,1624.5,1617,1632,12.235,922.557,30.8341
ETABS,1817,1624.5,1617,1632,12.235,921.556,30.8341
ETABS,1818,1624.5,1617,1632,12.235,920.556,30.8341
ETABS,1819,1623.755,1617,1632,12.0,919.556,30.6995
ETABS,1820,1623.755,1617,1632,12.0,918.556,30.6995
ETABS,1821,1623.755,1617,1632,12.0,917.556,30.6995
ETABS,1822,1623.755,1617,1632,12.0,916.556,30.6995
ETABS,1823,1623.033,1617,1632,12.251,915.556,30.5691
ETABS,1824,1623.033,1617,1632,12.251,914.556,30.5691
ETABS,1825,1623.033,1617,1632,12.251,913.556,30.5691
ETABS,1826,1623.033,1617,1632,12.251,912.556,30.5691
ETABS,1827,1622.458,1617,1628,11.875,911.556,30.4652
ETABS,1828,1622.458,1617,1628,11.875,910.556,30.4652
ETABS,1829,1622.458,1617,1628,11.875,909.556,30.4652
ETABS,1830,1622.458,1617,1628,11.875,908.556,30.4652
ETABS,1831,1622.117,1617,1628,10.494,907.556,30.4037
ETABS,1832,1622.117,1617,1628,10.494,906.556,30.4037
ETABS,1833,1622.117,1617,1628,10.494,905.555,30.4037
ETABS,1834,1622.117,1617,1628,10.494,904.555,30.4037
ETABS,1835,1621.447,1617,1624,2.384,903.555,30.2827
ETABS,1836,1621.447,1617,1624,2.384,902.555,30.2827
ETABS,1837,1621.447,1617,1624,2.384,901.555,30.2827
ETABS,1838,1621.447,1617,1624,2.384,900.555,30.2827
ETABS,1871,1612.574,1609,1616,3.388,867.553,28.6799
ETABS,1872,1612.574,1609,1616,3.388,866.553,28.6799
ETABS,1873,1612.574,1609,1616,3.388,865.553,28.6799
ETABS,1874,1612.574,1609,1616,3.388,864.553,28.6799
ETABS,1875,1613.2,1605,1620,10.761,863.553,28.7929
ETABS,1876,1613.2,1605,1620,10.761,862.553,28.7929
ETABS,1877,1613.2,1605,1620,10.761,861.553,28.7929
ETABS,1878,1613.2,1605,1620,10.761,860.553,28.7929
ETABS,1879,1613.169,1605,1620,9.757,859.553,28.7873
ETABS,1880,1613.169,1605,1620,9.757,858.553,28.7873
ETABS,1881,1613.169,1605,1620,9.757,857.553,28.7873
ETABS,1882,1613.169,1605,1620,9.757,856.553,28.7873
ETABS,1919,1604.399,1601,1608,4.988,819.55,27.2033
ETABS,1920,1604.399,1601,1608,4.988,818.55,27.2033
ETABS,1921,1604.399,1601,1608,4.988,817.55,27.2033
ETABS,1922,1604.399,1601,1608,4.988,816.55,27.2033
ETABS,1923,1604.099,1597,1612,11.263,815.55,27.149
ETABS,1924,1604.099,1597,1612,11.263,814.55,27.149
ETABS,1925,1604.099,1597,1612,11.263,813.55,27.149
ETABS,1926,1604.099,1597,1612,11.263,812.55,27.149
ETABS,1927,1603.755,1597,1612,12.0,811.55,27.0869
ETABS,1928,1603.755,1597,1612,12.0,810.55,27.0869
ETABS,1929,1603.755,1597,1612,12.0,809.55,27.0869
ETABS,1930,1603.755,1597,1612,12.0,808.55,27.0869
ETABS,1931,1603.033,1597,1612,12.251,807.55,26.9564
ETABS,1932,1603.033,1597,1612,12.251,806.55,26.9564
ETABS,1933,1603.033,1597,1612,12.251,805.55,26.9564
ETABS,1934,1603.033,1597,1612,12.251,804.549,26.9564
ETABS,1935,1602.463,1597,1608,11.89,803.549,26.8535
ETABS,1936,1602.463,1597,1608,11.89,802.549,26.8535
ETABS,1937,1602.463,1597,1608,11.89,801.549,26.8535
ETABS,1938,1602.463,1597,1608,11.89,800.549,26.8535
ETABS,1939,1602.232,1597,1608,11.247,799.549,26.8118
ETABS,1940,1602.232,1597,1608,11.247,798.549,26.8118
ETABS,1941,1602.232,1597,1608,11.247,797.549,26.8118
ETABS,1942,1602.232,1597,1608,11.247,796.549,26.8118
ETABS,1943,1600.803,1593,1608,12.125,795.549,26.5536
ETABS,1944,1600.803,1593,1608,12.125,794.549,26.5536
ETABS,1945,1600.803,1593,1608,12.125,793.549,26.5536
ETABS,1946,1600.803,1593,1608,12.125,792.549,26.5536
ETABS,1947,1600.073,1593,1608,12.125,791.549,26.4218
ETABS,1948,1600.073,1593,1608,12.125,790.549,26.4218
ETABS,1949,1600.073,1593,1608,12.125,789.549,26.4218
ETABS,1950,1600.073,1593,1608,12.125,788.548,26.4218
ETABS,1951,1599.328,1593,1608,12.125,787.548,26.2872
ETABS,1952,1599.328,1593,1608,12.125,786.548,26.2872
ETABS,1953,1599.328,1593,1608,12.125,785.548,26.2872
ETABS,1954,1599.328,1593,1608,12.125,784.548,26.2872
ETABS,1955,1598.542,1593,1604,11.875,783.548,26.1453
ETABS,1956,1598.542,1593,1604,11.875,782.548,26.1453
ETABS,1957,1598.542,1593,1604,11.875,781.548,26.1453
ETABS,1958,1598.542,1593,1604,11.875,780.548,26.1453
ETABS,1959,1598.279,1593,1604,11.373,779.548,26.0978
ETABS,1960,1598.279,1593,1604,11.373,778.548,26.0978
ETABS,1961,1598.279,1593,1604,11.373,777.548,26.0978
ETABS,1962,1598.279,1593,1604,11.373,776.548,26.0978
ETABS,1963,1597.925,1593,1604,6.871,775.548,26.0338
ETABS,1964,1597.925,1593,1604,6.871,774.548,26.0338
ETABS,1965,1597.925,1593,1604,6.871,773.548,26.0338
ETABS,1966,1597.925,1593,1604,6.871,772.548,26.0338
ETABS,2003,1588.857,1581,1596,9.129,735.545,24.3959
ETABS,2004,1588.857,1581,1596,9.129,734.545,24.3959
ETABS,2005,1588.857,1581,1596,9.129,733.545,24.3959
ETABS,2006,1588.857,1581,1596,9.129,732.545,24.3959
ETABS,2007,1588.838,1581,1596,11.137,731.545,24.3924
ETABS,2008,1588.838,1581,1596,11.137,730.545,24.3924
ETABS,2009,1588.838,1581,1596,11.137,729.545,24.3924
ETABS,2010,1588.838,1581,1596,11.137,728.545,24.3924
ETABS,2011,1588.552,1585,1592,4.863,727.545,24.3407
ETABS,2012,1588.552,1585,1592,4.863,726.545,24.3407
ETABS,2013,1588.552,1585,1592,4.863,725.545,24.3407
ETABS,2014,1588.552,1585,1592,4.863,724.545,24.3407
ETABS,2047,1579.643,1577,1584,1.757,691.543,22.7315
ETABS,2048,1579.643,1577,1584,1.757,690.543,22.7315
ETABS,2049,1579.643,1577,1584,1.757,689.543,22.7315
ETABS,2050,1579.643,1577,1584,1.757,688.542,22.7315
ETABS,2051,1579.103,1573,1584,9.992,687.542,22.6339
ETABS,2052,1579.103,1573,1584,9.992,686.542,22.6339
ETABS,2053,1579.103,1573,1584,9.992,685.542,22.6339
ETABS,2054,1579.103,1573,1584,9.992,684.542,22.6339
ETABS,2055,1578.955,1573,1588,12.125,683.542,22.6073
ETABS,2056,1578.955,1573,1588,12.125,682.542,22.6073
ETABS,2057,1578.955,1573,1588,12.125,681.542,22.6073
ETABS,2058,1578.955,1573,1588,12.125,680.542,22.6073
ETABS,2059,1578.415,1573,1584,11.749,679.542,22.5096
ETABS,2060,1578.415,1573,1584,11.749,678.542,22.5096
ETABS,2061,1578.415,1573,1584,11.749,677.542,22.5096
ETABS,2062,1578.415,1573,1584,11.749,676.542,22.5096
ETABS,2063,1577.353,1569,1584,12.251,675.542,22.3178
ETABS,2064,1577.353,1569,1584,12.251,674.542,22.3178
ETABS,2065,1577.353,1569,1584,12.251,673.542,22.3178
ETABS,2066,1577.353,1569,1584,12.251,672.542,22.3178
ETABS,2067,1576.561,1569,1584,12.361,671.541,22.1748
ETABS,2068,1576.561,1569,1584,12.361,670.541,22.1748
ETABS,2069,1576.561,1569,1584,12.361,669.541,22.1748
ETABS,2070,1576.561,1569,1584,12.361,668.541,22.1748
ETABS,2071,1575.77,1569,1584,12.251,667.541,22.0319
ETABS,2072,1575.77,1569,1584,12.251,666.541,22.0319
ETABS,2073,1575.77,1569,1584,12.251,665.541,22.0319
ETABS,2074,1575.77,1569,1584,12.251,664.541,22.0319
ETABS,2075,1574.91,1569,1584,12.251,663.541,21.8765
ETABS,2076,1574.91,1569,1584,12.251,662.541,21.8765
ETABS,2077,1574.91,1569,1584,12.251,661.541,21.8765
ETABS,2078,1574.91,1569,1584,12.251,660.541,21.8765
ETABS,2079,1574.09,1565,1580,12.251,659.541,21.7285
ETABS,2080,1574.09,1565,1580,12.251,658.541,21.7285
ETABS,2081,1574.09,1565,1580,12.251,657.541,21.7285
ETABS,2082,1574.09,1565,1580,12.251,656.541,21.7285
ETABS,2083,1573.23,1565,1580,12.251,655.541,21.5731
ETABS,2084,1573.23,1565,1580,12.251,654.54,21.5731
ETABS,2085,1573.23,1565,1580,12.251,653.54,21.5731
ETABS,2086,1573.23,1565,1580,12.251,652.54,21.5731
ETABS,2087,1572.554,1565,1580,12.125,651.54,21.4511
ETABS,2088,1572.554,1565,1580,12.125,650.54,21.4511
ETABS,2089,1572.554,1565,1580,12.125,649.54,21.4511
ETABS,2090,1572.554,1565,1580,12.125,648.54,21.4511
ETABS,2091,1572.17,1565,1580,9.882,647.54,21.3816
ETABS,2092,1572.17,1565,1580,9.882,646.54,21.3816
ETABS,2093,1572.17,1565,1580,9.882,645.54,21.3816
ETABS,2094,1572.17,1565,1580,9.882,644.54,21.3816
ETABS,2131,1562.946,1557,1568,5.631,607.538,19.7154
ETABS,2132,1562.946,1557,1568,5.631,606.538,19.7154
ETABS,2133,1562.946,1557,1568,5.631,605.538,19.7154
ETABS,2134,1562.946,1557,1568,5.631,604.537,19.7154
ETABS,2135,1562.69,1557,1568,11.247,603.537,19.6692
ETABS,2136,1562.69,1557,1568,11.247,602.537,19.6692
ETABS,2137,1562.69,1557,1568,11.247,601.537,19.6692
ETABS,2138,1562.69,1557,1568,11.247,600.537,19.6692
ETABS,2139,1562.727,1557,1568,9.129,599.537,19.6759
ETABS,2140,1562.727,1557,1568,9.129,598.537,19.6759
ETABS,2141,1562.727,1557,1568,9.129,597.537,19.6759
ETABS,2142,1562.727,1557,1568,9.129,596.537,19.6759
ETABS,2179,1554.379,1549,1560,7.749,559.535,18.1679
ETABS,2180,1554.379,1549,1560,7.749,558.535,18.1679
ETABS,2181,1554.379,1549,1560,7.749,557.535,18.1679
ETABS,2182,1554.379,1549,1560,7.749,556.535,18.1679
ETABS,2183,1554.279,1549,1560,11.373,555.535,18.15
ETABS,2184,1554.279,1549,1560,11.373,554.534,18.15
ETABS,2185,1554.279,1549,1560,11.373,553.534,18.15
ETABS,2186,1554.279,1549,1560,11.373,552.534,18.15
ETABS,2187,1553.405,1545,1560,12.376,551.534,17.9921
ETABS,2188,1553.405,1545,1560,12.376,550.534,17.9921
ETABS,2189,1553.405,1545,1560,12.376,549.534,17.9921
ETABS,2190,1553.405,1545,1560,12.376,548.534,17.9921
ETABS,2191,1552.738,1545,1560,12.251,547.534,17.8716
ETABS,2192,1552.738,1545,1560,12.251,546.534,17.8716
ETABS,2193,1552.738,1545,1560,12.251,545.534,17.8716
ETABS,2194,1552.738,1545,1560,12.251,544.534,17.8716
ETABS,2195,1552.082,1545,1560,12.376,543.534,17.753
ETABS,2196,1552.082,1545,1560,12.376,542.534,17.753
ETABS,2197,1552.082,1545,1560,12.376,541.534,17.753
ETABS,2198,1552.082,1545,1560,12.376,540.534,17.753
ETABS,2199,1551.328,1545,1560,12.125,539.534,17.6169
ETABS,2200,1551.328,1545,1560,12.125,538.533,17.6169
ETABS,2201,1551.328,1545,1560,12.125,537.533,17.6169
ETABS,2202,1551.328,1545,1560,12.125,536.533,17.6169
ETABS,2203,1550.542,1545,1556,11.875,535.533,17.475
ETABS,2204,1550.542,1545,1556,11.875,534.533,17.475
ETABS,2205,1550.542,1545,1556,11.875,533.533,17.475
ETABS,2206,1550.542,1545,1556,11.875,532.533,17.475
ETABS,2207,1549.844,1541,1556,12.251,531.533,17.3489
ETABS,2208,1549.844,1541,1556,12.251,530.533,17.3489
ETABS,2209,1549.844,1541,1556,12.251,529.533,17.3489
ETABS,2210,1549.844,1541,1556,12.251,528.533,17.3489
ETABS,2211,1549.175,1541,1556,12.125,527.533,17.228
ETABS,2212,1549.175,1541,1556,12.125,526.533,17.228
ETABS,2213,1549.175,1541,1556,12.125,525.533,17.228
ETABS,2214,1549.175,1541,1556,12.125,524.533,17.228
ETABS,2215,1548.512,1541,1556,12.259,523.533,17.1081
ETABS,2216,1548.512,1541,1556,12.259,522.533,17.1081
ETABS,2217,1548.512,1541,1556,12.259,521.532,17.1081
ETABS,2218,1548.512,1541,1556,12.259,520.532,17.1081
ETABS,2219,1547.244,1541,1552,10.118,519.532,16.8792
ETABS,2220,1547.244,1541,1552,10.118,518.532,16.8792
ETABS,2221,1547.244,1541,1552,10.118,517.532,16.8792
ETABS,2222,1547.244,1541,1552,10.118,516.532,16.8792
ETABS,2223,1547.674,1541,1552,5.129,515.532,16.9569
ETABS,2224,1547.674,1541,1552,5.129,514.532,16.9569
ETABS,2225,1547.674,1541,1552,5.129,513.532,16.9569
ETABS,2226,1547.674,1541,1552,5.129,512.532,16.9569
ETABS,2263,1539.103,1533,1544,9.992,475.53,15.4086
ETABS,2264,1539.103,1533,1544,9.992,474.53,15.4086
ETABS,2265,1539.103,1533,1544,9.992,473.53,15.4086
ETABS,2266,1539.103,1533,1544,9.992,472.53,15.4086
ETABS,2267,1539.035,1533,1544,10.376,471.529,15.3964
ETABS,2268,1539.035,1533,1544,10.376,470.529,15.3964
ETABS,2269,1539.035,1533,1544,10.376,469.529,15.3964
ETABS,2270,1539.035,1533,1544,10.376,468.529,15.3964
ETABS,2271,1538.5,1537,1540,1.882,467.529,15.2997
ETABS,2272,1538.5,1537,1540,1.882,466.529,15.2997
ETABS,2273,1538.5,1537,1540,1.882,465.529,15.2997
ETABS,2274,1538.5,1537,1540,1.882,464.529,15.2997
ETABS,2307,1529.7,1525,1532,2.51,431.527,13.7102
ETABS,2308,1529.7,1525,1532,2.51,430.527,13.7102
ETABS,2309,1529.7,1525,1532,2.51,429.527,13.7102
ETABS,2310,1529.7,1525,1532,2.51,428.527,13.7102
ETABS,2311,1530.63,1525,1536,11.106,427.527,13.8782
ETABS,2312,1530.63,1525,1536,11.106,426.527,13.8782
ETABS,2313,1530.63,1525,1536,11.106,425.527,13.8782
ETABS,2314,1530.63,1525,1536,11.106,424.527,13.8782
ETABS,2315,1530.474,1525,1536,11.922,423.527,13.8499
ETABS,2316,1530.474,1525,1536,11.922,422.527,13.8499
ETABS,2317,1530.474,1525,1536,11.922,421.526,13.8499
ETABS,2318,1530.474,1525,1536,11.922,420.526,13.8499
ETABS,2319,1529.644,1521,1536,12.675,419.526,13.7
ETABS,2320,1529.644,1521,1536,12.675,418.526,13.7
ETABS,2321,1529.644,1521,1536,12.675,417.526,13.7
ETABS,2322,1529.644,1521,1536,12.675,416.526,13.7
ETABS,2323,1527.42,1521,1532,9.757,415.526,13.2983
ETABS,2324,1527.42,1521,1532,9.757,414.526,13.2983
ETABS,2325,1527.42,1521,1532,9.757,413.526,13.2983
ETABS,2326,1527.42,1521,1532,9.757,412.526,13.2983
ETABS,2327,1527.129,1521,1532,10.369,411.526,13.2458
ETABS,2328,1527.129,1521,1532,10.369,410.526,13.2458
ETABS,2329,1527.129,1521,1532,10.369,409.526,13.2458
ETABS,2330,1527.129,1521,1532,10.369,408.526,13.2458
ETABS,2331,1526.768,1521,1532,11.247,407.526,13.1805
ETABS,2332,1526.768,1521,1532,11.247,406.526,13.1805
ETABS,2333,1526.768,1521,1532,11.247,405.526,13.1805
ETABS,2334,1526.768,1521,1532,11.247,404.525,13.1805
ETABS,2335,1526.537,1521,1532,11.89,403.525,13.1388
ETABS,2336,1526.537,1521,1532,11.89,402.525,13.1388
ETABS,2337,1526.537,1521,1532,11.89,401.525,13.1388
ETABS,2338,1526.537,1521,1532,11.89,400.525,13.1388
ETABS,2339,1526.401,1521,1532,11.71,399.525,13.1142
ETABS,2340,1526.401,1521,1532,11.71,398.525,13.1142
ETABS,2341,1526.401,1521,1532,11.71,397.525,13.1142
ETABS,2342,1526.401,1521,1532,11.71,396.525,13.1142
ETABS,2343,1523.686,1517,1528,9.255,395.525,12.6239
ETABS,2344,1523.686,1517,1528,9.255,394.525,12.6239
ETABS,2345,1523.686,1517,1528,9.255,393.525,12.6239
ETABS,2346,1523.686,1517,1528,9.255,392.525,12.6239
ETABS,2347,1523.42,1517,1528,9.757,391.525,12.5757
ETABS,2348,1523.42,1517,1528,9.757,390.525,12.5757
ETABS,2349,1523.42,1517,1528,9.757,389.525,12.5757
ETABS,2350,1523.42,1517,1528,9.757,388.524,12.5757
ETABS,2351,1523.903,1517,1528,8.675,387.524,12.6631
ETABS,2352,1523.903,1517,1528,8.675,386.524,12.6631
ETABS,2353,1523.903,1517,1528,8.675,385.524,12.6631
ETABS,2354,1523.903,1517,1528,8.675,384.524,12.6631
ETABS,2391,1513.697,1509,1516,3.749,347.522,10.8195
ETABS,2392,1513.697,1509,1516,3.749,346.522,10.8195
ETABS,2393,1513.697,1509,1516,3.749,345.522,10.8195
ETABS,2394,1513.697,1509,1516,3.749,344.522,10.8195
ETABS,2395,1515.051,1509,1520,10.424,343.522,11.0641
ETABS,2396,1515.051,1509,1520,10.424,342.522,11.0641
ETABS,2397,1515.051,1509,1520,10.424,341.522,11.0641
ETABS,2398,1515.051,1509,1520,10.424,340.522,11.0641
ETABS,2399,1513.578,1509,1516,4.902,339.522,10.7981
ETABS,2400,1513.578,1509,1516,4.902,338.521,10.7981
ETABS,2401,1513.578,1509,1516,4.902,337.521,10.7981
ETABS,2402,1513.578,1509,1516,4.902,336.521,10.7981
ETABS,2439,1505.382,1501,1508,5.388,299.519,9.3176
ETABS,2440,1505.382,1501,1508,5.388,298.519,9.3176
ETABS,2441,1505.382,1501,1508,5.388,297.519,9.3176
ETABS,2442,1505.382,1501,1508,5.388,296.519,9.3176
ETABS,2443,1504.599,1501,1508,7.624,295.519,9.1761
ETABS,2444,1504.599,1501,1508,7.624,294.519,9.1761
ETABS,2445,1504.599,1501,1508,7.624,293.519,9.1761
ETABS,2446,1504.599,1501,1508,7.624,292.519,9.1761
ETABS,2447,1504.5,1501,1508,8.0,291.519,9.1582
ETABS,2448,1504.5,1501,1508,8.0,290.519,9.1582
ETABS,2449,1504.5,1501,1508,8.0,289.519,9.1582
ETABS,2450,1504.5,1501,1508,8.0,288.519,9.1582
ETABS,2451,1503.906,1497,1508,8.878,287.518,9.051
ETABS,2452,1503.906,1497,1508,8.878,286.518,9.051
ETABS,2453,1503.906,1497,1508,8.878,285.518,9.051
ETABS,2454,1503.906,1497,1508,8.878,284.518,9.051
ETABS,2455,1503.38,1497,1508,9.31,283.518,8.9558
ETABS,2456,1503.38,1497,1508,9.31,282.518,8.9558
ETABS,2457,1503.38,1497,1508,9.31,281.518,8.9558
ETABS,2458,1503.38,1497,1508,9.31,280.518,8.9558
ETABS,2459,1501.063,1497,1504,6.243,279.518,8.5374
ETABS,2460,1501.063,1497,1504,6.243,278.518,8.5374
ETABS,2461,1501.063,1497,1504,6.243,277.518,8.5374
ETABS,2462,1501.063,1497,1504,6.243,276.518,8.5374
ETABS,2463,1500.747,1497,1504,7.122,275.518,8.4803
ETABS,2464,1500.747,1497,1504,7.122,274.518,8.4803
ETABS,2465,1500.747,1497,1504,7.122,273.518,8.4803
ETABS,2466,1500.747,1497,1504,7.122,272.518,8.4803
ETABS,2467,1500.565,1497,1504,7.749,271.517,8.4474
ETABS,2468,1500.565,1497,1504,7.749,270.517,8.4474
ETABS,2469,1500.565,1497,1504,7.749,269.517,8.4474
ETABS,2470,1500.565,1497,1504,7.749,268.517,8.4474
ETABS,2471,1500.044,1493,1504,8.557,267.517,8.3533
ETABS,2472,1500.044,1493,1504,8.557,266.517,8.3533
ETABS,2473,1500.044,1493,1504,8.557,265.517,8.3533
ETABS,2474,1500.044,1493,1504,8.557,264.517,8.3533
ETABS,2475,1499.497,1493,1504,9.004,263.517,8.2544
ETABS,2476,1499.497,1493,1504,9.004,262.517,8.2544
ETABS,2477,1499.497,1493,1504,9.004,261.517,8.2544
ETABS,2478,1499.497,1493,1504,9.004,260.517,8.2544
ETABS,2479,1497.545,1493,1500,5.255,259.517,7.9019
ETABS,2480,1497.545,1493,1500,5.255,258.517,7.9019
ETABS,2481,1497.545,1493,1500,5.255,257.517,7.9019
ETABS,2482,1497.545,1493,1500,5.255,256.517,7.9019
ETABS,2483,1498.5,1497,1500,2.392,255.517,8.0744
ETABS,2484,1498.5,1497,1500,2.392,254.516,8.0744
ETABS,2485,1498.5,1497,1500,2.392,253.516,8.0744
ETABS,2486,1498.5,1497,1500,2.392,252.516,8.0744
ETABS,2519,1490.5,1489,1492,1.302,219.514,6.6294
ETABS,2520,1490.5,1489,1492,1.302,218.514,6.6294
ETABS,2521,1490.5,1489,1492,1.302,217.514,6.6294
ETABS,2522,1490.5,1489,1492,1.302,216.514,6.6294
ETABS,2523,1489.474,1485,1492,5.38,215.514,6.444
ETABS,2524,1489.474,1485,1492,5.38,214.514,6.444
ETABS,2525,1489.474,1485,1492,5.38,213.514,6.444
ETABS,2526,1489.474,1485,1492,5.38,212.514,6.444
ETABS,2527,1489.279,1485,1492,5.757,211.514,6.4089
ETABS,2528,1489.279,1485,1492,5.757,210.514,6.4089
ETABS,2529,1489.279,1485,1492,5.757,209.514,6.4089
ETABS,2530,1489.279,1485,1492,5.757,208.514,6.4089
ETABS,2571,1478.5,1477,1480,2.369,167.511,4.4618
ETABS,2572,1478.5,1477,1480,2.369,166.511,4.4618
ETABS,2573,1478.5,1477,1480,2.369,165.511,4.4618
ETABS,2574,1478.5,1477,1480,2.369,164.511,4.4618
ETABS,2575,1478.5,1477,1480,3.247,163.511,4.4618
ETABS,2576,1478.5,1477,1480,3.247,162.511,4.4618
ETABS,2577,1478.5,1477,1480,3.247,161.511,4.4618
ETABS,2578,1478.5,1477,1480,3.247,160.511,4.4618
ETABS,2579,1478.5,1477,1480,3.882,159.511,4.4618
ETABS,2580,1478.5,1477,1480,3.882,158.511,4.4618
ETABS,2581,1478.5,1477,1480,3.882,157.511,4.4618
ETABS,2582,1478.5,1477,1480,3.882,156.511,4.4618
ETABS,2583,1477.866,1473,1480,4.753,155.511,4.3473
ETABS,2584,1477.866,1473,1480,4.753,154.51,4.3473
ETABS,2585,1477.866,1473,1480,4.753,153.51,4.3473
ETABS,2586,1477.866,1473,1480,4.753,152.51,4.3473
ETABS,2587,1477.435,1473,1480,5.184,151.51,4.2694
ETABS,2588,1477.435,1473,1480,5.184,150.51,4.2694
ETABS,2589,1477.435,1473,1480,5.184,149.51,4.2694
ETABS,2590,1477.435,1473,1480,5.184,148.51,4.2694
ETABS,2591,1474.5,1473,1476,2.118,147.51,3.7393
ETABS,2592,1474.5,1473,1476,2.118,146.51,3.7393
ETABS,2593,1474.5,1473,1476,2.118,145.51,3.7393
ETABS,2594,1474.5,1473,1476,2.118,144.51,3.7393
ETABS,2595,1474.5,1473,1476,2.871,143.51,3.7393
ETABS,2596,1474.5,1473,1476,2.871,142.51,3.7393
ETABS,2597,1474.5,1473,1476,2.871,141.51,3.7393
ETABS,2598,1474.5,1473,1476,2.871,140.51,3.7393
ETABS,2599,1474.5,1473,1476,3.655,139.51,3.7393
ETABS,2600,1474.5,1473,1476,3.655,138.51,3.7393
ETABS,2601,1474.5,1473,1476,3.655,137.509,3.7393
ETABS,2602,1474.5,1473,1476,3.655,136.509,3.7393
ETABS,2603,1474.5,1473,1476,4.0,135.509,3.7393
ETABS,2604,1474.5,1473,1476,4.0,134.509,3.7393
ETABS,2605,1474.5,1473,1476,4.0,133.509,3.7393
ETABS,2606,1474.5,1473,1476,4.0,132.509,3.7393
ETABS,2607,1473.729,1469,1476,4.557,131.509,3.6
ETABS,2608,1473.729,1469,1476,4.557,130.509,3.6
ETABS,2609,1473.729,1469,1476,4.557,129.509,3.6
ETABS,2610,1473.729,1469,1476,4.557,128.509,3.6
ETABS,2611,1474.5,1473,1476,3.671,127.509,3.7393
ETABS,2612,1474.5,1473,1476,3.671,126.509,3.7393
ETABS,2613,1474.5,1473,1476,3.671,125.509,3.7393
ETABS,2614,1474.5,1473,1476,3.671,124.509,3.7393
ETABS,2655,1462.5,1461,1464,1.302,83.506,1.5717
ETABS,2656,1462.5,1461,1464,1.302,82.506,1.5717
ETABS,2657,1462.5,1461,1464,1.302,81.506,1.5717
ETABS,2658,1462.5,1461,1464,1.302,80.506,1.5717
ABS_ABC,1747,1664.387,1661,1668,4.449,991.561,38.039
ABS_ABC,1748,1664.387,1661,1668,4.449,990.561,38.039
ABS_ABC,1749,1664.387,1661,1668,4.449,989.561,38.039
ABS_ABC,1750,1664.387,1661,1668,4.449,988.56,38.039
ABS_ABC,1751,1663.708,1657,1672,11.22,987.56,37.9163
ABS_ABC,1752,1663.708,1657,1672,11.22,986.56,37.9163
ABS_ABC,1753,1663.708,1657,1672,11.22,985.56,37.9163
ABS_ABC,1754,1663.708,1657,1672,11.22,984.56,37.9163
ABS_ABC,1755,1663.279,1657,1672,12.227,983.56,37.8388
ABS_ABC,1756,1663.279,1657,1672,12.227,982.56,37.8388
ABS_ABC,1757,1663.279,1657,1672,12.227,981.56,37.8388
ABS_ABC,1758,1663.279,1657,1672,12.227,980.56,37.8388
ABS_ABC,1759,1662.453,1657,1668,11.862,979.56,37.6897
ABS_ABC,1760,1662.453,1657,1668,11.862,978.56,37.6897
ABS_ABC,1761,1662.453,1657,1668,11.862,977.56,37.6897
ABS_ABC,1762,1662.453,1657,1668,11.862,976.56,37.6897
ABS_ABC,1763,1661.53,1653,1668,12.366,975.56,37.523
ABS_ABC,1764,1661.53,1653,1668,12.366,974.56,37.523
ABS_ABC,1765,1661.53,1653,1668,12.366,973.56,37.523
ABS_ABC,1766,1661.53,1653,1668,12.366,972.56,37.523
ABS_ABC,1767,1660.609,1653,1668,12.252,971.559,37.3565
ABS_ABC,1768,1660.609,1653,1668,12.252,970.559,37.3565
ABS_ABC,1769,1660.609,1653,1668,12.252,969.559,37.3565
ABS_ABC,1770,1660.609,1653,1668,12.252,968.559,37.3565
ABS_ABC,1771,1659.898,1653,1668,12.252,967.559,37.2281
ABS_ABC,1772,1659.898,1653,1668,12.252,966.559,37.2281
ABS_ABC,1773,1659.898,1653,1668,12.252,965.559,37.2281
ABS_ABC,1774,1659.898,1653,1668,12.252,964.559,37.2281
ABS_ABC,1775,1658.981,1653,1668,12.366,963.559,37.0625
ABS_ABC,1776,1658.981,1653,1668,12.366,962.559,37.0625
ABS_ABC,1777,1658.981,1653,1668,12.366,961.559,37.0625
ABS_ABC,1778,1658.981,1653,1668,12.366,960.559,37.0625
ABS_ABC,1779,1658.089,1649,1664,12.252,959.559,36.9014
ABS_ABC,1780,1658.089,1649,1664,12.252,958.559,36.9014
ABS_ABC,1781,1658.089,1649,1664,12.252,957.559,36.9014
ABS_ABC,1782,1658.089,1649,1664,12.252,956.559,36.9014
ABS_ABC,1783,1657.227,1649,1664,12.227,955.558,36.7457
ABS_ABC,1784,1657.227,1649,1664,12.227,954.558,36.7457
ABS_ABC,1785,1657.227,1649,1664,12.227,953.558,36.7457
ABS_ABC,1786,1657.227,1649,1664,12.227,952.558,36.7457
ABS_ABC,1787,1656.391,1649,1664,12.252,951.558,36.5947
ABS_ABC,1788,1656.391,1649,1664,12.252,950.558,36.5947
ABS_ABC,1789,1656.391,1649,1664,12.252,949.558,36.5947
ABS_ABC,1790,1656.391,1649,1664,12.252,948.558,36.5947
ABS_ABC,1791,1655.604,1649,1664,12.366,947.558,36.4525
ABS_ABC,1792,1655.604,1649,1664,12.366,946.558,36.4525
ABS_ABC,1793,1655.604,1649,1664,12.366,945.558,36.4525
ABS_ABC,1794,1655.604,1649,1664,12.366,944.558,36.4525
ABS_ABC,1795,1654.547,1649,1660,11.862,943.558,36.2615
ABS_ABC,1796,1654.547,1649,1660,11.862,942.558,36.2615
ABS_ABC,1797,1654.547,1649,1660,11.862,941.558,36.2615
ABS_ABC,1798,1654.547,1649,1660,11.862,940.558,36.2615
ABS_ABC,1799,1653.842,1645,1660,12.252,939.558,36.1343
ABS_ABC,1800,1653.842,1645,1660,12.252,938.557,36.1343
ABS_ABC,1801,1653.842,1645,1660,12.252,937.557,36.1343
ABS_ABC,1802,1653.842,1645,1660,12.252,936.557,36.1343
ABS_ABC,1803,1652.907,1645,1660,12.366,935.557,35.9654
ABS_ABC,1804,1652.907,1645,1660,12.366,934.557,35.9654
ABS_ABC,1805,1652.907,1645,1660,12.366,933.557,35.9654
ABS_ABC,1806,1652.907,1645,1660,12.366,932.557,35.9654
ABS_ABC,1807,1652.145,1645,1660,12.252,931.557,35.8276
ABS_ABC,1808,1652.145,1645,1660,12.252,930.557,35.8276
ABS_ABC,1809,1652.145,1645,1660,12.252,929.557,35.8276
ABS_ABC,1810,1652.145,1645,1660,12.252,928.557,35.8276
ABS_ABC,1811,1651.279,1645,1660,12.227,927.557,35.6712
ABS_ABC,1812,1651.279,1645,1660,12.227,926.557,35.6712
ABS_ABC,1813,1651.279,1645,1660,12.227,925.557,35.6712
ABS_ABC,1814,1651.279,1645,1660,12.227,924.557,35.6712
ABS_ABC,1815,1650.5,1645,1656,12.0,923.557,35.5306
ABS_ABC,1816,1650.5,1645,1656,12.0,922.557,35.5306
ABS_ABC,1817,1650.5,1645,1656,12.0,921.556,35.5306
ABS_ABC,1818,1650.5,1645,1656,12.0,920.556,35.5306
ABS_ABC,1819,1649.596,1641,1656,12.252,919.556,35.3672
ABS_ABC,1820,1649.596,1641,1656,12.252,918.556,35.3672
ABS_ABC,1821,1649.596,1641,1656,12.252,917.556,35.3672
ABS_ABC,1822,1649.596,1641,1656,12.252,916.556,35.3672
ABS_ABC,1823,1648.733,1641,1656,12.227,915.556,35.2113
ABS_ABC,1824,1648.733,1641,1656,12.227,914.556,35.2113
ABS_ABC,1825,1648.733,1641,1656,12.227,913.556,35.2113
ABS_ABC,1826,1648.733,1641,1656,12.227,912.556,35.2113
ABS_ABC,1827,1647.898,1641,1656,12.252,911.556,35.0605
ABS_ABC,1828,1647.898,1641,1656,12.252,910.556,35.0605
ABS_ABC,1829,1647.898,1641,1656,12.252,909.556,35.0605
ABS_ABC,1830,1647.898,1641,1656,12.252,908.556,35.0605
ABS_ABC,1831,1647.115,1641,1656,12.366,907.556,34.9191
ABS_ABC,1832,1647.115,1641,1656,12.366,906.556,34.9191
ABS_ABC,1833,1647.115,1641,1656,12.366,905.555,34.9191
ABS_ABC,1834,1647.115,1641,1656,12.366,904.555,34.9191
ABS_ABC,1835,1646.541,1641,1652,11.106,903.555,34.8154
ABS_ABC,1836,1646.541,1641,1652,11.106,902.555,34.8154
ABS_ABC,1837,1646.541,1641,1652,11.106,901.555,34.8154
ABS_ABC,1838,1646.541,1641,1652,11.106,900.555,34.8154
ABS_ABC,1839,1646.5,1641,1652,4.869,899.555,34.808
ABS_ABC,1840,1646.5,1641,1652,4.869,898.555,34.808
ABS_ABC,1841,1646.5,1641,1652,4.869,897.555,34.808
ABS_ABC,1842,1646.5,1641,1652,4.869,896.555,34.808
ABS_ABC,1879,1636.356,1629,1644,10.494,859.553,32.9757
ABS_ABC,1880,1636.356,1629,1644,10.494,858.553,32.9757
ABS_ABC,1881,1636.356,1629,1644,10.494,857.553,32.9757
ABS_ABC,1882,1636.356,1629,1644,10.494,856.553,32.9757
ABS_ABC,1883,1635.898,1629,1644,12.252,855.553,32.8929
ABS_ABC,1884,1635.898,1629,1644,12.252,854.552,32.8929
ABS_ABC,1885,1635.898,1629,1644,12.252,853.552,32.8929
ABS_ABC,1886,1635.898,1629,1644,12.252,852.552,32.8929
ABS_ABC,1887,1635.158,1629,1644,12.252,851.552,32.7593
ABS_ABC,1888,1635.158,1629,1644,12.252,850.552,32.7593
ABS_ABC,1889,1635.158,1629,1644,12.252,849.552,32.7593
ABS_ABC,1890,1635.158,1629,1644,12.252,848.552,32.7593
ABS_ABC,1891,1634.453,1629,1640,11.862,847.552,32.632
ABS_ABC,1892,1634.453,1629,1640,11.862,846.552,32.632
ABS_ABC,1893,1634.453,1629,1640,11.862,845.552,32.632
ABS_ABC,1894,1634.453,1629,1640,11.862,844.552,32.632
ABS_ABC,1895,1633.349,1625,1640,12.252,843.552,32.4325
ABS_ABC,1896,1633.349,1625,1640,12.252,842.552,32.4325
ABS_ABC,1897,1633.349,1625,1640,12.252,841.552,32.4325
ABS_ABC,1898,1633.349,1625,1640,12.252,840.552,32.4325
ABS_ABC,1899,1632.567,1625,1640,12.336,839.552,32.2913
ABS_ABC,1900,1632.567,1625,1640,12.336,838.551,32.2913
ABS_ABC,1901,1632.567,1625,1640,12.336,837.551,32.2913
ABS_ABC,1902,1632.567,1625,1640,12.336,836.551,32.2913
ABS_ABC,1903,1631.651,1625,1640,12.252,835.551,32.1259
ABS_ABC,1904,1631.651,1625,1640,12.252,834.551,32.1259
ABS_ABC,1905,1631.651,1625,1640,12.252,833.551,32.1259
ABS_ABC,1906,1631.651,1625,1640,12.252,832.551,32.1259
ABS_ABC,1907,1630.911,1625,1640,12.252,831.551,31.9922
ABS_ABC,1908,1630.911,1625,1640,12.252,830.551,31.9922
ABS_ABC,1909,1630.911,1625,1640,12.252,829.551,31.9922
ABS_ABC,1910,1630.911,1625,1640,12.252,828.551,31.9922
ABS_ABC,1911,1629.885,1621,1636,12.366,827.551,31.8068
ABS_ABC,1912,1629.885,1621,1636,12.366,826.551,31.8068
ABS_ABC,1913,1629.885,1621,1636,12.366,825.551,31.8068
ABS_ABC,1914,1629.885,1621,1636,12.366,824.551,31.8068
ABS_ABC,1915,1629.102,1621,1636,12.252,823.551,31.6654
ABS_ABC,1916,1629.102,1621,1636,12.252,822.551,31.6654
ABS_ABC,1917,1629.102,1621,1636,12.252,821.55,31.6654
ABS_ABC,1918,1629.102,1621,1636,12.252,820.55,31.6654
ABS_ABC,1919,1628.322,1621,1636,12.114,819.55,31.5244
ABS_ABC,1920,1628.322,1621,1636,12.114,818.55,31.5244
ABS_ABC,1921,1628.322,1621,1636,12.114,817.55,31.5244
ABS_ABC,1922,1628.322,1621,1636,12.114,816.55,31.5244
ABS_ABC,1923,1627.47,1621,1636,12.366,815.55,31.3706
ABS_ABC,1924,1627.47,1621,1636,12.366,814.55,31.3706
ABS_ABC,1925,1627.47,1621,1636,12.366,813.55,31.3706
ABS_ABC,1926,1627.47,1621,1636,12.366,812.55,31.3706
ABS_ABC,1927,1626.547,1621,1632,11.862,811.55,31.2038
ABS_ABC,1928,1626.547,1621,1632,11.862,810.55,31.2038
ABS_ABC,1929,1626.547,1621,1632,11.862,809.55,31.2038
ABS_ABC,1930,1626.547,1621,1632,11.862,808.55,31.2038
ABS_ABC,1931,1625.721,1617,1632,12.227,807.55,31.0547
ABS_ABC,1932,1625.721,1617,1632,12.227,806.55,31.0547
ABS_ABC,1933,1625.721,1617,1632,12.227,805.55,31.0547
ABS_ABC,1934,1625.721,1617,1632,12.227,804.549,31.0547
ABS_ABC,1935,1626.098,1621,1632,10.905,803.549,31.1228
ABS_ABC,1936,1626.098,1621,1632,10.905,802.549,31.1228
ABS_ABC,1937,1626.098,1621,1632,10.905,801.549,31.1228
ABS_ABC,1938,1626.098,1621,1632,10.905,800.549,31.1228
ABS_ABC,1939,1622.868,1617,1628,10.989,799.549,30.5393
ABS_ABC,1940,1622.868,1617,1628,10.989,798.549,30.5393
ABS_ABC,1941,1622.868,1617,1628,10.989,797.549,30.5393
ABS_ABC,1942,1622.868,1617,1628,10.989,796.549,30.5393
ABS_ABC,1943,1623.158,1617,1632,12.252,795.549,30.5917
ABS_ABC,1944,1623.158,1617,1632,12.252,794.549,30.5917
ABS_ABC,1945,1623.158,1617,1632,12.252,793.549,30.5917
ABS_ABC,1946,1623.158,1617,1632,12.252,792.549,30.5917
ABS_ABC,1947,1622.453,1617,1628,11.862,791.549,30.4644
ABS_ABC,1948,1622.453,1617,1628,11.862,790.549,30.4644
ABS_ABC,1949,1622.453,1617,1628,11.862,789.549,30.4644
ABS_ABC,1950,1622.453,1617,1628,11.862,788.548,30.4644
ABS_ABC,1951,1621.396,1613,1628,12.366,787.548,30.2735
ABS_ABC,1952,1621.396,1613,1628,12.366,786.548,30.2735
ABS_ABC,1953,1621.396,1613,1628,12.366,785.548,30.2735
ABS_ABC,1954,1621.396,1613,1628,12.366,784.548,30.2735
ABS_ABC,1955,1620.609,1613,1628,12.252,783.548,30.1312
ABS_ABC,1956,1620.609,1613,1628,12.252,782.548,30.1312
ABS_ABC,1957,1620.609,1613,1628,12.252,781.548,30.1312
ABS_ABC,1958,1620.609,1613,1628,12.252,780.548,30.1312
ABS_ABC,1959,1619.773,1613,1628,12.227,779.548,29.9803
ABS_ABC,1960,1619.773,1613,1628,12.227,778.548,29.9803
ABS_ABC,1961,1619.773,1613,1628,12.227,777.548,29.9803
ABS_ABC,1962,1619.773,1613,1628,12.227,776.548,29.9803
ABS_ABC,1963,1619.056,1613,1628,11.862,775.548,29.8508
ABS_ABC,1964,1619.056,1613,1628,11.862,774.548,29.8508
ABS_ABC,1965,1619.056,1613,1628,11.862,773.548,29.8508
ABS_ABC,1966,1619.056,1613,1628,11.862,772.548,29.8508
ABS_ABC,1967,1618.611,1613,1624,7.976,771.547,29.7705
ABS_ABC,1968,1618.611,1613,1624,7.976,770.547,29.7705
ABS_ABC,1969,1618.611,1613,1624,7.976,769.547,29.7705
ABS_ABC,1970,1618.611,1613,1624,7.976,768.547,29.7705
ABS_ABC,2007,1609.123,1605,1616,8.366,731.545,28.0566
ABS_ABC,2008,1609.123,1605,1616,8.366,730.545,28.0566
ABS_ABC,2009,1609.123,1605,1616,8.366,729.545,28.0566
ABS_ABC,2010,1609.123,1605,1616,8.366,728.545,28.0566
ABS_ABC,2011,1608.57,1601,1616,11.892,727.545,27.9566
ABS_ABC,2012,1608.57,1601,1616,11.892,726.545,27.9566
ABS_ABC,2013,1608.57,1601,1616,11.892,725.545,27.9566
ABS_ABC,2014,1608.57,1601,1616,11.892,724.545,27.9566
ABS_ABC,2015,1608.016,1601,1616,12.475,723.545,27.8566
ABS_ABC,2016,1608.016,1601,1616,12.475,722.545,27.8566
ABS_ABC,2017,1608.016,1601,1616,12.475,721.544,27.8566
ABS_ABC,2018,1608.016,1601,1616,12.475,720.544,27.8566
ABS_ABC,2019,1606.634,1601,1612,11.61,719.544,27.607
ABS_ABC,2020,1606.634,1601,1612,11.61,718.544,27.607
ABS_ABC,2021,1606.634,1601,1612,11.61,717.544,27.607
ABS_ABC,2022,1606.634,1601,1612,11.61,716.544,27.607
ABS_ABC,2023,1606.089,1597,1612,12.252,715.544,27.5085
ABS_ABC,2024,1606.089,1597,1612,12.252,714.544,27.5085
ABS_ABC,2025,1606.089,1597,1612,12.252,713.544,27.5085
ABS_ABC,2026,1606.089,1597,1612,12.252,712.544,27.5085
ABS_ABC,2027,1605.417,1597,1612,12.416,711.544,27.3871
ABS_ABC,2028,1605.417,1597,1612,12.416,710.544,27.3871
ABS_ABC,2029,1605.417,1597,1612,12.416,709.544,27.3871
ABS_ABC,2030,1605.417,1597,1612,12.416,708.544,27.3871
ABS_ABC,2031,1603.189,1597,1608,10.237,707.544,26.9846
ABS_ABC,2032,1603.189,1597,1608,10.237,706.544,26.9846
ABS_ABC,2033,1603.189,1597,1608,10.237,705.544,26.9846
ABS_ABC,2034,1603.189,1597,1608,10.237,704.543,26.9846
ABS_ABC,2035,1602.867,1597,1608,10.993,703.543,26.9264
ABS_ABC,2036,1602.867,1597,1608,10.993,702.543,26.9264
ABS_ABC,2037,1602.867,1597,1608,10.993,701.543,26.9264
ABS_ABC,2038,1602.867,1597,1608,10.993,700.543,26.9264
ABS_ABC,2039,1602.547,1597,1608,11.862,699.543,26.8686
ABS_ABC,2040,1602.547,1597,1608,11.862,698.543,26.8686
ABS_ABC,2041,1602.547,1597,1608,11.862,697.543,26.8686
ABS_ABC,2042,1602.547,1597,1608,11.862,696.543,26.8686
ABS_ABC,2043,1599.982,1593,1604,8.756,695.543,26.4054
ABS_ABC,2044,1599.982,1593,1604,8.756,694.543,26.4054
ABS_ABC,2045,1599.982,1593,1604,8.756,693.543,26.4054
ABS_ABC,2046,1599.982,1593,1604,8.756,692.543,26.4054
ABS_ABC,2047,1599.487,1593,1604,9.625,691.543,26.316
ABS_ABC,2048,1599.487,1593,1604,9.625,690.543,26.316
ABS_ABC,2049,1599.487,1593,1604,9.625,689.543,26.316
ABS_ABC,2050,1599.487,1593,1604,9.625,688.542,26.316
ABS_ABC,2051,1599.076,1593,1604,10.489,687.542,26.2418
ABS_ABC,2052,1599.076,1593,1604,10.489,686.542,26.2418
ABS_ABC,2053,1599.076,1593,1604,10.489,685.542,26.2418
ABS_ABC,2054,1599.076,1593,1604,10.489,684.542,26.2418
ABS_ABC,2055,1598.769,1593,1604,11.244,683.542,26.1862
ABS_ABC,2056,1598.769,1593,1604,11.244,682.542,26.1862
ABS_ABC,2057,1598.769,1593,1604,11.244,681.542,26.1862
ABS_ABC,2058,1598.769,1593,1604,11.244,680.542,26.1862
ABS_ABC,2059,1598.5,1593,1604,12.0,679.542,26.1377
ABS_ABC,2060,1598.5,1593,1604,12.0,678.542,26.1377
ABS_ABC,2061,1598.5,1593,1604,12.0,677.542,26.1377
ABS_ABC,2062,1598.5,1593,1604,12.0,676.542,26.1377
ABS_ABC,2063,1595.829,1589,1600,9.007,675.542,25.6552
ABS_ABC,2064,1595.829,1589,1600,9.007,674.542,25.6552
ABS_ABC,2065,1595.829,1589,1600,9.007,673.542,25.6552
ABS_ABC,2066,1595.829,1589,1600,9.007,672.542,25.6552
ABS_ABC,2067,1595.36,1589,1600,9.877,671.541,25.5705
ABS_ABC,2068,1595.36,1589,1600,9.877,670.541,25.5705
ABS_ABC,2069,1595.36,1589,1600,9.877,669.541,25.5705
ABS_ABC,2070,1595.36,1589,1600,9.877,668.541,25.5705
ABS_ABC,2071,1594.969,1589,1600,10.741,667.541,25.4999
ABS_ABC,2072,1594.969,1589,1600,10.741,666.541,25.4999
ABS_ABC,2073,1594.969,1589,1600,10.741,665.541,25.4999
ABS_ABC,2074,1594.969,1589,1600,10.741,664.541,25.4999
ABS_ABC,2075,1594.634,1589,1600,11.61,663.541,25.4394
ABS_ABC,2076,1594.634,1589,1600,11.61,662.541,25.4394
ABS_ABC,2077,1594.634,1589,1600,11.61,661.541,25.4394
ABS_ABC,2078,1594.634,1589,1600,11.61,660.541,25.4394
ABS_ABC,2079,1594.175,1585,1600,12.497,659.541,25.3565
ABS_ABC,2080,1594.175,1585,1600,12.497,658.541,25.3565
ABS_ABC,2081,1594.175,1585,1600,12.497,657.541,25.3565
ABS_ABC,2082,1594.175,1585,1600,12.497,656.541,25.3565
ABS_ABC,2083,1591.684,1585,1596,9.259,655.541,24.9065
ABS_ABC,2084,1591.684,1585,1596,9.259,654.54,24.9065
ABS_ABC,2085,1591.684,1585,1596,9.259,653.54,24.9065
ABS_ABC,2086,1591.684,1585,1596,9.259,652.54,24.9065
ABS_ABC,2087,1591.189,1585,1596,10.237,651.54,24.8171
ABS_ABC,2088,1591.189,1585,1596,10.237,650.54,24.8171
ABS_ABC,2089,1591.189,1585,1596,10.237,649.54,24.8171
ABS_ABC,2090,1591.189,1585,1596,10.237,648.54,24.8171
ABS_ABC,2091,1590.969,1585,1596,10.741,647.54,24.7773
ABS_ABC,2092,1590.969,1585,1596,10.741,646.54,24.7773
ABS_ABC,2093,1590.969,1585,1596,10.741,645.54,24.7773
ABS_ABC,2094,1590.969,1585,1596,10.741,644.54,24.7773
ABS_ABC,2095,1589.276,1585,1592,5.763,643.54,24.4716
ABS_ABC,2096,1589.276,1585,1592,5.763,642.54,24.4716
ABS_ABC,2097,1589.276,1585,1592,5.763,641.54,24.4716
ABS_ABC,2098,1589.276,1585,1592,5.763,640.54,24.4716
ABS_ABC,2139,1580.5,1577,1584,8.0,599.537,22.8863
ABS_ABC,2140,1580.5,1577,1584,8.0,598.537,22.8863
ABS_ABC,2141,1580.5,1577,1584,8.0,597.537,22.8863
ABS_ABC,2142,1580.5,1577,1584,8.0,596.537,22.8863
ABS_ABC,2143,1579.154,1573,1584,10.314,595.537,22.6431
ABS_ABC,2144,1579.154,1573,1584,10.314,594.537,22.6431
ABS_ABC,2145,1579.154,1573,1584,10.314,593.537,22.6431
ABS_ABC,2146,1579.154,1573,1584,10.314,592.537,22.6431
ABS_ABC,2147,1580.5,1577,1584,8.0,591.537,22.8863
ABS_ABC,2148,1580.5,1577,1584,8.0,590.537,22.8863
ABS_ABC,2149,1580.5,1577,1584,8.0,589.537,22.8863
ABS_ABC,2150,1580.5,1577,1584,8.0,588.536,22.8863
ABS_ABC,2151,1578.533,1573,1584,11.901,587.536,22.531
ABS_ABC,2152,1578.533,1573,1584,11.901,586.536,22.531
ABS_ABC,2153,1578.533,1573,1584,11.901,585.536,22.531
ABS_ABC,2154,1578.533,1573,1584,11.901,584.536,22.531
ABS_ABC,2155,1575.982,1569,1580,8.756,583.536,22.0702
ABS_ABC,2156,1575.982,1569,1580,8.756,582.536,22.0702
ABS_ABC,2157,1575.982,1569,1580,8.756,581.536,22.0702
ABS_ABC,2158,1575.982,1569,1580,8.756,580.536,22.0702
ABS_ABC,2159,1576.5,1573,1580,8.0,579.536,22.1638
ABS_ABC,2160,1576.5,1573,1580,8.0,578.536,22.1638
ABS_ABC,2161,1576.5,1573,1580,8.0,577.536,22.1638
ABS_ABC,2162,1576.5,1573,1580,8.0,576.536,22.1638
ABS_ABC,2163,1576.5,1573,1580,8.0,575.536,22.1638
ABS_ABC,2164,1576.5,1573,1580,8.0,574.536,22.1638
ABS_ABC,2165,1576.5,1573,1580,8.0,573.536,22.1638
ABS_ABC,2166,1576.5,1573,1580,8.0,572.536,22.1638
ABS_ABC,2167,1576.5,1573,1580,8.0,571.535,22.1638
ABS_ABC,2168,1576.5,1573,1580,8.0,570.535,22.1638
ABS_ABC,2169,1576.5,1573,1580,8.0,569.535,22.1638
ABS_ABC,2170,1576.5,1573,1580,8.0,568.535,22.1638
ABS_ABC,2171,1574.195,1565,1580,12.475,567.535,21.7475
ABS_ABC,2172,1574.195,1565,1580,12.475,566.535,21.7475
ABS_ABC,2173,1574.195,1565,1580,12.475,565.535,21.7475
ABS_ABC,2174,1574.195,1565,1580,12.475,564.535,21.7475
ABS_ABC,2175,1572.5,1569,1576,8.0,563.535,21.4412
ABS_ABC,2176,1572.5,1569,1576,8.0,562.535,21.4412
ABS_ABC,2177,1572.5,1569,1576,8.0,561.535,21.4412
ABS_ABC,2178,1572.5,1569,1576,8.0,560.535,21.4412
ABS_ABC,2179,1572.5,1569,1576,8.0,559.535,21.4412
ABS_ABC,2180,1572.5,1569,1576,8.0,558.535,21.4412
ABS_ABC,2181,1572.5,1569,1576,8.0,557.535,21.4412
ABS_ABC,2182,1572.5,1569,1576,8.0,556.535,21.4412
ABS_ABC,2183,1572.5,1569,1576,8.0,555.535,21.4412
ABS_ABC,2184,1572.5,1569,1576,8.0,554.534,21.4412
ABS_ABC,2185,1572.5,1569,1576,8.0,553.534,21.4412
ABS_ABC,2186,1572.5,1569,1576,8.0,552.534,21.4412
ABS_ABC,2187,1573.018,1569,1580,8.756,551.534,21.5348
ABS_ABC,2188,1573.018,1569,1580,8.756,550.534,21.5348
ABS_ABC,2189,1573.018,1569,1580,8.756,549.534,21.5348
ABS_ABC,2190,1573.018,1569,1580,8.756,548.534,21.5348
ABS_ABC,2191,1570.467,1565,1576,11.901,547.534,21.074
ABS_ABC,2192,1570.467,1565,1576,11.901,546.534,21.074
ABS_ABC,2193,1570.467,1565,1576,11.901,545.534,21.074
ABS_ABC,2194,1570.467,1565,1576,11.901,544.534,21.074
ABS_ABC,2195,1568.5,1565,1572,8.0,543.534,20.7187
ABS_ABC,2196,1568.5,1565,1572,8.0,542.534,20.7187
ABS_ABC,2197,1568.5,1565,1572,8.0,541.534,20.7187
ABS_ABC,2198,1568.5,1565,1572,8.0,540.534,20.7187
ABS_ABC,2199,1569.846,1565,1576,10.314,539.534,20.9619
ABS_ABC,2200,1569.846,1565,1576,10.314,538.533,20.9619
ABS_ABC,2201,1569.846,1565,1576,10.314,537.533,20.9619
ABS_ABC,2202,1569.846,1565,1576,10.314,536.533,20.9619
ABS_ABC,2203,1569.316,1565,1576,9.259,535.533,20.8661
ABS_ABC,2204,1569.316,1565,1576,9.259,534.533,20.8661
ABS_ABC,2205,1569.316,1565,1576,9.259,533.533,20.8661
ABS_ABC,2206,1569.316,1565,1576,9.259,532.533,20.8661
ABS_ABC,2207,1566.508,1561,1572,11.976,531.533,20.3589
ABS_ABC,2208,1566.508,1561,1572,11.976,530.533,20.3589
ABS_ABC,2209,1566.508,1561,1572,11.976,529.533,20.3589
ABS_ABC,2210,1566.508,1561,1572,11.976,528.533,20.3589
ABS_ABC,2211,1566.38,1561,1572,11.649,527.533,20.3357
ABS_ABC,2212,1566.38,1561,1572,11.649,526.533,20.3357
ABS_ABC,2213,1566.38,1561,1572,11.649,525.533,20.3357
ABS_ABC,2214,1566.38,1561,1572,11.649,524.533,20.3357
ABS_ABC,2215,1566.078,1561,1572,10.855,523.533,20.2812
ABS_ABC,2216,1566.078,1561,1572,10.855,522.533,20.2812
ABS_ABC,2217,1566.078,1561,1572,10.855,521.532,20.2812
ABS_ABC,2218,1566.078,1561,1572,10.855,520.532,20.2812
ABS_ABC,2219,1565.583,1561,1572,9.763,519.532,20.1919
ABS_ABC,2220,1565.583,1561,1572,9.763,518.532,20.1919
ABS_ABC,2221,1565.583,1561,1572,9.763,517.532,20.1919
ABS_ABC,2222,1565.583,1561,1572,9.763,516.532,20.1919
ABS_ABC,2223,1565.018,1561,1572,8.756,515.532,20.0897
ABS_ABC,2224,1565.018,1561,1572,8.756,514.532,20.0897
ABS_ABC,2225,1565.018,1561,1572,8.756,513.532,20.0897
ABS_ABC,2226,1565.018,1561,1572,8.756,512.532,20.0897
ABS_ABC,2267,1553.973,1549,1560,10.603,471.529,18.0946
ABS_ABC,2268,1553.973,1549,1560,10.603,470.529,18.0946
ABS_ABC,2269,1553.973,1549,1560,10.603,469.529,18.0946
ABS_ABC,2270,1553.973,1549,1560,10.603,468.529,18.0946
ABS_ABC,2271,1554.031,1549,1560,10.741,467.529,18.1051
ABS_ABC,2272,1554.031,1549,1560,10.741,466.529,18.1051
ABS_ABC,2273,1554.031,1549,1560,10.741,465.529,18.1051
ABS_ABC,2274,1554.031,1549,1560,10.741,464.529,18.1051
ABS_ABC,2275,1553.583,1549,1560,9.763,463.529,18.0243
ABS_ABC,2276,1553.583,1549,1560,9.763,462.529,18.0243
ABS_ABC,2277,1553.583,1549,1560,9.763,461.529,18.0243
ABS_ABC,2278,1553.583,1549,1560,9.763,460.529,18.0243
ABS_ABC,2279,1553.088,1549,1560,8.869,459.529,17.9348
ABS_ABC,2280,1553.088,1549,1560,8.869,458.529,17.9348
ABS_ABC,2281,1553.088,1549,1560,8.869,457.529,17.9348
ABS_ABC,2282,1553.088,1549,1560,8.869,456.529,17.9348
ABS_ABC,2283,1550.5,1545,1556,12.0,455.529,17.4673
ABS_ABC,2284,1550.5,1545,1556,12.0,454.528,17.4673
ABS_ABC,2285,1550.5,1545,1556,12.0,453.528,17.4673
ABS_ABC,2286,1550.5,1545,1556,12.0,452.528,17.4673
ABS_ABC,2287,1550.231,1545,1556,11.244,451.528,17.4188
ABS_ABC,2288,1550.231,1545,1556,11.244,450.528,17.4188
ABS_ABC,2289,1550.231,1545,1556,11.244,449.528,17.4188
ABS_ABC,2290,1550.231,1545,1556,11.244,448.528,17.4188
ABS_ABC,2291,1549.863,1545,1556,10.351,447.528,17.3522
ABS_ABC,2292,1549.863,1545,1556,10.351,446.528,17.3522
ABS_ABC,2293,1549.863,1545,1556,10.351,445.528,17.3522
ABS_ABC,2294,1549.863,1545,1556,10.351,444.528,17.3522
ABS_ABC,2295,1549.453,1545,1556,9.511,443.528,17.2783
ABS_ABC,2296,1549.453,1545,1556,9.511,442.528,17.2783
ABS_ABC,2297,1549.453,1545,1556,9.511,441.528,17.2783
ABS_ABC,2298,1549.453,1545,1556,9.511,440.528,17.2783
ABS_ABC,2299,1549.018,1545,1556,8.756,439.528,17.1996
ABS_ABC,2300,1549.018,1545,1556,8.756,438.527,17.1996
ABS_ABC,2301,1549.018,1545,1556,8.756,437.527,17.1996
ABS_ABC,2302,1549.018,1545,1556,8.756,436.527,17.1996
ABS_ABC,2303,1546.414,1541,1552,11.748,435.527,16.7293
ABS_ABC,2304,1546.414,1541,1552,11.748,434.527,16.7293
ABS_ABC,2305,1546.414,1541,1552,11.748,433.527,16.7293
ABS_ABC,2306,1546.414,1541,1552,11.748,432.527,16.7293
ABS_ABC,2307,1546.133,1541,1552,10.993,431.527,16.6786
ABS_ABC,2308,1546.133,1541,1552,10.993,430.527,16.6786
ABS_ABC,2309,1546.133,1541,1552,10.993,429.527,16.6786
ABS_ABC,2310,1546.133,1541,1552,10.993,428.527,16.6786
ABS_ABC,2311,1545.747,1541,1552,10.099,427.527,16.6088
ABS_ABC,2312,1545.747,1541,1552,10.099,426.527,16.6088
ABS_ABC,2313,1545.747,1541,1552,10.099,425.527,16.6088
ABS_ABC,2314,1545.747,1541,1552,10.099,424.527,16.6088
ABS_ABC,2315,1545.316,1541,1552,9.259,423.527,16.5309
ABS_ABC,2316,1545.316,1541,1552,9.259,422.527,16.5309
ABS_ABC,2317,1545.316,1541,1552,9.259,421.526,16.5309
ABS_ABC,2318,1545.316,1541,1552,9.259,420.526,16.5309
ABS_ABC,2319,1542.825,1537,1552,12.497,419.526,16.0809
ABS_ABC,2320,1542.825,1537,1552,12.497,418.526,16.0809
ABS_ABC,2321,1542.825,1537,1552,12.497,417.526,16.0809
ABS_ABC,2322,1542.825,1537,1552,12.497,416.526,16.0809
ABS_ABC,2323,1542.366,1537,1548,11.61,415.526,15.998
ABS_ABC,2324,1542.366,1537,1548,11.61,414.526,15.998
ABS_ABC,2325,1542.366,1537,1548,11.61,413.526,15.998
ABS_ABC,2326,1542.366,1537,1548,11.61,412.526,15.998
ABS_ABC,2327,1542.031,1537,1548,10.741,411.526,15.9376
ABS_ABC,2328,1542.031,1537,1548,10.741,410.526,15.9376
ABS_ABC,2329,1542.031,1537,1548,10.741,409.526,15.9376
ABS_ABC,2330,1542.031,1537,1548,10.741,408.526,15.9376
ABS_ABC,2331,1541.64,1537,1548,9.877,407.526,15.8669
ABS_ABC,2332,1541.64,1537,1548,9.877,406.526,15.8669
ABS_ABC,2333,1541.64,1537,1548,9.877,405.526,15.8669
ABS_ABC,2334,1541.64,1537,1548,9.877,404.525,15.8669
ABS_ABC,2335,1540.5,1537,1544,8.0,403.525,15.661
ABS_ABC,2336,1540.5,1537,1544,8.0,402.525,15.661
ABS_ABC,2337,1540.5,1537,1544,8.0,401.525,15.661
ABS_ABC,2338,1540.5,1537,1544,8.0,400.525,15.661
ABS_ABC,2339,1538.5,1533,1544,12.0,399.525,15.2997
ABS_ABC,2340,1538.5,1533,1544,12.0,398.525,15.2997
ABS_ABC,2341,1538.5,1533,1544,12.0,397.525,15.2997
ABS_ABC,2342,1538.5,1533,1544,12.0,396.525,15.2997
ABS_ABC,2343,1538.231,1533,1544,11.244,395.525,15.2512
ABS_ABC,2344,1538.231,1533,1544,11.244,394.525,15.2512
ABS_ABC,2345,1538.231,1533,1544,11.244,393.525,15.2512
ABS_ABC,2346,1538.231,1533,1544,11.244,392.525,15.2512
ABS_ABC,2347,1537.924,1533,1544,10.489,391.525,15.1956
ABS_ABC,2348,1537.924,1533,1544,10.489,390.525,15.1956
ABS_ABC,2349,1537.924,1533,1544,10.489,389.525,15.1956
ABS_ABC,2350,1537.924,1533,1544,10.489,388.524,15.1956
ABS_ABC,2351,1537.513,1533,1544,9.625,387.524,15.1214
ABS_ABC,2352,1537.513,1533,1544,9.625,386.524,15.1214
ABS_ABC,2353,1537.513,1533,1544,9.625,385.524,15.1214
ABS_ABC,2354,1537.513,1533,1544,9.625,384.524,15.1214
ABS_ABC,2355,1538.5,1537,1540,2.637,383.524,15.2997
ABS_ABC,2356,1538.5,1537,1540,2.637,382.524,15.2997
ABS_ABC,2357,1538.5,1537,1540,2.637,381.524,15.2997
ABS_ABC,2358,1538.5,1537,1540,2.637,380.524,15.2997
ABS_ABC,2395,1528.089,1525,1532,6.637,343.522,13.4193
ABS_ABC,2396,1528.089,1525,1532,6.637,342.522,13.4193
ABS_ABC,2397,1528.089,1525,1532,6.637,341.522,13.4193
ABS_ABC,2398,1528.089,1525,1532,6.637,340.522,13.4193
ABS_ABC,2399,1526.274,1521,1532,11.358,339.522,13.0913
ABS_ABC,2400,1526.274,1521,1532,11.358,338.521,13.0913
ABS_ABC,2401,1526.274,1521,1532,11.358,337.521,13.0913
ABS_ABC,2402,1526.274,1521,1532,11.358,336.521,13.0913
ABS_ABC,2403,1525.973,1521,1532,10.603,335.521,13.0369
ABS_ABC,2404,1525.973,1521,1532,10.603,334.521,13.0369
ABS_ABC,2405,1525.973,1521,1532,10.603,333.521,13.0369
ABS_ABC,2406,1525.973,1521,1532,10.603,332.521,13.0369
ABS_ABC,2407,1525.583,1521,1532,9.763,331.521,12.9666
ABS_ABC,2408,1525.583,1521,1532,9.763,330.521,12.9666
ABS_ABC,2409,1525.583,1521,1532,9.763,329.521,12.9666
ABS_ABC,2410,1525.583,1521,1532,9.763,328.521,12.9666
ABS_ABC,2411,1525.088,1521,1532,8.869,327.521,12.8771
ABS_ABC,2412,1525.088,1521,1532,8.869,326.521,12.8771
ABS_ABC,2413,1525.088,1521,1532,8.869,325.521,12.8771
ABS_ABC,2414,1525.088,1521,1532,8.869,324.521,12.8771
ABS_ABC,2415,1522.5,1517,1528,12.0,323.521,12.4096
ABS_ABC,2416,1522.5,1517,1528,12.0,322.521,12.4096
ABS_ABC,2417,1522.5,1517,1528,12.0,321.52,12.4096
ABS_ABC,2418,1522.5,1517,1528,12.0,320.52,12.4096
ABS_ABC,2419,1522.231,1517,1528,11.244,319.52,12.3611
ABS_ABC,2420,1522.231,1517,1528,11.244,318.52,12.3611
ABS_ABC,2421,1522.231,1517,1528,11.244,317.52,12.3611
ABS_ABC,2422,1522.231,1517,1528,11.244,316.52,12.3611
ABS_ABC,2423,1521.863,1517,1528,10.351,315.52,12.2945
ABS_ABC,2424,1521.863,1517,1528,10.351,314.52,12.2945
ABS_ABC,2425,1521.863,1517,1528,10.351,313.52,12.2945
ABS_ABC,2426,1521.863,1517,1528,10.351,312.52,12.2945
ABS_ABC,2427,1521.453,1517,1528,9.511,311.52,12.2206
ABS_ABC,2428,1521.453,1517,1528,9.511,310.52,12.2206
ABS_ABC,2429,1521.453,1517,1528,9.511,309.52,12.2206
ABS_ABC,2430,1521.453,1517,1528,9.511,308.52,12.2206
ABS_ABC,2431,1521.018,1517,1528,8.756,307.52,12.1419
ABS_ABC,2432,1521.018,1517,1528,8.756,306.52,12.1419
ABS_ABC,2433,1521.018,1517,1528,8.756,305.52,12.1419
ABS_ABC,2434,1521.018,1517,1528,8.756,304.519,12.1419
ABS_ABC,2435,1518.414,1513,1524,11.748,303.519,11.6716
ABS_ABC,2436,1518.414,1513,1524,11.748,302.519,11.6716
ABS_ABC,2437,1518.414,1513,1524,11.748,301.519,11.6716
ABS_ABC,2438,1518.414,1513,1524,11.748,300.519,11.6716
ABS_ABC,2439,1518.133,1513,1524,10.993,299.519,11.6209
ABS_ABC,2440,1518.133,1513,1524,10.993,298.519,11.6209
ABS_ABC,2441,1518.133,1513,1524,10.993,297.519,11.6209
ABS_ABC,2442,1518.133,1513,1524,10.993,296.519,11.6209
ABS_ABC,2443,1517.811,1513,1524,10.237,295.519,11.5627
ABS_ABC,2444,1517.811,1513,1524,10.237,294.519,11.5627
ABS_ABC,2445,1517.811,1513,1524,10.237,293.519,11.5627
ABS_ABC,2446,1517.811,1513,1524,10.237,292.519,11.5627
ABS_ABC,2447,1517.316,1513,1524,9.259,291.519,11.4732
ABS_ABC,2448,1517.316,1513,1524,9.259,290.519,11.4732
ABS_ABC,2449,1517.316,1513,1524,9.259,289.519,11.4732
ABS_ABC,2450,1517.316,1513,1524,9.259,288.519,11.4732
ABS_ABC,2451,1516.855,1513,1524,8.504,287.518,11.39
ABS_ABC,2452,1516.855,1513,1524,8.504,286.518,11.39
ABS_ABC,2453,1516.855,1513,1524,8.504,285.518,11.39
ABS_ABC,2454,1516.855,1513,1524,8.504,284.518,11.39
ABS_ABC,2455,1514.373,1509,1520,11.632,283.518,10.9417
ABS_ABC,2456,1514.373,1509,1520,11.632,282.518,10.9417
ABS_ABC,2457,1514.373,1509,1520,11.632,281.518,10.9417
ABS_ABC,2458,1514.373,1509,1520,11.632,280.518,10.9417
ABS_ABC,2459,1514.031,1509,1520,10.741,279.518,10.8798
ABS_ABC,2460,1514.031,1509,1520,10.741,278.518,10.8798
ABS_ABC,2461,1514.031,1509,1520,10.741,277.518,10.8798
ABS_ABC,2462,1514.031,1509,1520,10.741,276.518,10.8798
ABS_ABC,2463,1513.707,1509,1520,10.015,275.518,10.8213
ABS_ABC,2464,1513.707,1509,1520,10.015,274.518,10.8213
ABS_ABC,2465,1513.707,1509,1520,10.015,273.518,10.8213
ABS_ABC,2466,1513.707,1509,1520,10.015,272.518,10.8213
ABS_ABC,2467,1513.237,1509,1520,9.121,271.517,10.7365
ABS_ABC,2468,1513.237,1509,1520,9.121,270.517,10.7365
ABS_ABC,2469,1513.237,1509,1520,9.121,269.517,10.7365
ABS_ABC,2470,1513.237,1509,1520,9.121,268.517,10.7365
ABS_ABC,2471,1510.5,1505,1516,12.0,267.517,10.242
ABS_ABC,2472,1510.5,1505,1516,12.0,266.517,10.242
ABS_ABC,2473,1510.5,1505,1516,12.0,265.517,10.242
ABS_ABC,2474,1510.5,1505,1516,12.0,264.517,10.242
ABS_ABC,2475,1510.337,1505,1516,11.531,263.517,10.2127
ABS_ABC,2476,1510.337,1505,1516,11.531,262.517,10.2127
ABS_ABC,2477,1510.337,1505,1516,11.531,261.517,10.2127
ABS_ABC,2478,1510.337,1505,1516,11.531,260.517,10.2127
ABS_ABC,2479,1509.973,1505,1516,10.603,259.517,10.1468
ABS_ABC,2480,1509.973,1505,1516,10.603,258.517,10.1468
ABS_ABC,2481,1509.973,1505,1516,10.603,257.517,10.1468
ABS_ABC,2482,1509.973,1505,1516,10.603,256.517,10.1468
ABS_ABC,2483,1511.144,1509,1516,4.697,255.517,10.3583
ABS_ABC,2484,1511.144,1509,1516,4.697,254.516,10.3583
ABS_ABC,2485,1511.144,1509,1516,4.697,253.516,10.3583
ABS_ABC,2486,1511.144,1509,1516,4.697,252.516,10.3583
ABS_ABC,2523,1498.5,1497,1500,4.0,215.514,8.0744
ABS_ABC,2524,1498.5,1497,1500,4.0,214.514,8.0744
ABS_ABC,2525,1498.5,1497,1500,4.0,213.514,8.0744
ABS_ABC,2526,1498.5,1497,1500,4.0,212.514,8.0744
ABS_ABC,2527,1500.5,1497,1504,8.0,211.514,8.4357
ABS_ABC,2528,1500.5,1497,1504,8.0,210.514,8.4357
ABS_ABC,2529,1500.5,1497,1504,8.0,209.514,8.4357
ABS_ABC,2530,1500.5,1497,1504,8.0,208.514,8.4357
ABS_ABC,2531,1498.404,1493,1504,11.719,207.514,8.0571
ABS_ABC,2532,1498.404,1493,1504,11.719,206.514,8.0571
ABS_ABC,2533,1498.404,1493,1504,11.719,205.514,8.0571
ABS_ABC,2534,1498.404,1493,1504,11.719,204.513,8.0571
ABS_ABC,2535,1496.5,1493,1500,8.0,203.513,7.7132
ABS_ABC,2536,1496.5,1493,1500,8.0,202.513,7.7132
ABS_ABC,2537,1496.5,1493,1500,8.0,201.513,7.7132
ABS_ABC,2538,1496.5,1493,1500,8.0,200.513,7.7132
ABS_ABC,2539,1496.5,1493,1500,8.0,199.513,7.7132
ABS_ABC,2540,1496.5,1493,1500,8.0,198.513,7.7132
ABS_ABC,2541,1496.5,1493,1500,8.0,197.513,7.7132
ABS_ABC,2542,1496.5,1493,1500,8.0,196.513,7.7132
ABS_ABC,2543,1497.316,1493,1504,9.259,195.513,7.8606
ABS_ABC,2544,1497.316,1493,1504,9.259,194.513,7.8606
ABS_ABC,2545,1497.316,1493,1504,9.259,193.513,7.8606
ABS_ABC,2546,1497.316,1493,1504,9.259,192.513,7.8606
ABS_ABC,2547,1494.508,1489,1500,11.976,191.513,7.3534
ABS_ABC,2548,1494.508,1489,1500,11.976,190.513,7.3534
ABS_ABC,2549,1494.508,1489,1500,11.976,189.513,7.3534
ABS_ABC,2550,1494.508,1489,1500,11.976,188.513,7.3534
ABS_ABC,2551,1494.374,1489,1500,11.633,187.512,7.3291
ABS_ABC,2552,1494.374,1489,1500,11.633,186.512,7.3291
ABS_ABC,2553,1494.374,1489,1500,11.633,185.512,7.3291
ABS_ABC,2554,1494.374,1489,1500,11.633,184.512,7.3291
ABS_ABC,2555,1494.094,1489,1500,10.894,183.512,7.2785
ABS_ABC,2556,1494.094,1489,1500,10.894,182.512,7.2785
ABS_ABC,2557,1494.094,1489,1500,10.894,181.512,7.2785
ABS_ABC,2558,1494.094,1489,1500,10.894,180.512,7.2785
ABS_ABC,2559,1493.583,1489,1500,9.763,179.512,7.1864
ABS_ABC,2560,1493.583,1489,1500,9.763,178.512,7.1864
ABS_ABC,2561,1493.583,1489,1500,9.763,177.512,7.1864
ABS_ABC,2562,1493.583,1489,1500,9.763,176.512,7.1864
ABS_ABC,2563,1493.171,1489,1500,9.007,175.512,7.1119
ABS_ABC,2564,1493.171,1489,1500,9.007,174.512,7.1119
ABS_ABC,2565,1493.171,1489,1500,9.007,173.512,7.1119
ABS_ABC,2566,1493.171,1489,1500,9.007,172.512,7.1119
ABS_ABC,2567,1490.5,1485,1496,12.0,171.511,6.6294
ABS_ABC,2568,1490.5,1485,1496,12.0,170.511,6.6294
ABS_ABC,2569,1490.5,1485,1496,12.0,169.511,6.6294
ABS_ABC,2570,1490.5,1485,1496,12.0,168.511,6.6294
ABS_ABC,2571,1490.314,1485,1496,11.467,167.511,6.5958
ABS_ABC,2572,1490.314,1485,1496,11.467,166.511,6.5958
ABS_ABC,2573,1490.314,1485,1496,11.467,165.511,6.5958
ABS_ABC,2574,1490.314,1485,1496,11.467,164.511,6.5958
ABS_ABC,2575,1489.923,1485,1496,10.487,163.511,6.5251
ABS_ABC,2576,1489.923,1485,1496,10.487,162.511,6.5251
ABS_ABC,2577,1489.923,1485,1496,10.487,161.511,6.5251
ABS_ABC,2578,1489.923,1485,1496,10.487,160.511,6.5251
ABS_ABC,2579,1489.453,1485,1496,9.511,159.511,6.4403
ABS_ABC,2580,1489.453,1485,1496,9.511,158.511,6.4403
ABS_ABC,2581,1489.453,1485,1496,9.511,157.511,6.4403
ABS_ABC,2582,1489.453,1485,1496,9.511,156.511,6.4403
ABS_ABC,2583,1489.018,1485,1496,8.756,155.511,6.3616
ABS_ABC,2584,1489.018,1485,1496,8.756,154.51,6.3616
ABS_ABC,2585,1489.018,1485,1496,8.756,153.51,6.3616
ABS_ABC,2586,1489.018,1485,1496,8.756,152.51,6.3616
ABS_ABC,2587,1486.459,1481,1492,11.879,151.51,5.8995
ABS_ABC,2588,1486.459,1481,1492,11.879,150.51,5.8995
ABS_ABC,2589,1486.459,1481,1492,11.879,149.51,5.8995
ABS_ABC,2590,1486.459,1481,1492,11.879,148.51,5.8995
ABS_ABC,2591,1486.237,1481,1492,11.26,147.51,5.8594
ABS_ABC,2592,1486.237,1481,1492,11.26,146.51,5.8594
ABS_ABC,2593,1486.237,1481,1492,11.26,145.51,5.8594
ABS_ABC,2594,1486.237,1481,1492,11.26,144.51,5.8594
ABS_ABC,2595,1485.846,1481,1492,10.314,143.51,5.7888
ABS_ABC,2596,1485.846,1481,1492,10.314,142.51,5.7888
ABS_ABC,2597,1485.846,1481,1492,10.314,141.51,5.7888
ABS_ABC,2598,1485.846,1481,1492,10.314,140.51,5.7888
ABS_ABC,2599,1485.316,1481,1492,9.259,139.51,5.693
ABS_ABC,2600,1485.316,1481,1492,9.259,138.51,5.693
ABS_ABC,2601,1485.316,1481,1492,9.259,137.509,5.693
ABS_ABC,2602,1485.316,1481,1492,9.259,136.509,5.693
ABS_ABC,2603,1484.855,1481,1492,8.504,135.509,5.6098
ABS_ABC,2604,1484.855,1481,1492,8.504,134.509,5.6098
ABS_ABC,2605,1484.855,1481,1492,8.504,133.509,5.6098
ABS_ABC,2606,1484.855,1481,1492,8.504,132.509,5.6098
ABS_ABC,2607,1482.424,1477,1488,11.776,131.509,5.1706
ABS_ABC,2608,1482.424,1477,1488,11.776,130.509,5.1706
ABS_ABC,2609,1482.424,1477,1488,11.776,129.509,5.1706
ABS_ABC,2610,1482.424,1477,1488,11.776,128.509,5.1706
ABS_ABC,2611,1482.5,1481,1484,4.0,127.509,5.1843
ABS_ABC,2612,1482.5,1481,1484,4.0,126.509,5.1843
ABS_ABC,2613,1482.5,1481,1484,4.0,125.509,5.1843
ABS_ABC,2614,1482.5,1481,1484,4.0,124.509,5.1843
ABS_ABC,2655,1472.93,1469,1480,8.617,83.506,3.4556
ABS_ABC,2656,1472.93,1469,1480,8.617,82.506,3.4556
ABS_ABC,2657,1472.93,1469,1480,8.617,81.506,3.4556
ABS_ABC,2658,1472.93,1469,1480,8.617,80.506,3.4556
ABS_ABC,2659,1472.93,1469,1480,8.617,79.506,3.4556
ABS_ABC,2660,1472.93,1469,1480,8.617,78.506,3.4556
ABS_ABC,2661,1472.93,1469,1480,8.617,77.506,3.4556
ABS_ABC,2662,1472.93,1469,1480,8.617,76.506,3.4556
ABS_ABC,2663,1470.459,1465,1476,11.879,75.506,3.0094
ABS_ABC,2664,1470.459,1465,1476,11.879,74.506,3.0094
ABS_ABC,2665,1470.459,1465,1476,11.879,73.506,3.0094
ABS_ABC,2666,1470.459,1465,1476,11.879,72.506,3.0094
ABS_ABC,2667,1470.208,1465,1476,11.184,71.505,2.964
ABS_ABC,2668,1470.208,1465,1476,11.184,70.505,2.964
ABS_ABC,2669,1470.208,1465,1476,11.184,69.505,2.964
ABS_ABC,2670,1470.208,1465,1476,11.184,68.505,2.964
ABS_ABC,2671,1469.788,1465,1476,10.186,67.505,2.8881
ABS_ABC,2672,1469.788,1465,1476,10.186,66.505,2.8881
ABS_ABC,2673,1469.788,1465,1476,10.186,65.505,2.8881
ABS_ABC,2674,1469.788,1465,1476,10.186,64.505,2.8881
ABS_ABC,2675,1469.316,1465,1476,9.259,63.505,2.8029
ABS_ABC,2676,1469.316,1465,1476,9.259,62.505,2.8029
ABS_ABC,2677,1469.316,1465,1476,9.259,61.505,2.8029
ABS_ABC,2678,1469.316,1465,1476,9.259,60.505,2.8029
ABS_ABC,2679,1466.508,1461,1472,11.976,59.505,2.2957
ABS_ABC,2680,1466.508,1461,1472,11.976,58.505,2.2957
ABS_ABC,2681,1466.508,1461,1472,11.976,57.505,2.2957
ABS_ABC,2682,1466.508,1461,1472,11.976,56.505,2.2957
ABS_ABC,2683,1464.5,1461,1468,8.0,55.505,1.9329
ABS_ABC,2684,1464.5,1461,1468,8.0,54.504,1.9329
ABS_ABC,2685,1464.5,1461,1468,8.0,53.504,1.9329
ABS_ABC,2686,1464.5,1461,1468,8.0,52.504,1.9329
ABS_ABC,2687,1464.5,1461,1468,8.0,51.504,1.9329
ABS_ABC,2688,1464.5,1461,1468,8.0,50.504,1.9329
ABS_ABC,2689,1464.5,1461,1468,8.0,49.504,1.9329
ABS_ABC,2690,1464.5,1461,1468,8.0,48.504,1.9329
ABS_ABC,2691,1464.5,1461,1468,8.0,47.504,1.9329
ABS_ABC,2692,1464.5,1461,1468,8.0,46.504,1.9329
ABS_ABC,2693,1464.5,1461,1468,8.0,45.504,1.9329
ABS_ABC,2694,1464.5,1461,1468,8.0,44.504,1.9329
ABS_ABC,2695,1465.2,1461,1472,9.057,43.504,2.0595
ABS_ABC,2696,1465.2,1461,1472,9.057,42.504,2.0595
ABS_ABC,2697,1465.2,1461,1472,9.057,41.504,2.0595
ABS_ABC,2698,1465.2,1461,1472,9.057,40.504,2.0595
ABS_ABC,2699,1462.497,1457,1468,11.99,39.504,1.5711
ABS_ABC,2700,1462.497,1457,1468,11.99,38.504,1.5711
ABS_ABC,2701,1462.497,1457,1468,11.99,37.503,1.5711
ABS_ABC,2702,1462.497,1457,1468,11.99,36.503,1.5711
ABS_ABC,2703,1460.5,1457,1464,8.0,35.503,1.2104
ABS_ABC,2704,1460.5,1457,1464,8.0,34.503,1.2104
ABS_ABC,2705,1460.5,1457,1464,8.0,33.503,1.2104
ABS_ABC,2706,1460.5,1457,1464,8.0,32.503,1.2104
ABS_ABC,2707,1460.5,1457,1464,8.0,31.503,1.2104
ABS_ABC,2708,1460.5,1457,1464,8.0,30.503,1.2104
ABS_ABC,2709,1460.5,1457,1464,8.0,29.503,1.2104
ABS_ABC,2710,1460.5,1457,1464,8.0,28.503,1.2104
ABS_ABC,2711,1460.5,1457,1464,8.0,27.503,1.2104
ABS_ABC,2712,1460.5,1457,1464,8.0,26.503,1.2104
ABS_ABC,2713,1460.5,1457,1464,8.0,25.503,1.2104
ABS_ABC,2714,1460.5,1457,1464,8.0,24.503,1.2104
ABS_ABC,2715,1461.119,1457,1468,8.92,23.503,1.3221
ABS_ABC,2716,1461.119,1457,1468,8.92,22.503,1.3221
ABS_ABC,2717,1461.119,1457,1468,8.92,21.502,1.3221
ABS_ABC,2718,1461.119,1457,1468,8.92,20.502,1.3221
ABS_ABC,2719,1456.5,1453,1460,8.0,19.502,0.4879
ABS_ABC,2720,1456.5,1453,1460,8.0,18.502,0.4879
ABS_ABC,2721,1456.5,1453,1460,8.0,17.502,0.4879
ABS_ABC,2722,1456.5,1453,1460,8.0,16.502,0.4879
ABS_ABC,2723,1456.5,1453,1460,8.0,15.502,0.4879
ABS_ABC,2724,1456.5,1453,1460,8.0,14.502,0.4879
ABS_ABC,2725,1456.5,1453,1460,8.0,13.502,0.4879
ABS_ABC,2726,1456.5,1453,1460,8.0,12.502,0.4879
ABS_ABC,2727,1456.5,1453,1460,8.0,11.502,0.4879
ABS_ABC,2728,1456.5,1453,1460,8.0,10.502,0.4879
ABS_ABC,2729,1456.5,1453,1460,8.0,9.502,0.4879
ABS_ABC,2730,1456.5,1453,1460,8.0,8.502,0.4879
ABS_ABC,2731,1456.5,1453,1460,8.0,7.502,0.4879
ABS_ABC,2732,1456.5,1453,1460,8.0,6.502,0.4879
ABS_ABC,2733,1456.5,1453,1460,8.0,5.502,0.4879
ABS_ABC,2734,1456.5,1453,1460,8.0,4.501,0.4879
ABS_ABC,2735,1456.5,1453,1460,8.0,3.501,0.4879
ABS_ABC,2736,1456.5,1453,1460,8.0,2.501,0.4879
ABS_ABC,2737,1456.5,1453,1460,8.0,1.501,0.4879
ABS_ABC,2738,1456.5,1453,1460,8.0,0.501,0.4879
ABS_ABC,2739,1454.5,1453,1456,4.0,-0.499,0.1266
